,ax,ay,az,gx,gy,gz,time_diff,timestamp_x,gz_raw,theta,faceBottom,faceLeft,faceRight,faceTop,isFrontFace,noseX,noseY,time,timestamp_y
0,,,,-29.0,16.0,0.0268292682927,0.359419107437,1449015463.69,-15.0,0.00482147583147,128,109,225,12,1,164.428573608,100.0,1449015463.5,1449015463.91
1,-13192.0,768.0,7462.0,-27.0,16.0,0.0268292682927,0.106635093689,1449015463.8,-14.0,0.00768241736947,128,109,225,12,1,164.428573608,100.0,1449015463.5,1449015463.91
2,-13368.0,756.0,7456.0,-29.0,16.0,0.0878048780488,0.111820936203,1449015463.91,-15.0,0.0140916661518,128,109,225,12,1,164.428573608,100.0,1449015463.5,1449015463.91
3,-13192.0,768.0,7462.0,-27.0,16.0,0.0268292682927,0.10991692543,1449015464.02,-14.0,0.0203917826094,131,114,235,10,1,172.506896973,96.6759109497,1449015464.01,1449015464.04
4,-13180.0,750.0,7354.0,-31.0,16.0,-0.0341463414634,1.8164999485,1449015465.83,-17.0,0.0137460510905,-1,-1,-1,-1,0,235.305358887,119.263694763,1449015464.6,1449015464.62
5,-13350.0,776.0,7288.0,-28.0,19.0,-0.0341463414634,0.113174200058,1449015465.95,-16.0,0.00988156621049,-1,-1,-1,-1,0,235.305358887,119.263694763,1449015464.6,1449015464.62
6,-13118.0,666.0,7448.0,-27.0,15.0,0.0268292682927,0.112142801285,1449015466.06,-12.0,0.00947128766921,-1,-1,-1,-1,0,235.305358887,119.263694763,1449015464.6,1449015464.62
7,-13374.0,666.0,7456.0,-28.0,16.0,0.0268292682927,0.104416131973,1449015466.16,-15.0,0.012272696088,-1,-1,-1,-1,0,235.305358887,119.263694763,1449015464.6,1449015464.62
8,-13218.0,830.0,7568.0,-28.0,17.0,0.0268292682927,0.101378917694,1449015466.26,-15.0,0.01499261827,-1,-1,-1,-1,0,235.305358887,119.263694763,1449015464.6,1449015464.62
9,-13318.0,794.0,7372.0,-28.0,12.0,0.0268292682927,0.106621980667,1449015466.37,-14.0,0.0178532079953,-1,-1,-1,-1,0,235.305358887,119.263694763,1449015464.6,1449015464.62
10,-13330.0,708.0,7504.0,-29.0,13.0,0.0878048780488,0.103135108948,1449015466.47,-15.0,0.0237646105813,-1,-1,-1,-1,0,235.305358887,119.263694763,1449015464.6,1449015464.62
11,-13256.0,790.0,7430.0,-29.0,16.0,0.0878048780488,0.103021860123,1449015466.58,-14.0,0.0328104324457,-1,-1,-1,-1,0,235.305358887,119.263694763,1449015464.6,1449015464.62
12,-13186.0,714.0,7456.0,-28.0,13.0,0.0878048780488,0.104429006577,1449015466.68,-13.0,0.0419798086329,-1,-1,-1,-1,0,235.305358887,119.263694763,1449015464.6,1449015464.62
13,-13324.0,768.0,7492.0,-28.0,15.0,-0.0341463414634,0.110593080521,1449015466.79,-16.0,0.0449469400615,-1,-1,-1,-1,0,235.305358887,119.263694763,1449015464.6,1449015464.62
14,-13288.0,748.0,7448.0,-28.0,15.0,-0.0341463414634,0.102766036987,1449015466.9,-17.0,0.0414378558717,-1,-1,-1,-1,0,235.305358887,119.263694763,1449015464.6,1449015464.62
15,-13190.0,732.0,7548.0,-29.0,13.0,0.0268292682927,0.104650020599,1449015467.0,-15.0,0.0410549899427,-1,-1,-1,-1,0,235.305358887,119.263694763,1449015464.6,1449015464.62
16,-13444.0,762.0,7408.0,-28.0,16.0,0.0878048780488,0.101327896118,1449015467.1,-14.0,0.0468628083787,-1,-1,-1,-1,0,235.305358887,119.263694763,1449015464.6,1449015464.62
17,-13164.0,756.0,7430.0,-30.0,15.0,0.0878048780488,0.104211091995,1449015467.21,-14.0,0.0560130506027,-1,-1,-1,-1,0,235.305358887,119.263694763,1449015464.6,1449015464.62
18,-13558.0,970.0,7290.0,-23.0,11.0,0.0878048780488,0.116425991058,1449015467.32,-12.0,0.0662358205493,-1,-1,-1,-1,0,235.305358887,119.263694763,1449015464.6,1449015464.62
19,-13192.0,852.0,7570.0,-29.0,10.0,0.0268292682927,0.119482040405,1449015467.44,-16.0,0.0730841814018,-1,-1,-1,-1,0,235.305358887,119.263694763,1449015464.6,1449015464.62
20,-13290.0,726.0,7460.0,-28.0,17.0,0.0268292682927,0.104519844055,1449015467.55,-15.0,0.0758883723399,-1,-1,-1,-1,0,235.305358887,119.263694763,1449015464.6,1449015464.62
21,-13182.0,778.0,7416.0,-27.0,11.0,0.0268292682927,0.107403039932,1449015467.65,-14.0,0.0787699173136,-1,-1,-1,-1,0,235.305358887,119.263694763,1449015464.6,1449015464.62
22,-13194.0,850.0,7568.0,-29.0,14.0,0.0268292682927,0.110742092133,1449015467.76,-15.0,0.0817410466148,-1,-1,-1,-1,0,235.305358887,119.263694763,1449015464.6,1449015464.62
23,-13266.0,828.0,7432.0,-27.0,16.0,0.0268292682927,0.102208852768,1449015467.87,-15.0,0.0844832353476,-1,-1,-1,-1,0,235.305358887,119.263694763,1449015464.6,1449015464.62
24,-13286.0,766.0,7350.0,-30.0,14.0,0.0268292682927,0.102230072021,1449015467.97,-17.0,0.0872259933774,-1,-1,-1,-1,0,235.305358887,119.263694763,1449015464.6,1449015464.62
25,-13550.0,798.0,7386.0,-28.0,20.0,-0.0951219512195,0.10480594635,1449015468.07,-13.0,0.0836472537459,-1,-1,-1,-1,0,235.305358887,119.263694763,1449015464.6,1449015464.62
26,-13276.0,816.0,7392.0,-25.0,12.0,0.0878048780488,0.10511302948,1449015468.18,-17.0,0.083262693882,-1,-1,-1,-1,0,235.305358887,119.263694763,1449015464.6,1449015464.62
27,-13200.0,762.0,7538.0,-29.0,11.0,0.0878048780488,0.104978084564,1449015468.28,-14.0,0.0924802817949,-1,-1,-1,-1,0,235.305358887,119.263694763,1449015464.6,1449015464.62
28,-13238.0,800.0,7478.0,-24.0,17.0,0.0878048780488,0.111229896545,1449015468.39,-14.0,0.102246809296,-1,-1,-1,-1,0,235.305358887,119.263694763,1449015464.6,1449015464.62
29,-13298.0,782.0,7542.0,-30.0,14.0,0.0878048780488,0.104907035828,1449015468.5,-14.0,0.111458158784,-1,-1,-1,-1,0,235.305358887,119.263694763,1449015464.6,1449015464.62
30,-13274.0,716.0,7458.0,-27.0,14.0,0.0878048780488,0.111436128616,1449015468.61,-15.0,0.121242794467,-1,-1,-1,-1,0,235.305358887,119.263694763,1449015464.6,1449015464.62
31,-13290.0,756.0,7528.0,-28.0,14.0,0.0268292682927,0.111968994141,1449015468.72,-13.0,0.127660529497,-1,-1,-1,-1,0,235.305358887,119.263694763,1449015464.6,1449015464.62
32,-13284.0,706.0,7530.0,-28.0,18.0,0.0268292682927,0.103326797485,1449015468.83,-15.0,0.130432711869,-1,-1,-1,-1,0,235.305358887,119.263694763,1449015464.6,1449015464.62
33,-13198.0,784.0,7498.0,-28.0,12.0,0.0268292682927,0.105032205582,1449015468.93,-17.0,0.133250649092,-1,-1,-1,-1,0,235.305358887,119.263694763,1449015464.6,1449015464.62
34,-13328.0,762.0,7490.0,-27.0,16.0,0.0268292682927,0.105796813965,1449015469.04,-13.0,0.136089100198,-1,-1,-1,-1,0,235.305358887,119.263694763,1449015464.6,1449015464.62
35,-13268.0,708.0,7472.0,-30.0,15.0,0.0268292682927,0.103416204453,1449015469.14,-15.0,0.138863681293,-1,-1,-1,-1,0,235.305358887,119.263694763,1449015464.6,1449015464.62
36,-13198.0,690.0,7530.0,-29.0,13.0,0.0268292682927,0.10791683197,1449015469.25,-16.0,0.141759010931,-1,-1,-1,-1,0,235.305358887,119.263694763,1449015464.6,1449015464.62
37,-13246.0,782.0,7386.0,-26.0,14.0,0.0268292682927,0.10332608223,1449015469.35,-15.0,0.144531174113,-1,-1,-1,-1,0,235.305358887,119.263694763,1449015464.6,1449015464.62
38,-13298.0,740.0,7488.0,-29.0,15.0,0.0268292682927,0.106287956238,1449015469.46,-15.0,0.147382802207,-1,-1,-1,-1,0,235.305358887,119.263694763,1449015464.6,1449015464.62
39,-13268.0,724.0,7540.0,-29.0,15.0,0.0268292682927,0.10352897644,1449015469.56,-16.0,0.150160408892,-1,-1,-1,-1,0,235.305358887,119.263694763,1449015464.6,1449015464.62
40,-13280.0,732.0,7510.0,-28.0,15.0,0.0268292682927,0.101068973541,1449015469.66,-15.0,0.152872015499,-1,-1,-1,-1,0,235.305358887,119.263694763,1449015464.6,1449015464.62
41,-13316.0,754.0,7462.0,-28.0,17.0,0.0268292682927,0.106353998184,1449015469.77,-15.0,0.155725415451,-1,-1,-1,-1,0,235.305358887,119.263694763,1449015464.6,1449015464.62
42,-13258.0,726.0,7476.0,-29.0,16.0,0.0268292682927,0.110915184021,1449015469.88,-15.0,0.158701188681,-1,-1,-1,-1,0,235.305358887,119.263694763,1449015464.6,1449015464.62
43,-13200.0,744.0,7518.0,-29.0,14.0,0.0878048780488,0.106067895889,1449015469.99,-14.0,0.16478069003,-1,-1,-1,-1,0,235.305358887,119.263694763,1449015464.6,1449015464.62
44,-13246.0,766.0,7402.0,-28.0,15.0,0.148780487805,0.101733922958,1449015470.09,-13.0,0.176815068722,-1,-1,-1,-1,0,235.305358887,119.263694763,1449015464.6,1449015464.62
45,-13260.0,742.0,7492.0,-27.0,16.0,0.148780487805,0.100769996643,1449015470.19,-12.0,0.191807677978,-1,-1,-1,-1,0,235.305358887,119.263694763,1449015464.6,1449015464.62
46,-13314.0,814.0,7492.0,-27.0,13.0,0.0878048780488,0.104464054108,1449015470.29,-14.0,0.204165011208,-1,-1,-1,-1,0,235.305358887,119.263694763,1449015464.6,1449015464.62
47,-13286.0,788.0,7444.0,-27.0,15.0,0.0268292682927,0.101449012756,1449015470.39,-15.0,0.209979771695,-1,-1,-1,-1,0,235.305358887,119.263694763,1449015464.6,1449015464.62
48,-13274.0,836.0,7488.0,-29.0,16.0,0.0268292682927,0.113980054855,1449015470.51,-16.0,0.213037773167,-1,-1,-1,-1,0,235.305358887,119.263694763,1449015464.6,1449015464.62
49,-13222.0,788.0,7452.0,-29.0,12.0,-0.0341463414634,0.103625059128,1449015470.61,-15.0,0.212658657097,-1,-1,-1,-1,0,235.305358887,119.263694763,1449015464.6,1449015464.62
50,-13360.0,566.0,7462.0,-30.0,17.0,0.0268292682927,0.10528588295,1449015470.72,-16.0,0.212273464843,-1,-1,-1,-1,0,235.305358887,119.263694763,1449015464.6,1449015464.62
51,-13272.0,784.0,7444.0,-28.0,15.0,0.0878048780488,0.118405103683,1449015470.84,-14.0,0.219060098834,-1,-1,-1,-1,0,235.305358887,119.263694763,1449015464.6,1449015464.62
52,-13274.0,746.0,7478.0,-28.0,15.0,0.0878048780488,0.102796792984,1449015470.94,-14.0,0.228086158706,-1,-1,-1,-1,0,235.305358887,119.263694763,1449015464.6,1449015464.62
53,-13352.0,732.0,7466.0,-28.0,16.0,-0.0341463414634,0.110230207443,1449015471.05,-16.0,0.231043554515,-1,-1,-1,-1,0,235.305358887,119.263694763,1449015464.6,1449015464.62
54,-13272.0,842.0,7484.0,-30.0,14.0,-0.0341463414634,0.122809886932,1449015471.17,-16.0,0.226850046181,-1,-1,-1,-1,0,235.305358887,119.263694763,1449015464.6,1449015464.62
55,-13280.0,812.0,7494.0,-30.0,13.0,-0.339024390244,0.10511302948,1449015471.28,-21.0,0.20723749312,-1,-1,-1,-1,0,235.305358887,119.263694763,1449015464.6,1449015464.62
56,-13270.0,852.0,7418.0,-35.0,17.0,-2.9,0.106602907181,1449015471.38,-63.0,0.0345927849049,-1,-1,-1,-1,0,235.305358887,119.263694763,1449015464.6,1449015464.62
57,-13320.0,400.0,7520.0,-31.0,21.0,-2.9,0.111433029175,1449015471.49,-91.0,-0.288562999702,-1,-1,-1,-1,0,235.305358887,119.263694763,1449015464.6,1449015464.62
58,-13336.0,592.0,7392.0,-27.0,17.0,0.0878048780488,0.106950044632,1449015471.6,-8.0,-0.438945196605,-1,-1,-1,-1,0,235.305358887,119.263694763,1449015464.6,1449015464.62
59,-13258.0,516.0,7496.0,-28.0,17.0,0.0878048780488,0.109524965286,1449015471.71,-14.0,-0.429328370385,-1,-1,-1,-1,0,235.305358887,119.263694763,1449015464.6,1449015464.62
60,-13316.0,580.0,7430.0,-28.0,18.0,0.0878048780488,0.108330011368,1449015471.82,-14.0,-0.419816466948,-1,-1,-1,-1,0,235.305358887,119.263694763,1449015464.6,1449015464.62
61,-13282.0,552.0,7446.0,-29.0,14.0,-0.0341463414634,0.103371143341,1449015471.92,-16.0,-0.417043094809,-1,-1,-1,-1,0,235.305358887,119.263694763,1449015464.6,1449015464.62
62,-13324.0,808.0,7414.0,-30.0,15.0,-1.80243902439,0.106707811356,1449015472.03,-45.0,-0.515032097188,-1,-1,-1,-1,0,235.305358887,119.263694763,1449015464.6,1449015464.62
63,-13260.0,754.0,7486.0,-35.0,19.0,-7.65609756098,0.103600978851,1449015472.13,-141.0,-1.00498892156,-1,-1,-1,-1,0,235.305358887,119.263694763,1449015464.6,1449015464.62
64,-13288.0,156.0,7470.0,-33.0,21.0,-7.65609756098,0.104828119278,1449015472.24,-146.0,-1.80756322989,-1,-1,-1,-1,0,235.305358887,119.263694763,1449015464.6,1449015464.62
65,-13338.0,-182.0,7506.0,-33.0,18.0,-3.93658536585,0.100733995438,1449015472.34,-80.0,-2.39145186442,-1,-1,-1,-1,0,235.305358887,119.263694763,1449015464.6,1449015464.62
66,-13366.0,0.0,7420.0,-29.0,15.0,0.270731707317,0.10556602478,1449015472.44,-11.0,-2.5849466635,-1,-1,-1,-1,0,235.305358887,119.263694763,1449015464.6,1449015464.62
67,-13358.0,-26.0,7424.0,-28.0,15.0,0.270731707317,0.103679895401,1449015472.55,-11.0,-2.5568772284,-1,-1,-1,-1,0,235.305358887,119.263694763,1449015464.6,1449015464.62
68,-13302.0,-12.0,7464.0,-28.0,14.0,0.0268292682927,0.10381603241,1449015472.65,-15.0,-2.54143142846,-1,-1,-1,-1,0,235.305358887,119.263694763,1449015464.6,1449015464.62
69,-13362.0,-2.0,7444.0,-28.0,15.0,0.0268292682927,0.117274999619,1449015472.77,-17.0,-2.53828502603,-1,-1,-1,-1,0,235.305358887,119.263694763,1449015464.6,1449015464.62
70,-13366.0,-26.0,7448.0,-28.0,16.0,0.148780487805,0.106805086136,1449015472.88,-13.0,-2.52890701846,-1,-1,-1,-1,0,235.305358887,119.263694763,1449015464.6,1449015464.62
71,-13338.0,-54.0,7476.0,-27.0,18.0,0.392682926829,0.111217021942,1449015472.99,-9.0,-2.49879704423,-1,-1,-1,-1,0,235.305358887,119.263694763,1449015464.6,1449015464.62
72,-13266.0,-358.0,7468.0,-29.0,22.0,4.0512195122,0.110069036484,1449015473.1,53.0,-2.25422901439,-1,-1,-1,-1,0,235.305358887,119.263694763,1449015464.6,1449015464.62
73,-13364.0,286.0,7366.0,-24.0,11.0,4.0512195122,0.105543851852,1449015473.2,51.0,-1.82664770237,-1,-1,-1,-1,0,235.305358887,119.263694763,1449015464.6,1449015464.62
74,-13352.0,180.0,7410.0,-27.0,14.0,2.1,0.103327035904,1449015473.31,-12.0,-1.50885406267,-1,-1,-1,-1,0,235.305358887,119.263694763,1449015464.6,1449015464.62
75,-13366.0,128.0,7456.0,-27.0,16.0,2.1,0.108539104462,1449015473.41,19.0,-1.2809219433,-1,-1,-1,-1,0,235.305358887,119.263694763,1449015464.6,1449015464.62
76,-13342.0,294.0,7396.0,-23.0,8.0,5.33170731707,0.12455201149,1449015473.54,96.0,-0.818104895731,-1,-1,-1,-1,0,235.305358887,119.263694763,1449015464.6,1449015464.62
77,-13282.0,576.0,7456.0,-23.0,14.0,6.79512195122,0.102137804031,1449015473.64,72.0,-0.198801040068,-1,-1,-1,-1,0,235.305358887,119.263694763,1449015464.6,1449015464.62
78,-13230.0,588.0,7482.0,-19.0,15.0,7.1,0.114259958267,1449015473.76,101.0,0.595026987064,-1,-1,-1,-1,0,235.305358887,119.263694763,1449015464.6,1449015464.62
79,-13232.0,770.0,7508.0,-15.0,12.0,16.856097561,0.108281135559,1449015473.86,261.0,1.8920237108,-1,-1,-1,-1,0,235.305358887,119.263694763,1449015464.6,1449015464.62
80,-13152.0,1836.0,7586.0,-16.0,-1.0,16.856097561,0.110895872116,1449015473.97,268.0,3.7612953503,-1,-1,-1,-1,0,235.305358887,119.263694763,1449015464.6,1449015464.62
81,-13226.0,1744.0,7422.0,-19.0,9.0,14.6,0.107719182968,1449015474.08,164.0,5.45550791461,-1,-1,-1,-1,0,235.305358887,119.263694763,1449015464.6,1449015464.62
82,-13062.0,2000.0,7554.0,-17.0,2.0,12.7707317073,0.109730958939,1449015474.19,224.0,6.95721623316,-1,-1,-1,-1,0,235.305358887,119.263694763,1449015464.6,1449015464.62
83,-12998.0,2338.0,7474.0,-19.0,6.0,14.4780487805,0.105051040649,1449015474.3,194.0,8.3884726065,-1,-1,-1,-1,0,235.305358887,119.263694763,1449015464.6,1449015464.62
84,-12882.0,2732.0,7488.0,-15.0,8.0,14.4780487805,0.109115839005,1449015474.41,222.0,9.96825704633,-1,-1,-1,-1,0,235.305358887,119.263694763,1449015464.6,1449015464.62
85,-12820.0,3794.0,7508.0,-15.0,5.0,14.4780487805,0.103475093842,1449015474.51,285.0,11.4663745025,-1,-1,-1,-1,0,235.305358887,119.263694763,1449015464.6,1449015464.62
86,-12814.0,3824.0,7526.0,-23.0,14.0,3.80731707317,0.105020046234,1449015474.61,47.0,12.4265394862,-1,-1,-1,-1,0,235.305358887,119.263694763,1449015464.6,1449015464.62
87,-12816.0,3414.0,7566.0,-30.0,12.0,2.77073170732,0.107266902924,1449015474.72,-12.0,12.7793429462,-1,-1,-1,-1,0,235.305358887,119.263694763,1449015464.6,1449015464.62
88,-12754.0,3372.0,7566.0,-24.0,13.0,2.77073170732,0.107861042023,1449015474.83,30.0,13.0781969553,-1,-1,-1,-1,0,235.305358887,119.263694763,1449015464.6,1449015464.62
89,-12706.0,3250.0,7552.0,-21.0,16.0,7.52682926829,0.108202934265,1449015474.94,108.0,13.635310112,-1,-1,-1,-1,0,235.305358887,119.263694763,1449015464.6,1449015464.62
90,-12592.0,3850.0,7574.0,-19.0,12.0,7.52682926829,0.107218027115,1449015475.05,136.0,14.4423218966,-1,-1,-1,-1,0,235.305358887,119.263694763,1449015464.6,1449015464.62
91,-12486.0,4224.0,7572.0,-22.0,9.0,4.90487804878,0.103157997131,1449015475.15,65.0,15.0835369104,-1,-1,-1,-1,0,235.305358887,119.263694763,1449015464.6,1449015464.62
92,-12626.0,4008.0,7590.0,-26.0,18.0,0.0268292682927,0.11004114151,1449015475.26,-15.0,15.3548822618,-1,-1,-1,-1,0,235.305358887,119.263694763,1449015464.6,1449015464.62
93,-12530.0,4086.0,7560.0,-30.0,13.0,-0.521951219512,0.106563806534,1449015475.36,-24.0,15.3285012219,-1,-1,-1,-1,0,235.305358887,119.263694763,1449015464.6,1449015464.62
94,-12076.0,4538.0,7854.0,-37.0,5.0,-0.521951219512,0.10443520546,1449015475.47,-132.0,15.2739911391,-1,-1,-1,-1,0,235.305358887,119.263694763,1449015464.6,1449015464.62
95,-12610.0,3738.0,7594.0,-28.0,12.0,-0.156097560976,0.104497909546,1449015475.57,-13.0,15.238563799,-1,-1,-1,-1,0,235.305358887,119.263694763,1449015464.6,1449015464.62
96,-12662.0,3746.0,7596.0,-28.0,14.0,-0.156097560976,0.103854894638,1449015475.68,-18.0,15.2223523032,-1,-1,-1,-1,0,235.305358887,119.263694763,1449015464.6,1449015464.62
97,-12644.0,3844.0,7534.0,-31.0,19.0,-3.32682926829,0.104001045227,1449015475.78,-70.0,15.0412382879,-1,-1,-1,-1,0,235.305358887,119.263694763,1449015464.6,1449015464.62
98,-12760.0,4158.0,7610.0,-41.0,17.0,-10.4609756098,0.101598024368,1449015475.88,-187.0,14.3408314199,-1,-1,-1,-1,0,235.305358887,119.263694763,1449015464.6,1449015464.62
99,-12874.0,3560.0,7566.0,-49.0,26.0,-21.1317073171,0.106523990631,1449015475.99,-362.0,12.6581420898,-1,-1,-1,-1,0,235.305358887,119.263694763,1449015464.6,1449015464.62
100,-13056.0,2180.0,7454.0,-47.0,30.0,-21.1317073171,0.102425098419,1449015476.09,-380.0,10.4937248881,-1,-1,-1,-1,0,235.305358887,119.263694763,1449015464.6,1449015464.62
101,-13070.0,2220.0,7506.0,-44.0,25.0,-22.2292682927,0.101034879684,1449015476.19,-335.0,8.30323941126,-1,-1,-1,-1,0,235.305358887,119.263694763,1449015464.6,1449015464.62
102,-12894.0,1602.0,7898.0,-49.0,19.0,-28.143902439,0.101174116135,1449015476.29,-477.0,5.75500889842,-1,-1,-1,-1,0,235.305358887,119.263694763,1449015464.6,1449015464.62
103,-13172.0,366.0,7522.0,-44.0,31.0,-28.143902439,0.10554599762,1449015476.4,-488.0,2.78453263858,-1,-1,-1,-1,0,235.305358887,119.263694763,1449015464.6,1449015464.62
104,-13292.0,-460.0,7460.0,-43.0,27.0,-25.2170731707,0.104095935822,1449015476.5,-429.0,0.00720229236091,-1,-1,-1,-1,0,235.305358887,119.263694763,1449015464.6,1449015464.62
105,-13390.0,-970.0,7368.0,-44.0,29.0,-25.2170731707,0.102907896042,1449015476.61,-414.0,-2.58783365197,-1,-1,-1,-1,0,235.305358887,119.263694763,1449015464.6,1449015464.62
106,-13226.0,-1674.0,7356.0,-48.0,26.0,-24.3024390244,0.105032205582,1449015476.71,-471.0,-5.18840544456,-1,-1,-1,-1,0,235.305358887,119.263694763,1449015464.6,1449015464.62
107,-13180.0,-2212.0,7376.0,-39.0,24.0,-17.7780487805,0.104496955872,1449015476.82,-307.0,-7.38704688316,-1,-1,-1,-1,0,235.305358887,119.263694763,1449015464.6,1449015464.62
108,-13272.0,-2734.0,7284.0,-19.0,21.0,-1.00975609756,0.104416847229,1449015476.92,-32.0,-8.36792855902,-1,-1,-1,-1,0,235.305358887,119.263694763,1449015464.6,1449015464.62
109,-13184.0,-1828.0,7146.0,-26.0,20.0,6.67317073171,0.101622104645,1449015477.02,94.0,-8.08016450173,-1,-1,-1,-1,0,235.305358887,119.263694763,1449015464.6,1449015464.62
110,-13320.0,-1738.0,7300.0,-23.0,20.0,6.67317073171,0.1039249897,1449015477.13,111.0,-7.38665530216,-1,-1,-1,-1,0,235.305358887,119.263694763,1449015464.6,1449015464.62
111,-13316.0,-1822.0,7356.0,-29.0,13.0,0.209756097561,0.102564096451,1449015477.23,-16.0,-7.03368471657,-1,-1,-1,-1,0,235.305358887,119.263694763,1449015464.6,1449015464.62
112,-13354.0,-1812.0,7394.0,-29.0,15.0,0.209756097561,0.103392839432,1449015477.33,-12.0,-7.01199743806,-1,-1,-1,-1,0,235.305358887,119.263694763,1449015464.6,1449015464.62
113,-13300.0,-1916.0,7266.0,-20.0,12.0,8.50243902439,0.102120161057,1449015477.43,124.0,-6.56715205355,-1,-1,-1,-1,0,235.305358887,119.263694763,1449015464.6,1449015464.62
114,-13348.0,-1270.0,7346.0,-21.0,14.0,8.74634146341,0.105199813843,1449015477.54,147.0,-5.65986780539,-1,-1,-1,-1,0,235.305358887,119.263694763,1449015464.6,1449015464.62
115,-13338.0,-844.0,7350.0,-23.0,12.0,8.74634146341,0.106391191483,1449015477.65,128.0,-4.72933411598,-1,-1,-1,-1,0,235.305358887,119.263694763,1449015464.6,1449015464.62
116,-13338.0,-736.0,7372.0,-32.0,12.0,-0.826829268293,0.103083848953,1449015477.75,-42.0,-4.32114721653,-1,-1,-1,-1,0,235.305358887,119.263694763,1449015464.6,1449015464.62
117,-13462.0,-1226.0,7292.0,-28.0,16.0,-0.826829268293,0.102946996689,1449015477.85,-29.0,-4.40626680647,-1,-1,-1,-1,0,235.305358887,119.263694763,1449015464.6,1449015464.62
118,-13408.0,-1582.0,7274.0,-26.0,15.0,1.67317073171,0.101544141769,1449015477.95,36.0,-4.3632962977,-1,-1,-1,-1,0,235.305358887,119.263694763,1449015464.6,1449015464.62
119,-13410.0,-1118.0,7408.0,-27.0,19.0,2.40487804878,0.117209911346,1449015478.07,12.0,-4.12430242969,-1,-1,-1,-1,0,235.305358887,119.263694763,1449015464.6,1449015464.62
120,-13408.0,-766.0,7374.0,-25.0,12.0,1.67317073171,0.106539011002,1449015478.18,24.0,-3.90706678774,-1,-1,-1,-1,0,235.305358887,119.263694763,1449015464.6,1449015464.62
121,-13380.0,-998.0,7428.0,-28.0,19.0,0.270731707317,0.105000019073,1449015478.28,-11.0,-3.80501189116,-1,-1,-1,-1,0,235.305358887,119.263694763,1449015464.6,1449015464.62
122,-13382.0,-838.0,7318.0,-29.0,14.0,0.209756097561,0.101997852325,1449015478.38,-12.0,-3.78050752907,-1,-1,-1,-1,0,235.305358887,119.263694763,1449015464.6,1449015464.62
123,-13210.0,-846.0,7512.0,-35.0,8.0,-1.13170731707,0.108935117722,1449015478.49,-69.0,-3.83072396139,-1,-1,-1,-1,0,235.305358887,119.263694763,1449015464.6,1449015464.62
124,-13412.0,-1364.0,7234.0,-29.0,14.0,-1.13170731707,0.110214948654,1449015478.6,-34.0,-3.95545502523,-1,-1,-1,-1,0,235.305358887,119.263694763,1449015464.6,1449015464.62
125,-13344.0,-914.0,7310.0,-28.0,14.0,-0.948780487805,0.107388019562,1449015478.71,-7.0,-4.06716475778,-1,-1,-1,-1,0,235.305358887,119.263694763,1449015464.6,1449015464.62
126,-13364.0,-1122.0,7374.0,-29.0,14.0,0.331707317073,0.106491088867,1449015478.82,-31.0,-4.10002115471,-1,-1,-1,-1,0,235.305358887,119.263694763,1449015464.6,1449015464.62
127,-13352.0,-1140.0,7374.0,-28.0,16.0,0.331707317073,0.121834039688,1449015478.94,-10.0,-4.05960791227,-1,-1,-1,-1,0,235.305358887,119.263694763,1449015464.6,1449015464.62
128,-13294.0,-1464.0,7428.0,-24.0,17.0,1.42926829268,0.106257915497,1449015479.05,8.0,-3.96604911351,-1,-1,-1,-1,0,235.305358887,119.263694763,1449015464.6,1449015464.62
129,-13388.0,-742.0,7292.0,-22.0,12.0,6.30731707317,0.105712890625,1449015479.15,113.0,-3.55712071221,-1,-1,-1,-1,0,235.305358887,119.263694763,1449015464.6,1449015464.62
130,-13390.0,-998.0,7348.0,-22.0,15.0,7.83170731707,0.107167005539,1449015479.26,88.0,-2.79950225964,-1,-1,-1,-1,0,235.305358887,119.263694763,1449015464.6,1449015464.62
131,-13426.0,-1364.0,7370.0,-20.0,5.0,14.6,0.102498054504,1449015479.36,229.0,-1.64989908003,-1,-1,-1,-1,0,235.305358887,119.263694763,1449015464.6,1449015464.62
132,-13364.0,-236.0,7336.0,-20.0,-1.0,14.6,0.103562116623,1449015479.46,224.0,-0.137892177338,-1,-1,-1,-1,0,235.305358887,119.263694763,1449015464.6,1449015464.62
133,-13460.0,482.0,7360.0,-23.0,1.0,14.356097561,0.105046987534,1449015479.57,153.0,1.38298323242,-1,-1,-1,-1,0,235.305358887,119.263694763,1449015464.6,1449015464.62
134,-13322.0,-32.0,7416.0,-19.0,8.0,14.356097561,0.108702898026,1449015479.68,220.0,2.94353264163,-1,-1,-1,-1,0,235.305358887,119.263694763,1449015464.6,1449015464.62
135,-13168.0,828.0,7444.0,-7.0,2.0,18.7463414634,0.10317492485,1449015479.78,410.0,4.65120347099,-1,-1,-1,-1,0,235.305358887,119.263694763,1449015464.6,1449015464.62
136,-13104.0,2130.0,7576.0,-17.0,0.0,18.7463414634,0.110439062119,1449015479.89,292.0,6.72153184036,-1,-1,-1,-1,0,235.305358887,119.263694763,1449015464.6,1449015464.62
137,-13090.0,2506.0,7534.0,-28.0,0.0,3.0756097561,0.114727020264,1449015480.01,35.0,7.97331556024,-1,-1,-1,-1,0,235.305358887,119.263694763,1449015464.6,1449015464.62
138,-13080.0,1864.0,7492.0,-29.0,11.0,-0.643902439024,0.110471010208,1449015480.12,-26.0,8.10763214216,-1,-1,-1,-1,0,235.305358887,119.263694763,1449015464.6,1449015464.62
139,-13158.0,2034.0,7566.0,-42.0,8.0,-6.68048780488,0.101714134216,1449015480.22,-125.0,7.735135136,-1,-1,-1,-1,0,235.305358887,119.263694763,1449015464.6,1449015464.62
140,-13144.0,1190.0,7466.0,-49.0,11.0,-11.2536585366,0.102349996567,1449015480.32,-305.0,6.81735522776,-1,-1,-1,-1,0,235.305358887,119.263694763,1449015464.6,1449015464.62
141,-13246.0,930.0,7420.0,-38.0,18.0,-11.2536585366,0.102492809296,1449015480.42,-200.0,5.66393614949,-1,-1,-1,-1,0,235.305358887,119.263694763,1449015464.6,1449015464.62
142,-13254.0,1212.0,7566.0,-36.0,15.0,-11.2536585366,0.102672100067,1449015480.53,-127.0,4.5084993941,-1,-1,-1,-1,0,235.305358887,119.263694763,1449015464.6,1449015464.62
143,-13250.0,994.0,7430.0,-38.0,31.0,-8.26585365854,0.114110946655,1449015480.64,-307.0,3.39480438669,-1,-1,-1,-1,0,235.305358887,119.263694763,1449015464.6,1449015464.62
144,-13326.0,-622.0,7496.0,-31.0,25.0,-8.26585365854,0.104809999466,1449015480.75,-151.0,2.52846026915,-1,-1,-1,-1,0,235.305358887,119.263694763,1449015464.6,1449015464.62
145,-13248.0,122.0,7478.0,-26.0,17.0,0.575609756098,0.103352069855,1449015480.85,-6.0,2.13105895665,-1,-1,-1,-1,0,235.305358887,119.263694763,1449015464.6,1449015464.62
146,-13338.0,14.0,7360.0,-16.0,23.0,3.19756097561,0.107540845871,1449015480.96,37.0,2.3339439427,-1,-1,-1,-1,0,235.305358887,119.263694763,1449015464.6,1449015464.62
147,-13366.0,700.0,7338.0,-31.0,6.0,3.19756097561,0.101866006851,1449015481.06,43.0,2.65966671095,-1,-1,-1,-1,0,235.305358887,119.263694763,1449015464.6,1449015464.62
148,-13334.0,358.0,7380.0,-29.0,16.0,-0.521951219512,0.128393173218,1449015481.19,-24.0,2.83143172439,-1,-1,-1,-1,0,235.305358887,119.263694763,1449015464.6,1449015464.62
149,-12984.0,2202.0,7734.0,-29.0,21.0,-9.18048780488,0.131109952927,1449015481.32,-166.0,2.1953885625,-1,-1,-1,-1,0,235.305358887,119.263694763,1449015464.6,1449015464.62
150,-13402.0,-182.0,7316.0,-47.0,36.0,-24.7292682927,0.115711927414,1449015481.43,-421.0,0.233506944412,-1,-1,-1,-1,0,235.305358887,119.263694763,1449015464.6,1449015464.62
151,-13298.0,-636.0,7436.0,-46.0,32.0,-26.8024390244,0.103996038437,1449015481.54,-455.0,-2.44603976302,-1,-1,-1,-1,0,235.305358887,119.263694763,1449015464.6,1449015464.62
152,-13240.0,-1494.0,7294.0,-51.0,31.0,-26.8024390244,0.118724107742,1449015481.66,-465.0,-5.62813542151,-1,-1,-1,-1,0,235.305358887,119.263694763,1449015464.6,1449015464.62
153,-13224.0,-2062.0,7386.0,-47.0,22.0,-23.2658536585,0.104049921036,1449015481.76,-397.0,-8.23293637154,-1,-1,-1,-1,0,235.305358887,119.263694763,1449015464.6,1449015464.62
154,-13244.0,-2902.0,7232.0,-44.0,23.0,-22.1682926829,0.106966972351,1449015481.87,-374.0,-10.6629129093,-1,-1,-1,-1,0,235.305358887,119.263694763,1449015464.6,1449015464.62
155,-12916.0,-3468.0,7492.0,-41.0,29.0,-21.8634146341,0.111850976944,1449015481.98,-379.0,-13.1254076492,-1,-1,-1,-1,0,235.305358887,119.263694763,1449015464.6,1449015464.62
156,-13028.0,-4312.0,7340.0,-40.0,20.0,-13.2048780488,0.105483055115,1449015482.08,-232.0,-14.9749629742,-1,-1,-1,-1,0,235.305358887,119.263694763,1449015464.6,1449015464.62
157,-12878.0,-4152.0,7232.0,-27.0,18.0,0.758536585366,0.113210916519,1449015482.2,-3.0,-15.6794938364,-1,-1,-1,-1,0,235.305358887,119.263694763,1449015464.6,1449015464.62
158,-12942.0,-4036.0,7124.0,-12.0,14.0,3.01463414634,0.117895126343,1449015482.32,34.0,-15.4570746163,-1,-1,-1,-1,0,235.305358887,119.263694763,1449015464.6,1449015464.62
159,-12992.0,-4044.0,7278.0,-13.0,20.0,5.45365853659,0.102999925613,1449015482.42,74.0,-15.0209578581,-1,-1,-1,-1,0,235.305358887,119.263694763,1449015464.6,1449015464.62
160,-13006.0,-3952.0,7346.0,-21.0,6.0,13.1975609756,0.102790117264,1449015482.52,201.0,-14.0623773377,-1,-1,-1,-1,0,235.305358887,119.263694763,1449015464.6,1449015464.62
161,-13076.0,-3258.0,7218.0,-8.0,4.0,23.9292682927,0.101944923401,1449015482.62,377.0,-12.1699314548,-1,-1,-1,-1,0,235.305358887,119.263694763,1449015464.6,1449015464.62
162,-13180.0,-2328.0,7048.0,-2.0,1.0,26.7951219512,0.102288007736,1449015482.73,424.0,-9.57568304393,-1,-1,-1,-1,0,235.305358887,119.263694763,1449015464.6,1449015464.62
163,-13002.0,-2130.0,6766.0,4.0,-7.0,39.0512195122,0.105576992035,1449015482.83,625.0,-6.09975370983,-1,-1,-1,-1,0,235.305358887,119.263694763,1449015464.6,1449015464.62
164,-13392.0,-738.0,7524.0,9.0,-27.0,39.0512195122,0.102958917618,1449015482.93,849.0,-2.0790824172,-1,-1,-1,-1,0,235.305358887,119.263694763,1449015464.6,1449015464.62
165,-13238.0,1554.0,7566.0,-6.0,1.0,27.2219512195,0.103937149048,1449015483.04,431.0,1.36503979491,-1,-1,-1,-1,0,235.305358887,119.263694763,1449015464.6,1449015464.62
166,-13282.0,864.0,7528.0,-21.0,11.0,27.2219512195,0.102439880371,1449015483.14,147.0,4.1536532213,-1,-1,-1,-1,0,235.305358887,119.263694763,1449015464.6,1449015464.62
167,-13158.0,934.0,7546.0,-5.0,-4.0,27.8317073171,0.11340713501,1449015483.25,447.0,7.27539206452,-1,-1,-1,-1,0,235.305358887,119.263694763,1449015464.6,1449015464.62
168,-12816.0,2358.0,7696.0,-6.0,-12.0,27.8317073171,0.111951828003,1449015483.37,441.0,10.3912025751,-1,-1,-1,-1,0,235.305358887,119.263694763,1449015464.6,1449015464.62
169,-13024.0,3250.0,7580.0,-9.0,14.0,21.3682926829,0.111948013306,1449015483.48,323.0,13.1451237024,-1,-1,-1,-1,0,235.305358887,119.263694763,1449015464.6,1449015464.62
170,-12838.0,3016.0,7562.0,-10.0,-3.0,20.6365853659,0.105796098709,1449015483.58,335.0,15.3670998146,-1,-1,-1,-1,0,235.305358887,119.263694763,1449015464.6,1449015464.62
171,-12544.0,4298.0,7682.0,-30.0,2.0,7.34390243902,0.10410785675,1449015483.69,105.0,16.8235941227,-1,-1,-1,-1,0,235.305358887,119.263694763,1449015464.6,1449015464.62
172,-12650.0,3592.0,7596.0,-29.0,6.0,5.27073170732,0.108533143997,1449015483.8,67.0,17.5081470748,-1,-1,-1,-1,0,235.305358887,119.263694763,1449015464.6,1449015464.62
173,-12482.0,4148.0,7622.0,-25.0,8.0,5.02682926829,0.107014894485,1449015483.9,71.0,18.0591432755,-1,-1,-1,-1,0,235.305358887,119.263694763,1449015464.6,1449015464.62
174,-12598.0,4198.0,7512.0,-28.0,16.0,0.392682926829,0.110257148743,1449015484.01,-9.0,18.3579132566,-1,-1,-1,-1,0,235.305358887,119.263694763,1449015464.6,1449015464.62
175,-12562.0,4050.0,7650.0,-35.0,11.0,0.392682926829,0.11251282692,1449015484.13,-11.0,18.4020951227,-1,-1,-1,-1,0,235.305358887,119.263694763,1449015464.6,1449015464.62
176,-12470.0,4202.0,7704.0,-26.0,17.0,0.270731707317,0.103518009186,1449015484.23,-8.0,18.4364328038,-1,-1,-1,-1,0,235.305358887,119.263694763,1449015464.6,1449015464.62
177,-12456.0,4454.0,7576.0,-25.0,20.0,-3.20487804878,0.111205101013,1449015484.34,-68.0,18.2732867837,-1,-1,-1,-1,0,235.305358887,119.263694763,1449015464.6,1449015464.62
178,-12708.0,4128.0,7588.0,-42.0,30.0,-14.4853658537,0.104146003723,1449015484.44,-253.0,17.35210268,-1,-1,-1,-1,0,235.305358887,119.263694763,1449015464.6,1449015464.62
179,-12842.0,2986.0,7590.0,-49.0,30.0,-23.8146341463,0.10485291481,1449015484.55,-429.0,15.3441693614,-1,-1,-1,-1,0,235.305358887,119.263694763,1449015464.6,1449015464.62
180,-13014.0,2786.0,7464.0,-49.0,31.0,-25.2170731707,0.100626945496,1449015484.65,-406.0,12.8772138915,-1,-1,-1,-1,0,235.305358887,119.263694763,1449015464.6,1449015464.62
181,-13028.0,2418.0,7636.0,-46.0,41.0,-27.412195122,0.106154203415,1449015484.76,-488.0,10.0838048656,-1,-1,-1,-1,0,235.305358887,119.263694763,1449015464.6,1449015464.62
182,-13082.0,1444.0,7464.0,-46.0,40.0,-27.412195122,0.105871915817,1449015484.86,-465.0,7.18162325126,-1,-1,-1,-1,0,235.305358887,119.263694763,1449015464.6,1449015464.62
183,-13114.0,906.0,7564.0,-35.0,42.0,-27.412195122,0.10259604454,1449015484.96,-458.0,4.36924045958,-1,-1,-1,-1,0,235.305358887,119.263694763,1449015464.6,1449015464.62
184,-13402.0,-440.0,7392.0,-41.0,41.0,-27.2902439024,0.105088949203,1449015485.07,-496.0,1.49492954161,-1,-1,-1,-1,0,235.305358887,119.263694763,1449015464.6,1449015464.62
185,-13446.0,-846.0,7248.0,-37.0,40.0,-27.2902439024,0.110164880753,1449015485.18,-463.0,-1.51149692361,-1,-1,-1,-1,0,235.305358887,119.263694763,1449015464.6,1449015464.62
186,-13384.0,-2068.0,7278.0,-41.0,28.0,-19.4243902439,0.107388019562,1449015485.29,-334.0,-4.01979294637,-1,-1,-1,-1,0,235.305358887,119.263694763,1449015464.6,1449015464.62
187,-13182.0,-2658.0,7456.0,-2.0,20.0,2.16097560976,0.103816986084,1449015485.39,20.0,-4.91591078479,-1,-1,-1,-1,0,235.305358887,119.263694763,1449015464.6,1449015464.62
188,-13226.0,-1520.0,7484.0,-23.0,14.0,6.36829268293,0.111945152283,1449015485.5,89.0,-4.43850566585,-1,-1,-1,-1,0,235.305358887,119.263694763,1449015464.6,1449015464.62
189,-13456.0,-1784.0,7224.0,-20.0,13.0,9.41707317073,0.112488031387,1449015485.62,139.0,-3.55067330105,-1,-1,-1,-1,0,235.305358887,119.263694763,1449015464.6,1449015464.62
190,-13338.0,-1066.0,7290.0,-18.0,8.0,9.41707317073,0.105657815933,1449015485.72,248.0,-2.55568591734,-1,-1,-1,-1,0,235.305358887,119.263694763,1449015464.6,1449015464.62
191,-13360.0,-724.0,7344.0,-24.0,11.0,16.0634146341,0.103778123856,1449015485.83,113.0,-1.23352730768,-1,-1,-1,-1,0,235.305358887,119.263694763,1449015464.6,1449015464.62
192,-13214.0,-272.0,7342.0,-14.0,5.0,25.8804878049,0.116313934326,1449015485.94,409.0,1.20580284915,-1,-1,-1,-1,0,235.305358887,119.263694763,1449015464.6,1449015464.62
193,-13196.0,662.0,7566.0,-17.0,6.0,25.8804878049,0.104423999786,1449015486.05,430.0,3.90834690216,-1,-1,-1,-1,0,235.305358887,119.263694763,1449015464.6,1449015464.62
194,-13270.0,1366.0,7490.0,-19.0,5.0,10.5756097561,0.113662004471,1449015486.16,158.0,5.98018346414,-1,-1,-1,-1,0,235.305358887,119.263694763,1449015464.6,1449015464.62
195,-13310.0,818.0,7448.0,-26.0,18.0,-0.0951219512195,0.107825040817,1449015486.27,-17.0,6.54521297682,-1,-1,-1,-1,0,235.305358887,119.263694763,1449015464.6,1449015464.62
196,-13254.0,850.0,7502.0,-26.0,12.0,-0.0951219512195,0.103568077087,1449015486.37,-19.0,6.53536137924,-1,-1,-1,-1,0,235.305358887,119.263694763,1449015464.6,1449015464.62
197,-13332.0,922.0,7382.0,-27.0,13.0,0.209756097561,0.10323381424,1449015486.47,-12.0,6.54127843932,-1,-1,-1,-1,0,235.305358887,119.263694763,1449015464.6,1449015464.62
198,-13236.0,822.0,7418.0,-28.0,11.0,0.270731707317,0.104401111603,1449015486.58,-11.0,6.56636016979,-1,-1,-1,-1,0,235.305358887,119.263694763,1449015464.6,1449015464.62
199,-13274.0,976.0,7470.0,-32.0,11.0,0.270731707317,0.105828046799,1449015486.68,32.0,6.59501117759,-1,-1,-1,-1,0,235.305358887,119.263694763,1449015464.6,1449015464.62
200,-13258.0,1144.0,7410.0,-28.0,12.0,-0.948780487805,0.103606939316,1449015486.79,-31.0,6.55988589816,-1,-1,-1,-1,0,235.305358887,119.263694763,1449015464.6,1449015464.62
201,-13198.0,1082.0,7448.0,-31.0,19.0,-4.05853658537,0.102626085281,1449015486.89,-130.0,6.30294522367,-1,-1,-1,-1,0,235.305358887,119.263694763,1449015464.6,1449015464.62
202,-13264.0,336.0,7448.0,-32.0,18.0,-4.05853658537,0.105576992035,1449015487.0,-82.0,5.87445713892,-1,-1,-1,-1,0,235.305358887,119.263694763,1449015464.6,1449015464.62
203,-13288.0,498.0,7492.0,-27.0,17.0,1.18536585366,0.106021881104,1449015487.1,4.0,5.72214765607,-1,-1,-1,-1,0,235.305358887,119.263694763,1449015464.6,1449015464.62
204,-13366.0,690.0,7406.0,-24.0,14.0,1.18536585366,0.104158163071,1449015487.21,36.0,5.84561318595,-1,-1,-1,-1,0,235.305358887,119.263694763,1449015464.6,1449015464.62
205,-13402.0,1050.0,7394.0,-44.0,2.0,-3.81463414634,0.103325843811,1449015487.31,-78.0,5.70977750348,-1,-1,-1,-1,0,235.305358887,119.263694763,1449015464.6,1449015464.62
206,-13386.0,282.0,7420.0,-31.0,23.0,-3.81463414634,0.108783006668,1449015487.42,-115.0,5.2948101317,-1,-1,-1,-1,0,235.305358887,119.263694763,1449015464.6,1449015464.62
207,-13302.0,276.0,7518.0,-33.0,14.0,-2.71707317073,0.107120990753,1449015487.53,-60.0,4.94496865214,-1,-1,-1,-1,0,235.305358887,119.263694763,1449015464.6,1449015464.62
208,-13280.0,420.0,7430.0,-28.0,15.0,0.209756097561,0.101412057877,1449015487.63,-12.0,4.81783256007,-1,-1,-1,-1,0,235.305358887,119.263694763,1449015464.6,1449015464.62
209,-13342.0,356.0,7396.0,-27.0,16.0,0.270731707317,0.119767904282,1449015487.75,-11.0,4.84660606879,-1,-1,-1,-1,0,235.305358887,119.263694763,1449015464.6,1449015464.62
210,-13314.0,324.0,7440.0,-26.0,19.0,0.880487804878,0.104187011719,1449015487.85,-1.0,4.90657712919,-1,-1,-1,-1,0,235.305358887,119.263694763,1449015464.6,1449015464.62
211,-13372.0,448.0,7450.0,-18.0,20.0,2.40487804878,0.104727983475,1449015487.96,24.0,5.0786119996,-1,-1,-1,-1,0,235.305358887,119.263694763,1449015464.6,1449015464.62
212,-13288.0,304.0,7426.0,-31.0,11.0,4.72195121951,0.106084108353,1449015488.06,62.0,5.45663366376,-1,-1,-1,-1,0,235.305358887,119.263694763,1449015464.6,1449015464.62
213,-13308.0,340.0,7418.0,-27.0,7.0,7.34390243902,0.10182094574,1449015488.16,105.0,6.07091197909,-1,-1,-1,-1,0,235.305358887,119.263694763,1449015464.6,1449015464.62
214,-13262.0,994.0,7390.0,-19.0,10.0,7.34390243902,0.105297088623,1449015488.27,140.0,6.84420352505,-1,-1,-1,-1,0,235.305358887,119.263694763,1449015464.6,1449015464.62
215,-13148.0,1344.0,7466.0,-24.0,11.0,2.95365853659,0.116148948669,1449015488.39,33.0,7.44222896564,-1,-1,-1,-1,0,235.305358887,119.263694763,1449015464.6,1449015464.62
216,-13334.0,992.0,7398.0,-28.0,13.0,2.95365853659,0.102068901062,1449015488.49,-3.0,7.74370564658,-1,-1,-1,-1,0,235.305358887,119.263694763,1449015464.6,1449015464.62
217,-13168.0,1038.0,7432.0,-23.0,13.0,6.49024390244,0.113229990005,1449015488.6,91.0,8.27837213598,-1,-1,-1,-1,0,235.305358887,119.263694763,1449015464.6,1449015464.62
218,-13250.0,1684.0,7442.0,-24.0,9.0,6.49024390244,0.105079174042,1449015488.71,100.0,8.96036160457,-1,-1,-1,-1,0,235.305358887,119.263694763,1449015464.6,1449015464.62
219,-13172.0,1508.0,7438.0,-30.0,10.0,-0.948780487805,0.11095905304,1449015488.82,-31.0,9.26779937104,-1,-1,-1,-1,0,235.305358887,119.263694763,1449015464.6,1449015464.62
220,-13368.0,516.0,7346.0,-42.0,14.0,-8.93658536585,0.11296081543,1449015488.93,-162.0,8.70946987722,-1,-1,-1,-1,0,235.305358887,119.263694763,1449015464.6,1449015464.62
221,-13210.0,560.0,7490.0,-43.0,13.0,-8.93658536585,0.102104187012,1449015489.03,-183.0,7.79700709378,-1,-1,-1,-1,0,235.305358887,119.263694763,1449015464.6,1449015464.62
222,-13342.0,644.0,7464.0,-30.0,21.0,-5.46097560976,0.111021995544,1449015489.14,-95.0,6.99778411854,-1,-1,-1,-1,0,235.305358887,119.263694763,1449015464.6,1449015464.62
223,-13240.0,948.0,7392.0,-32.0,18.0,-5.46097560976,0.111825942993,1449015489.25,-105.0,6.38710537131,-1,-1,-1,-1,0,235.305358887,119.263694763,1449015464.6,1449015464.62
224,-13228.0,1136.0,7480.0,-44.0,32.0,-22.1682926829,0.106180906296,1449015489.36,-417.0,4.92025499751,-1,-1,-1,-1,0,235.305358887,119.263694763,1449015464.6,1449015464.62
225,-13402.0,-634.0,7382.0,-47.0,31.0,-22.1682926829,0.107964038849,1449015489.47,-379.0,2.52687658508,-1,-1,-1,-1,0,235.305358887,119.263694763,1449015464.6,1449015464.62
226,-13284.0,-1352.0,7350.0,-29.0,20.0,-5.46097560976,0.115125894547,1449015489.58,-105.0,0.936454471146,-1,-1,-1,-1,0,235.305358887,119.263694763,1449015464.6,1449015464.62
227,-13392.0,-658.0,7414.0,-27.0,14.0,0.331707317073,0.106297016144,1449015489.69,-10.0,0.66384151389,-1,-1,-1,-1,0,235.305358887,119.263694763,1449015464.6,1449015464.62
228,-13406.0,-1008.0,7348.0,-15.0,23.0,2.89268292683,0.106815099716,1449015489.8,53.0,0.836048296603,-1,-1,-1,-1,0,235.305358887,119.263694763,1449015464.6,1449015464.62
229,-13390.0,-430.0,7412.0,-28.0,13.0,2.89268292683,0.107425928116,1449015489.9,32.0,1.14679744476,-1,-1,-1,-1,0,235.305358887,119.263694763,1449015464.6,1449015464.62
230,-13322.0,-486.0,7314.0,-27.0,19.0,2.89268292683,0.115303039551,1449015490.02,-8.0,1.48033257868,-1,-1,-1,-1,0,235.305358887,119.263694763,1449015464.6,1449015464.62
231,-13346.0,-728.0,7332.0,-26.0,14.0,4.90487804878,0.106984138489,1449015490.13,65.0,1.89744025033,-1,-1,-1,-1,0,235.305358887,119.263694763,1449015464.6,1449015464.62
232,-13384.0,72.0,7296.0,-17.0,2.0,6.91707317073,0.109866857529,1449015490.24,255.0,2.5468605655,-1,-1,-1,-1,0,235.305358887,119.263694763,1449015464.6,1449015464.62
233,-13290.0,848.0,7426.0,-22.0,8.0,6.91707317073,0.101743936539,1449015490.34,98.0,3.25063081922,-1,-1,-1,-1,0,235.305358887,119.263694763,1449015464.6,1449015464.62
234,-13356.0,136.0,7336.0,-27.0,16.0,0.148780487805,0.109845161438,1449015490.45,-14.0,3.63870573713,-1,-1,-1,-1,0,235.305358887,119.263694763,1449015464.6,1449015464.62
235,-13300.0,164.0,7492.0,-30.0,13.0,0.148780487805,0.104722976685,1449015490.55,-13.0,3.65428647268,-1,-1,-1,-1,0,235.305358887,119.263694763,1449015464.6,1449015464.62
236,-13300.0,78.0,7494.0,-26.0,13.0,5.69756097561,0.104722976685,1449015490.66,78.0,3.96040961306,-1,-1,-1,-1,0,235.305358887,119.263694763,1449015464.6,1449015464.62
237,-13316.0,632.0,7434.0,-23.0,9.0,10.0268292683,0.110190868378,1449015490.77,150.0,4.82675172091,-1,-1,-1,-1,0,235.305358887,119.263694763,1449015464.6,1449015464.62
238,-13338.0,636.0,7476.0,-24.0,10.0,10.0268292683,0.101188182831,1449015490.87,149.0,5.84134835412,-1,-1,-1,-1,0,235.305358887,119.263694763,1449015464.6,1449015464.62
239,-13236.0,1556.0,7468.0,-25.0,8.0,2.28292682927,0.105500936508,1449015490.97,22.0,6.49069375236,-1,-1,-1,-1,0,235.305358887,119.263694763,1449015464.6,1449015464.62
240,-13274.0,1076.0,7480.0,-27.0,13.0,0.209756097561,0.106609106064,1449015491.08,-12.0,6.62356510162,-1,-1,-1,-1,0,235.305358887,119.263694763,1449015464.6,1449015464.62
241,-13266.0,1010.0,7390.0,-27.0,15.0,0.209756097561,0.110525846481,1449015491.19,-12.0,6.64674857186,-1,-1,-1,-1,0,235.305358887,119.263694763,1449015464.6,1449015464.62
242,-13242.0,1172.0,7456.0,-27.0,17.0,0.331707317073,0.103168010712,1449015491.29,-10.0,6.67467942354,-1,-1,-1,-1,0,235.305358887,119.263694763,1449015464.6,1449015464.62
243,-13358.0,832.0,7354.0,-31.0,16.0,1.06341463415,0.105926036835,1449015491.4,2.0,6.74856929314,-1,-1,-1,-1,0,235.305358887,119.263694763,1449015464.6,1449015464.62
244,-13172.0,1020.0,7384.0,-22.0,17.0,1.06341463415,0.103358983994,1449015491.5,89.0,6.85848274929,-1,-1,-1,-1,0,235.305358887,119.263694763,1449015464.6,1449015464.62
245,-13326.0,1250.0,7538.0,-31.0,11.0,-0.643902439024,0.11324095726,1449015491.62,-26.0,6.88223573057,-1,-1,-1,-1,0,235.305358887,119.263694763,1449015464.6,1449015464.62
246,-13268.0,1358.0,7464.0,-30.0,8.0,-3.93658536585,0.10343003273,1449015491.72,-103.0,6.64535572878,-1,-1,-1,-1,0,235.305358887,119.263694763,1449015464.6,1449015464.62
247,-13282.0,1092.0,7502.0,-32.0,17.0,-3.93658536585,0.110839128494,1449015491.83,-80.0,6.20902803758,-1,-1,-1,-1,0,235.305358887,119.263694763,1449015464.6,1449015464.62
248,-13246.0,838.0,7452.0,-32.0,15.0,-3.93658536585,0.112696886063,1449015491.94,-58.0,5.76538712513,-1,-1,-1,-1,0,235.305358887,119.263694763,1449015464.6,1449015464.62
249,-13258.0,948.0,7474.0,-33.0,16.0,-4.8512195122,0.109837055206,1449015492.05,-95.0,5.28277382037,-1,-1,-1,-1,0,235.305358887,119.263694763,1449015464.6,1449015464.62
250,-13308.0,664.0,7470.0,-31.0,20.0,-4.91219512195,0.109174013138,1449015492.16,-105.0,4.7498182416,-1,-1,-1,-1,0,235.305358887,119.263694763,1449015464.6,1449015464.62
251,-13228.0,680.0,7448.0,-33.0,15.0,-5.46097560976,0.105563879013,1449015492.27,-96.0,4.20230217154,-1,-1,-1,-1,0,235.305358887,119.263694763,1449015464.6,1449015464.62
252,-13338.0,520.0,7442.0,-32.0,20.0,-4.91219512195,0.103083133698,1449015492.37,-109.0,3.66765269884,-1,-1,-1,-1,0,235.305358887,119.263694763,1449015464.6,1449015464.62
253,-13298.0,148.0,7374.0,-30.0,19.0,-4.30243902439,0.10134100914,1449015492.47,-86.0,3.20074253722,-1,-1,-1,-1,0,235.305358887,119.263694763,1449015464.6,1449015464.62
254,-13324.0,322.0,7402.0,-31.0,14.0,-4.30243902439,0.103479862213,1449015492.58,-73.0,2.7555267398,-1,-1,-1,-1,0,235.305358887,119.263694763,1449015464.6,1449015464.62
255,-13294.0,198.0,7454.0,-36.0,22.0,-13.7536585366,0.10341501236,1449015492.68,-247.0,1.82189096358,-1,-1,-1,-1,0,235.305358887,119.263694763,1449015464.6,1449015464.62
256,-13304.0,-954.0,7484.0,-36.0,27.0,-13.7536585366,0.10183596611,1449015492.78,-241.0,0.421273858954,-1,-1,-1,-1,0,235.305358887,119.263694763,1449015464.6,1449015464.62
257,-13446.0,-564.0,7350.0,-20.0,19.0,1.1243902439,0.10174703598,1449015492.88,3.0,-0.221221448735,-1,-1,-1,-1,0,235.305358887,119.263694763,1449015464.6,1449015464.62
258,-13442.0,-654.0,7328.0,-17.0,22.0,3.80731707317,0.105776071548,1449015492.99,47.0,0.0396068642779,-1,-1,-1,-1,0,235.305358887,119.263694763,1449015464.6,1449015464.62
259,-13410.0,-482.0,7418.0,-28.0,10.0,4.66097560976,0.121127843857,1449015493.11,61.0,0.552479881194,-1,-1,-1,-1,0,235.305358887,119.263694763,1449015464.6,1449015464.62
260,-13362.0,-146.0,7370.0,-23.0,11.0,4.66097560976,0.108526229858,1449015493.22,76.0,1.05831799158,-1,-1,-1,-1,0,235.305358887,119.263694763,1449015464.6,1449015464.62
261,-13356.0,-68.0,7392.0,-25.0,15.0,1.36829268293,0.10370182991,1449015493.32,7.0,1.37094106907,-1,-1,-1,-1,0,235.305358887,119.263694763,1449015464.6,1449015464.62
262,-13342.0,-194.0,7402.0,-27.0,16.0,1.36829268293,0.10503411293,1449015493.43,2.0,1.51465847725,-1,-1,-1,-1,0,235.305358887,119.263694763,1449015464.6,1449015464.62
263,-13376.0,-294.0,7338.0,-21.0,10.0,9.23414634146,0.115196943283,1449015493.54,136.0,2.12534276073,-1,-1,-1,-1,0,235.305358887,119.263694763,1449015464.6,1449015464.62
264,-13262.0,262.0,7416.0,-20.0,9.0,10.2097560976,0.105784893036,1449015493.65,182.0,3.15377833058,-1,-1,-1,-1,0,235.305358887,119.263694763,1449015464.6,1449015464.62
265,-13338.0,708.0,7418.0,-20.0,15.0,10.2097560976,0.108969211578,1449015493.76,152.0,4.26632740294,-1,-1,-1,-1,0,235.305358887,119.263694763,1449015464.6,1449015464.62
266,-13332.0,814.0,7450.0,-23.0,14.0,5.39268292683,0.108456850052,1449015493.87,73.0,5.1124230978,-1,-1,-1,-1,0,235.305358887,119.263694763,1449015464.6,1449015464.62
267,-13276.0,878.0,7444.0,-29.0,11.0,3.74634146341,0.109421014786,1449015493.98,19.0,5.61242375926,-1,-1,-1,-1,0,235.305358887,119.263694763,1449015464.6,1449015464.62
268,-13308.0,822.0,7412.0,-27.0,11.0,2.70975609756,0.105911016464,1449015494.08,46.0,5.9543096868,-1,-1,-1,-1,0,235.305358887,119.263694763,1449015464.6,1449015464.62
269,-13320.0,960.0,7430.0,-28.0,15.0,3.74634146341,0.107468128204,1449015494.19,29.0,6.30122204699,-1,-1,-1,-1,0,235.305358887,119.263694763,1449015464.6,1449015464.62
270,-13266.0,1108.0,7496.0,-23.0,11.0,2.70975609756,0.115031957626,1449015494.3,72.0,6.67255081752,-1,-1,-1,-1,0,235.305358887,119.263694763,1449015464.6,1449015464.62
271,-13240.0,1184.0,7410.0,-31.0,8.0,-0.582926829268,0.115042924881,1449015494.42,-25.0,6.7948891474,-1,-1,-1,-1,0,235.305358887,119.263694763,1449015464.6,1449015464.62
272,-13180.0,1178.0,7564.0,-37.0,9.0,-2.22926829268,0.10250210762,1449015494.52,-52.0,6.65076118388,-1,-1,-1,-1,0,235.305358887,119.263694763,1449015464.6,1449015464.62
273,-13188.0,900.0,7472.0,-29.0,15.0,-2.22926829268,0.102746009827,1449015494.62,-56.0,6.42171276197,-1,-1,-1,-1,0,235.305358887,119.263694763,1449015464.6,1449015464.62
274,-13218.0,1080.0,7518.0,-33.0,13.0,-2.47317073171,0.105590820312,1449015494.73,-33.0,6.17344556494,-1,-1,-1,-1,0,235.305358887,119.263694763,1449015464.6,1449015464.62
275,-13230.0,1188.0,7568.0,-31.0,20.0,-5.58292682927,0.107855081558,1449015494.84,-107.0,5.7390000352,-1,-1,-1,-1,0,235.305358887,119.263694763,1449015464.6,1449015464.62
276,-13298.0,274.0,7508.0,-34.0,22.0,-5.58292682927,0.110286951065,1449015494.95,-129.0,5.12327605719,-1,-1,-1,-1,0,235.305358887,119.263694763,1449015464.6,1449015464.62
277,-13324.0,864.0,7464.0,-27.0,15.0,-0.156097560976,0.105246067047,1449015495.05,-6.0,4.8212711843,-1,-1,-1,-1,0,235.305358887,119.263694763,1449015464.6,1449015464.62
278,-13314.0,664.0,7456.0,-29.0,10.0,-0.156097560976,0.113116979599,1449015495.17,-18.0,4.80361389968,-1,-1,-1,-1,0,235.305358887,119.263694763,1449015464.6,1449015464.62
279,-13262.0,1006.0,7452.0,-26.0,14.0,-2.10731707317,0.107857942581,1449015495.27,-50.0,4.68155027686,-1,-1,-1,-1,0,235.305358887,119.263694763,1449015464.6,1449015464.62
280,-13314.0,498.0,7368.0,-29.0,21.0,-2.10731707317,0.113310098648,1449015495.39,-84.0,4.44276997142,-1,-1,-1,-1,0,235.305358887,119.263694763,1449015464.6,1449015464.62
281,-13334.0,610.0,7358.0,-29.0,15.0,0.0878048780488,0.109143018723,1449015495.5,-11.0,4.33256214276,-1,-1,-1,-1,0,235.305358887,119.263694763,1449015464.6,1449015464.62
282,-13314.0,632.0,7446.0,-27.0,16.0,0.0878048780488,0.10499382019,1449015495.6,-14.0,4.34178111233,-1,-1,-1,-1,0,235.305358887,119.263694763,1449015464.6,1449015464.62
283,-13208.0,580.0,7436.0,-28.0,11.0,-0.0951219512195,0.103819131851,1449015495.71,-17.0,4.34140128624,-1,-1,-1,-1,0,235.305358887,119.263694763,1449015464.6,1449015464.62
284,-13330.0,554.0,7486.0,-31.0,14.0,-0.0951219512195,0.101785898209,1449015495.81,-26.0,4.331719213,-1,-1,-1,-1,0,235.305358887,119.263694763,1449015464.6,1449015464.62
285,-13266.0,554.0,7406.0,-27.0,13.0,0.0268292682927,0.110780000687,1449015495.92,-15.0,4.32793648127,-1,-1,-1,-1,0,235.305358887,119.263694763,1449015464.6,1449015464.62
286,-13282.0,532.0,7414.0,-27.0,18.0,0.392682926829,0.101315021515,1449015496.02,-9.0,4.3491879248,-1,-1,-1,-1,0,235.305358887,119.263694763,1449015464.6,1449015464.62
287,-13308.0,630.0,7410.0,-21.0,20.0,0.514634146341,0.102383136749,1449015496.12,15.0,4.39563490879,-1,-1,-1,-1,0,235.305358887,119.263694763,1449015464.6,1449015464.62
288,-13318.0,590.0,7454.0,-29.0,15.0,0.514634146341,0.105072021484,1449015496.23,-7.0,4.44970855887,-1,-1,-1,-1,0,235.305358887,119.263694763,1449015464.6,1449015464.62
289,-13280.0,520.0,7418.0,-29.0,11.0,0.209756097561,0.102049827576,1449015496.33,-18.0,4.48667050862,-1,-1,-1,-1,0,235.305358887,119.263694763,1449015464.6,1449015464.62
290,-13310.0,570.0,7406.0,-27.0,17.0,0.209756097561,0.106966018677,1449015496.44,-12.0,4.50910728327,-1,-1,-1,-1,0,235.305358887,119.263694763,1449015464.6,1449015464.62
291,-13278.0,532.0,7482.0,-33.0,9.0,0.209756097561,0.102985143661,1449015496.54,14.0,4.53070904511,-1,-1,-1,-1,0,235.305358887,119.263694763,1449015464.6,1449015464.62
292,-13246.0,928.0,7450.0,-29.0,10.0,0.148780487805,0.104840993881,1449015496.64,-13.0,4.54950371108,-1,-1,-1,-1,0,235.305358887,119.263694763,1449015464.6,1449015464.62
293,-13326.0,848.0,7484.0,-35.0,9.0,-1.98536585366,0.11021399498,1449015496.75,-48.0,4.44829500594,-1,-1,-1,-1,0,235.305358887,119.263694763,1449015464.6,1449015464.62
294,-13274.0,642.0,7340.0,-27.0,16.0,-3.38780487805,0.110255002975,1449015496.86,-94.0,4.15208552843,-1,-1,-1,-1,0,235.305358887,119.263694763,1449015464.6,1449015464.62
295,-13260.0,338.0,7470.0,-30.0,14.0,-3.38780487805,0.107797861099,1449015496.97,-71.0,3.78688740876,-1,-1,-1,-1,0,235.305358887,119.263694763,1449015464.6,1449015464.62
296,-13358.0,254.0,7386.0,-31.0,17.0,-2.53414634146,0.115853071213,1449015497.09,-57.0,3.44384929058,-1,-1,-1,-1,0,235.305358887,119.263694763,1449015464.6,1449015464.62
297,-13290.0,310.0,7442.0,-28.0,16.0,-2.53414634146,0.10570192337,1449015497.19,-23.0,3.17598514819,-1,-1,-1,-1,0,235.305358887,119.263694763,1449015464.6,1449015464.62
298,-13386.0,528.0,7366.0,-32.0,17.0,-3.4487804878,0.110944986343,1449015497.3,-72.0,2.8440972805,-1,-1,-1,-1,0,235.305358887,119.263694763,1449015464.6,1449015464.62
299,-13312.0,102.0,7482.0,-34.0,25.0,-4.4243902439,0.112286090851,1449015497.42,-187.0,2.40207349847,-1,-1,-1,-1,0,235.305358887,119.263694763,1449015464.6,1449015464.62
300,-13320.0,-554.0,7488.0,-30.0,20.0,-4.4243902439,0.107922077179,1449015497.52,-88.0,1.9245841131,-1,-1,-1,-1,0,235.305358887,119.263694763,1449015464.6,1449015464.62
301,-13268.0,-172.0,7344.0,-26.0,17.0,0.758536585366,0.112152814865,1449015497.64,-3.0,1.71901620975,-1,-1,-1,-1,0,235.305358887,119.263694763,1449015464.6,1449015464.62
302,-13418.0,-294.0,7448.0,-27.0,18.0,4.41707317073,0.102902173996,1449015497.74,59.0,1.98530695758,-1,-1,-1,-1,0,235.305358887,119.263694763,1449015464.6,1449015464.62
303,-13394.0,242.0,7418.0,-26.0,13.0,4.41707317073,0.103542804718,1449015497.84,57.0,2.44266310232,-1,-1,-1,-1,0,235.305358887,119.263694763,1449015464.6,1449015464.62
304,-13316.0,212.0,7388.0,-26.0,14.0,0.331707317073,0.114842176437,1449015497.96,-10.0,2.71534324565,-1,-1,-1,-1,0,235.305358887,119.263694763,1449015464.6,1449015464.62
305,-13340.0,128.0,7396.0,-27.0,13.0,0.331707317073,0.109998941422,1449015498.07,-14.0,2.75183069939,-1,-1,-1,-1,0,235.305358887,119.263694763,1449015464.6,1449015464.62
306,-13366.0,-54.0,7332.0,-24.0,14.0,3.86829268293,0.104932069778,1449015498.17,48.0,2.97218804592,-1,-1,-1,-1,0,235.305358887,119.263694763,1449015464.6,1449015464.62
307,-13370.0,94.0,7542.0,-20.0,7.0,12.2219512195,0.106755971909,1449015498.28,194.0,3.83105285895,-1,-1,-1,-1,0,235.305358887,119.263694763,1449015464.6,1449015464.62
308,-13308.0,1128.0,7384.0,-17.0,6.0,12.2219512195,0.103981018066,1449015498.38,185.0,5.10190378951,-1,-1,-1,-1,0,235.305358887,119.263694763,1449015464.6,1449015464.62
309,-13248.0,1142.0,7498.0,-24.0,15.0,3.0756097561,0.106200933456,1449015498.49,35.0,5.91421141712,-1,-1,-1,-1,0,235.305358887,119.263694763,1449015464.6,1449015464.62
310,-13276.0,896.0,7422.0,-26.0,15.0,0.0268292682927,0.104707956314,1449015498.59,-15.0,6.07663644203,-1,-1,-1,-1,0,235.305358887,119.263694763,1449015464.6,1449015464.62
311,-13234.0,918.0,7470.0,-29.0,13.0,0.0268292682927,0.104280948639,1449015498.7,-15.0,6.07943422358,-1,-1,-1,-1,0,235.305358887,119.263694763,1449015464.6,1449015464.62
312,-13320.0,926.0,7406.0,-28.0,14.0,0.148780487805,0.104744195938,1449015498.8,-13.0,6.08863127493,-1,-1,-1,-1,0,235.305358887,119.263694763,1449015464.6,1449015464.62
313,-13278.0,880.0,7516.0,-28.0,16.0,0.148780487805,0.105871915817,1449015498.91,-12.0,6.10438295021,-1,-1,-1,-1,0,235.305358887,119.263694763,1449015464.6,1449015464.62
314,-13360.0,914.0,7434.0,-28.0,15.0,0.148780487805,0.101980924606,1449015499.01,-13.0,6.11955572192,-1,-1,-1,-1,0,235.305358887,119.263694763,1449015464.6,1449015464.62
315,-13258.0,916.0,7484.0,-28.0,15.0,0.0268292682927,0.105309963226,1449015499.12,-15.0,6.1288024504,-1,-1,-1,-1,0,235.305358887,119.263694763,1449015464.6,1449015464.62
316,-13358.0,928.0,7442.0,-29.0,11.0,-0.156097560976,0.102797985077,1449015499.22,-18.0,6.12215819039,-1,-1,-1,-1,0,235.305358887,119.263694763,1449015464.6,1449015464.62
317,-13410.0,1126.0,7316.0,-42.0,4.0,-2.04634146341,0.103243112564,1449015499.32,-64.0,6.00846486033,-1,-1,-1,-1,0,235.305358887,119.263694763,1449015464.6,1449015464.62
318,-13350.0,518.0,7422.0,-22.0,26.0,-2.04634146341,0.100728988647,1449015499.42,-49.0,5.8023389543,-1,-1,-1,-1,0,235.305358887,119.263694763,1449015464.6,1449015464.62
319,-13264.0,672.0,7482.0,-27.0,13.0,0.453658536585,0.115036010742,1449015499.54,-8.0,5.71073100916,-1,-1,-1,-1,0,235.305358887,119.263694763,1449015464.6,1449015464.62
320,-13370.0,-116.0,7340.0,-27.0,9.0,4.72195121951,0.103945970535,1449015499.64,62.0,5.97972289876,-1,-1,-1,-1,0,235.305358887,119.263694763,1449015464.6,1449015464.62
321,-13200.0,348.0,7424.0,-19.0,7.0,16.6731707317,0.10936498642,1449015499.75,258.0,7.14966150958,-1,-1,-1,-1,0,235.305358887,119.263694763,1449015464.6,1449015464.62
322,-13136.0,1782.0,7328.0,-18.0,-8.0,20.8195121951,0.105637073517,1449015499.86,330.0,9.12997016093,-1,-1,-1,-1,0,235.305358887,119.263694763,1449015464.6,1449015464.62
323,-13148.0,2426.0,7496.0,-6.0,11.0,20.8195121951,0.102738857269,1449015499.96,326.0,11.2689430528,-1,-1,-1,-1,0,235.305358887,119.263694763,1449015464.6,1449015464.62
324,-12744.0,3192.0,7692.0,-30.0,-7.0,8.74634146341,0.109818220139,1449015500.07,128.0,12.8923777656,-1,-1,-1,-1,0,235.305358887,119.263694763,1449015464.6,1449015464.62
325,-13066.0,2494.0,7564.0,-27.0,15.0,0.0878048780488,0.118280887604,1449015500.19,-14.0,13.4148331008,-1,-1,-1,-1,0,235.305358887,119.263694763,1449015464.6,1449015464.62
326,-12986.0,2586.0,7614.0,-29.0,13.0,-0.339024390244,0.102453947067,1449015500.29,-21.0,13.4019638855,-1,-1,-1,-1,0,235.305358887,119.263694763,1449015464.6,1449015464.62
327,-12924.0,2732.0,7732.0,-38.0,1.0,-8.20487804878,0.100778102875,1449015500.39,-193.0,12.9714447461,-1,-1,-1,-1,0,235.305358887,119.263694763,1449015464.6,1449015464.62
328,-13196.0,1882.0,7456.0,-37.0,21.0,-8.20487804878,0.102051973343,1449015500.49,-150.0,12.1341207501,-1,-1,-1,-1,0,235.305358887,119.263694763,1449015464.6,1449015464.62
329,-13048.0,2174.0,7496.0,-27.0,13.0,-1.98536585366,0.109466075897,1449015500.6,-13.0,11.5763777439,-1,-1,-1,-1,0,235.305358887,119.263694763,1449015464.6,1449015464.62
330,-13058.0,2354.0,7536.0,-27.0,17.0,-1.98536585366,0.104343891144,1449015500.71,-48.0,11.3692169454,-1,-1,-1,-1,0,235.305358887,119.263694763,1449015464.6,1449015464.62
331,-13108.0,2752.0,7460.0,-44.0,24.0,-18.3268292683,0.10463309288,1449015500.81,-316.0,10.306553046,-1,-1,-1,-1,0,235.305358887,119.263694763,1449015464.6,1449015464.62
332,-13250.0,866.0,7510.0,-46.0,44.0,-19.2414634146,0.102674007416,1449015500.91,-462.0,8.37790946524,-1,-1,-1,-1,0,235.305358887,119.263694763,1449015464.6,1449015464.62
333,-13386.0,438.0,7516.0,-38.0,35.0,-19.2414634146,0.10281586647,1449015501.02,-331.0,6.39958173211,-1,-1,-1,-1,0,235.305358887,119.263694763,1449015464.6,1449015464.62
334,-13278.0,-296.0,7448.0,-36.0,25.0,-12.1073170732,0.102988004684,1449015501.12,-214.0,4.78530755625,-1,-1,-1,-1,0,235.305358887,119.263694763,1449015464.6,1449015464.62
335,-13374.0,96.0,7368.0,-30.0,14.0,-11.3146341463,0.104480981827,1449015501.23,-95.0,3.56173332639,-1,-1,-1,-1,0,235.305358887,119.263694763,1449015464.6,1449015464.62
336,-13320.0,-98.0,7490.0,-32.0,28.0,-11.3146341463,0.105518102646,1449015501.33,-201.0,2.36783459913,-1,-1,-1,-1,0,235.305358887,119.263694763,1449015464.6,1449015464.62
337,-13426.0,-792.0,7360.0,-42.0,28.0,-11.3146341463,0.103554964066,1449015501.43,-339.0,1.1961480667,-1,-1,-1,-1,0,235.305358887,119.263694763,1449015464.6,1449015464.62
338,-13460.0,-1764.0,7158.0,-27.0,22.0,-4.18048780488,0.102926969528,1449015501.54,-84.0,0.398715094241,-1,-1,-1,-1,0,235.305358887,119.263694763,1449015464.6,1449015464.62
339,-13318.0,-1062.0,7490.0,-15.0,22.0,0.270731707317,0.120118141174,1449015501.66,38.0,0.163898776799,-1,-1,-1,-1,0,235.305358887,119.263694763,1449015464.6,1449015464.62
340,-13396.0,-528.0,7258.0,-27.0,11.0,0.270731707317,0.104524850845,1449015501.76,-11.0,0.192196968125,-1,-1,-1,-1,0,235.305358887,119.263694763,1449015464.6,1449015464.62
341,-13418.0,76.0,7146.0,-35.0,13.0,-10.0951219512,0.104542016983,1449015501.87,-181.0,-0.321333817738,-1,-1,-1,-1,0,235.305358887,119.263694763,1449015464.6,1449015464.62
342,-13376.0,-1372.0,7314.0,-45.0,23.0,-10.0951219512,0.105173110962,1449015501.97,-361.0,-1.38306919889,-1,-1,-1,-1,0,235.305358887,119.263694763,1449015464.6,1449015464.62
343,-13286.0,-2892.0,7430.0,-27.0,26.0,-5.15609756098,0.106804847717,1449015502.08,-100.0,-2.19752128764,-1,-1,-1,-1,0,235.305358887,119.263694763,1449015464.6,1449015464.62
344,-13338.0,-890.0,7538.0,-25.0,11.0,3.92926829268,0.102210044861,1449015502.18,119.0,-2.26021842491,-1,-1,-1,-1,0,235.305358887,119.263694763,1449015464.6,1449015464.62
345,-13314.0,-1142.0,7308.0,-24.0,16.0,3.92926829268,0.102123975754,1449015502.28,49.0,-1.85894592506,-1,-1,-1,-1,0,235.305358887,119.263694763,1449015464.6,1449015464.62
346,-13482.0,-2554.0,7216.0,-42.0,12.0,-8.93658536585,0.10734295845,1449015502.39,-162.0,-2.12769603933,-1,-1,-1,-1,0,235.305358887,119.263694763,1449015464.6,1449015464.62
347,-13418.0,-2846.0,7216.0,-35.0,12.0,-8.93658536585,0.104346990585,1449015502.49,-173.0,-3.06020182836,-1,-1,-1,-1,0,235.305358887,119.263694763,1449015464.6,1449015464.62
348,-13150.0,-1034.0,7478.0,-22.0,15.0,8.19756097561,0.105291128159,1449015502.6,119.0,-3.09910818426,-1,-1,-1,-1,0,235.305358887,119.263694763,1449015464.6,1449015464.62
349,-13402.0,-1944.0,7378.0,-20.0,15.0,13.6243902439,0.102921009064,1449015502.7,208.0,-1.97613956463,-1,-1,-1,-1,0,235.305358887,119.263694763,1449015464.6,1449015464.62
350,-13282.0,-836.0,7440.0,-12.0,4.0,19.2341463415,0.104508876801,1449015502.81,418.0,-0.259135188707,-1,-1,-1,-1,0,235.305358887,119.263694763,1449015464.6,1449015464.62
351,-13376.0,-136.0,7334.0,-20.0,7.0,19.2341463415,0.102331161499,1449015502.91,300.0,1.70911734686,-1,-1,-1,-1,0,235.305358887,119.263694763,1449015464.6,1449015464.62
352,-13324.0,314.0,7388.0,-23.0,6.0,9.47804878049,0.102385997772,1449015503.01,140.0,3.17898071975,-1,-1,-1,-1,0,235.305358887,119.263694763,1449015464.6,1449015464.62
353,-13382.0,-148.0,7354.0,-26.0,9.0,9.47804878049,0.117691993713,1449015503.13,117.0,4.29447117724,-1,-1,-1,-1,0,235.305358887,119.263694763,1449015464.6,1449015464.62
354,-13310.0,692.0,7344.0,-12.0,-4.0,8.0756097561,0.104287862778,1449015503.23,350.0,5.2097879436,-1,-1,-1,-1,0,235.305358887,119.263694763,1449015464.6,1449015464.62
355,-13124.0,1520.0,7522.0,-27.0,12.0,2.16097560976,0.105247974396,1449015503.34,20.0,5.74847788084,-1,-1,-1,-1,0,235.305358887,119.263694763,1449015464.6,1449015464.62
356,-13282.0,906.0,7432.0,-28.0,13.0,0.209756097561,0.106897115707,1449015503.45,-16.0,5.87519007165,-1,-1,-1,-1,0,235.305358887,119.263694763,1449015464.6,1449015464.62
357,-13222.0,802.0,7558.0,-27.0,15.0,0.209756097561,0.101101875305,1449015503.55,-12.0,5.89639680647,-1,-1,-1,-1,0,235.305358887,119.263694763,1449015464.6,1449015464.62
358,-13392.0,870.0,7412.0,-26.0,14.0,0.209756097561,0.103917121887,1449015503.65,-8.0,5.91819405643,-1,-1,-1,-1,0,235.305358887,119.263694763,1449015464.6,1449015464.62
359,-13328.0,770.0,7478.0,-29.0,17.0,0.453658536585,0.101950883865,1449015503.75,-12.0,5.95201191059,-1,-1,-1,-1,0,235.305358887,119.263694763,1449015464.6,1449015464.62
360,-13306.0,626.0,7468.0,-27.0,12.0,0.209756097561,0.103993177414,1449015503.86,88.0,5.98650720846,-1,-1,-1,-1,0,235.305358887,119.263694763,1449015464.6,1449015464.62
361,-13280.0,990.0,7502.0,-30.0,15.0,-0.0951219512195,0.110880851746,1449015503.97,-22.0,5.99286257436,-1,-1,-1,-1,0,235.305358887,119.263694763,1449015464.6,1449015464.62
362,-13340.0,1072.0,7490.0,-28.0,12.0,-0.0951219512195,0.108952999115,1449015504.08,-17.0,5.98249875249,-1,-1,-1,-1,0,235.305358887,119.263694763,1449015464.6,1449015464.62
363,-13292.0,998.0,7386.0,-30.0,11.0,0.392682926829,0.106956958771,1449015504.18,-9.0,5.99841186099,-1,-1,-1,-1,0,235.305358887,119.263694763,1449015464.6,1449015464.62
364,-13304.0,976.0,7450.0,-24.0,20.0,0.392682926829,0.111183166504,1449015504.29,-8.0,6.04207159223,-1,-1,-1,-1,0,235.305358887,119.263694763,1449015464.6,1449015464.62
365,-13278.0,1050.0,7508.0,-27.0,14.0,-0.582926829268,0.109776973724,1449015504.4,-25.0,6.03162939229,-1,-1,-1,-1,0,235.305358887,119.263694763,1449015464.6,1449015464.62
366,-13382.0,72.0,7450.0,-34.0,19.0,-0.765853658537,0.107217073441,1449015504.51,-125.0,5.95932324398,-1,-1,-1,-1,0,235.305358887,119.263694763,1449015464.6,1449015464.62
367,-13260.0,282.0,7518.0,-31.0,12.0,-0.765853658537,0.108325958252,1449015504.62,-28.0,5.87636141254,-1,-1,-1,-1,0,235.305358887,119.263694763,1449015464.6,1449015464.62
368,-13256.0,734.0,7386.0,-27.0,13.0,-0.460975609756,0.110405921936,1449015504.73,-20.0,5.80863680432,-1,-1,-1,-1,0,235.305358887,119.263694763,1449015464.6,1449015464.62
369,-13274.0,886.0,7408.0,-28.0,13.0,-0.460975609756,0.103457927704,1449015504.83,-23.0,5.76094522302,-1,-1,-1,-1,0,235.305358887,119.263694763,1449015464.6,1449015464.62
370,-13252.0,1032.0,7372.0,-33.0,14.0,-5.27804878049,0.110867977142,1449015504.94,-102.0,5.44280821056,-1,-1,-1,-1,0,235.305358887,119.263694763,1449015464.6,1449015464.62
371,-13320.0,190.0,7510.0,-34.0,22.0,-5.27804878049,0.105911016464,1449015505.05,-170.0,4.88380469927,-1,-1,-1,-1,0,235.305358887,119.263694763,1449015464.6,1449015464.62
372,-13360.0,330.0,7412.0,-28.0,15.0,-0.0341463414634,0.112961053848,1449015505.16,-9.0,4.58376911966,-1,-1,-1,-1,0,235.305358887,119.263694763,1449015464.6,1449015464.62
373,-13336.0,306.0,7400.0,-28.0,16.0,0.148780487805,0.105828046799,1449015505.27,-16.0,4.58983487356,-1,-1,-1,-1,0,235.305358887,119.263694763,1449015464.6,1449015464.62
374,-13334.0,336.0,7446.0,-27.0,15.0,-0.0341463414634,0.103328943253,1449015505.37,-13.0,4.59575738616,-1,-1,-1,-1,0,235.305358887,119.263694763,1449015464.6,1449015464.62
375,-13302.0,290.0,7378.0,-30.0,14.0,0.0878048780488,0.11600112915,1449015505.49,-16.0,4.59886961158,-1,-1,-1,-1,0,235.305358887,119.263694763,1449015464.6,1449015464.62
376,-13262.0,336.0,7438.0,-27.0,17.0,-0.0341463414634,0.10711979866,1449015505.6,-14.0,4.60174355739,-1,-1,-1,-1,0,235.305358887,119.263694763,1449015464.6,1449015464.62
377,-13338.0,356.0,7388.0,-28.0,14.0,-0.156097560976,0.111757993698,1449015505.71,-18.0,4.59111291897,-1,-1,-1,-1,0,235.305358887,119.263694763,1449015464.6,1449015464.62
378,-13324.0,536.0,7444.0,-32.0,16.0,-3.57073170732,0.111981153488,1449015505.82,-74.0,4.38244559881,-1,-1,-1,-1,0,235.305358887,119.263694763,1449015464.6,1449015464.62
379,-13322.0,188.0,7408.0,-38.0,22.0,-10.7658536585,0.109792947769,1449015505.93,-210.0,3.59541761468,-1,-1,-1,-1,0,235.305358887,119.263694763,1449015464.6,1449015464.62
380,-13296.0,-232.0,7416.0,-38.0,17.0,-10.9487804878,0.103521108627,1449015506.03,-192.0,2.47145611455,-1,-1,-1,-1,0,235.305358887,119.263694763,1449015464.6,1449015464.62
381,-13308.0,-620.0,7318.0,-35.0,25.0,-10.9487804878,0.11291885376,1449015506.15,-195.0,1.2351323718,-1,-1,-1,-1,0,235.305358887,119.263694763,1449015464.6,1449015464.62
382,-13382.0,-600.0,7362.0,-34.0,23.0,-11.0707317073,0.10630106926,1449015506.25,-197.0,0.0647835263392,-1,-1,-1,-1,0,235.305358887,119.263694763,1449015464.6,1449015464.62
383,-13312.0,-942.0,7444.0,-43.0,19.0,-16.9853658537,0.117641925812,1449015506.37,-294.0,-1.58550314758,-1,-1,-1,-1,0,235.305358887,119.263694763,1449015464.6,1449015464.62
384,-13224.0,-1460.0,7402.0,-46.0,20.0,-16.9853658537,0.104300022125,1449015506.47,-332.0,-3.35707718192,-1,-1,-1,-1,0,235.305358887,119.263694763,1449015464.6,1449015464.62
385,-13204.0,-2480.0,7352.0,-38.0,22.0,-14.3024390244,0.105293989182,1449015506.58,-250.0,-5.00428607609,-1,-1,-1,-1,0,235.305358887,119.263694763,1449015464.6,1449015464.62
386,-13208.0,-2624.0,7276.0,-24.0,17.0,0.514634146341,0.107241153717,1449015506.69,-7.0,-5.74359612727,-1,-1,-1,-1,0,235.305358887,119.263694763,1449015464.6,1449015464.62
387,-13520.0,-2456.0,7184.0,-24.0,17.0,3.31951219512,0.116160869598,1449015506.8,73.0,-5.52090724067,-1,-1,-1,-1,0,235.305358887,119.263694763,1449015464.6,1449015464.62
388,-13272.0,-1934.0,7324.0,-27.0,15.0,3.31951219512,0.102988958359,1449015506.91,39.0,-5.17903413744,-1,-1,-1,-1,0,235.305358887,119.263694763,1449015464.6,1449015464.62
389,-13348.0,-2020.0,7348.0,-28.0,16.0,0.148780487805,0.111988067627,1449015507.02,-16.0,-4.98483043967,-1,-1,-1,-1,0,235.305358887,119.263694763,1449015464.6,1449015464.62
390,-13352.0,-2050.0,7332.0,-28.0,15.0,0.148780487805,0.111614942551,1449015507.13,-13.0,-4.96822431407,-1,-1,-1,-1,0,235.305358887,119.263694763,1449015464.6,1449015464.62
391,-13270.0,-2284.0,7312.0,-25.0,16.0,4.72195121951,0.112010002136,1449015507.24,62.0,-4.6954389796,-1,-1,-1,-1,0,235.305358887,119.263694763,1449015464.6,1449015464.62
392,-13362.0,-2160.0,7398.0,-17.0,5.0,20.0268292683,0.100986003876,1449015507.34,327.0,-3.44579875847,-1,-1,-1,-1,0,235.305358887,119.263694763,1449015464.6,1449015464.62
393,-13320.0,-920.0,7414.0,-17.0,5.0,20.0268292683,0.107320070267,1449015507.45,313.0,-1.29651803418,-1,-1,-1,-1,0,235.305358887,119.263694763,1449015464.6,1449015464.62
394,-13304.0,-760.0,7480.0,-20.0,4.0,17.4048780488,0.109459877014,1449015507.56,251.0,0.752117005499,-1,-1,-1,-1,0,235.305358887,119.263694763,1449015464.6,1449015464.62
395,-13294.0,-392.0,7522.0,-17.0,7.0,17.4048780488,0.105991125107,1449015507.67,270.0,2.59687961224,-1,-1,-1,-1,0,235.305358887,119.263694763,1449015464.6,1449015464.62
396,-13258.0,0.0,7418.0,-14.0,9.0,17.6487804878,0.101670980453,1449015507.77,274.0,4.37884952818,-1,-1,-1,-1,0,235.305358887,119.263694763,1449015464.6,1449015464.62
397,-13254.0,908.0,7380.0,-15.0,1.0,17.6487804878,0.102304935455,1449015507.87,279.0,6.18440687685,-1,-1,-1,-1,0,235.305358887,119.263694763,1449015464.6,1449015464.62
398,-13218.0,1076.0,7490.0,-19.0,14.0,13.2585365854,0.101969003677,1449015507.97,180.0,7.760201041,-1,-1,-1,-1,0,235.305358887,119.263694763,1449015464.6,1449015464.62
399,-13240.0,1446.0,7634.0,-11.0,8.0,11.9170731707,0.10285615921,1449015508.07,202.0,9.05493430364,-1,-1,-1,-1,0,235.305358887,119.263694763,1449015464.6,1449015464.62
400,-13190.0,1436.0,7456.0,-33.0,11.0,0.270731707317,0.105460882187,1449015508.18,-25.0,9.69760263082,-1,-1,-1,-1,0,235.305358887,119.263694763,1449015464.6,1449015464.62
401,-13180.0,1424.0,7572.0,-27.0,17.0,0.270731707317,0.10627412796,1449015508.29,-11.0,9.72637440693,-1,-1,-1,-1,0,235.305358887,119.263694763,1449015464.6,1449015464.62
402,-13114.0,1286.0,7558.0,-21.0,16.0,6.97804878049,0.109021902084,1449015508.39,99.0,10.1215123252,-1,-1,-1,-1,0,235.305358887,119.263694763,1449015464.6,1449015464.62
403,-13106.0,2266.0,7408.0,-14.0,2.0,6.97804878049,0.109272003174,1449015508.5,253.0,10.8840176937,-1,-1,-1,-1,0,235.305358887,119.263694763,1449015464.6,1449015464.62
404,-13088.0,2722.0,7490.0,-28.0,8.0,4.29512195122,0.106684923172,1449015508.61,55.0,11.4853563704,-1,-1,-1,-1,0,235.305358887,119.263694763,1449015464.6,1449015464.62
405,-13084.0,2120.0,7512.0,-27.0,16.0,4.11219512195,0.104316949844,1449015508.72,-3.0,11.9238692071,-1,-1,-1,-1,0,235.305358887,119.263694763,1449015464.6,1449015464.62
406,-13034.0,1874.0,7502.0,-20.0,21.0,4.11219512195,0.117301225662,1449015508.83,52.0,12.4062347351,-1,-1,-1,-1,0,235.305358887,119.263694763,1449015464.6,1449015464.62
407,-13030.0,2666.0,7526.0,-24.0,11.0,5.02682926829,0.110521793365,1449015508.94,166.0,12.9112654177,-1,-1,-1,-1,0,235.305358887,119.263694763,1449015464.6,1449015464.62
408,-12952.0,2978.0,7558.0,-24.0,10.0,5.02682926829,0.10583615303,1449015509.05,67.0,13.4432856894,-1,-1,-1,-1,0,235.305358887,119.263694763,1449015464.6,1449015464.62
409,-13058.0,2884.0,7444.0,-31.0,13.0,0.69756097561,0.103158950806,1449015509.15,-4.0,13.7385467352,-1,-1,-1,-1,0,235.305358887,119.263694763,1449015464.6,1449015464.62
410,-13026.0,3124.0,7478.0,-30.0,15.0,-1.13170731707,0.110923051834,1449015509.26,-34.0,13.7144683166,-1,-1,-1,-1,0,235.305358887,119.263694763,1449015464.6,1449015464.62
411,-12830.0,3090.0,7554.0,-31.0,22.0,-6.31463414634,0.116845846176,1449015509.38,-119.0,13.279431282,-1,-1,-1,-1,0,235.305358887,119.263694763,1449015464.6,1449015464.62
412,-13030.0,2558.0,7502.0,-37.0,18.0,-7.53414634146,0.104181051254,1449015509.48,-139.0,12.5580410271,-1,-1,-1,-1,0,235.305358887,119.263694763,1449015464.6,1449015464.62
413,-13022.0,2290.0,7458.0,-41.0,23.0,-13.4487804878,0.110260009766,1449015509.59,-236.0,11.4012521686,-1,-1,-1,-1,0,235.305358887,119.263694763,1449015464.6,1449015464.62
414,-13164.0,1926.0,7454.0,-51.0,24.0,-20.2170731707,0.11686205864,1449015509.71,-396.0,9.43412168637,-1,-1,-1,-1,0,235.305358887,119.263694763,1449015464.6,1449015464.62
415,-13262.0,1142.0,7484.0,-41.0,42.0,-20.2170731707,0.103337049484,1449015509.81,-347.0,7.34494899569,-1,-1,-1,-1,0,235.305358887,119.263694763,1449015464.6,1449015464.62
416,-13280.0,610.0,7484.0,-35.0,25.0,-18.0219512195,0.113273859024,1449015509.93,-280.0,5.1792080667,-1,-1,-1,-1,0,235.305358887,119.263694763,1449015464.6,1449015464.62
417,-13274.0,144.0,7468.0,-36.0,30.0,-16.1317073171,0.103435993195,1449015510.03,-311.0,3.41284927072,-1,-1,-1,-1,0,235.305358887,119.263694763,1449015464.6,1449015464.62
418,-13326.0,-764.0,7396.0,-34.0,18.0,-7.77804878049,0.104851007462,1449015510.14,-143.0,2.15936826322,-1,-1,-1,-1,0,235.305358887,119.263694763,1449015464.6,1449015464.62
419,-13320.0,-234.0,7508.0,-28.0,16.0,0.69756097561,0.10631608963,1449015510.24,-4.0,1.78298337518,-1,-1,-1,-1,0,235.305358887,119.263694763,1449015464.6,1449015464.62
420,-13386.0,-16.0,7440.0,-19.0,16.0,7.22195121951,0.105220079422,1449015510.35,116.0,2.19962922625,-1,-1,-1,-1,0,235.305358887,119.263694763,1449015464.6,1449015464.62
421,-13306.0,128.0,7536.0,-24.0,11.0,7.22195121951,0.105070829391,1449015510.45,103.0,2.95844563071,-1,-1,-1,-1,0,235.305358887,119.263694763,1449015464.6,1449015464.62
422,-13446.0,152.0,7434.0,-29.0,15.0,0.0878048780488,0.107362985611,1449015510.56,-19.0,3.35084425007,-1,-1,-1,-1,0,235.305358887,119.263694763,1449015464.6,1449015464.62
423,-13340.0,118.0,7340.0,-27.0,14.0,0.0878048780488,0.105054140091,1449015510.66,-14.0,3.36006851603,-1,-1,-1,-1,0,235.305358887,119.263694763,1449015464.6,1449015464.62
424,-13414.0,126.0,7406.0,-32.0,16.0,0.69756097561,0.108305931091,1449015510.77,-4.0,3.40259840605,-1,-1,-1,-1,0,235.305358887,119.263694763,1449015464.6,1449015464.62
425,-13186.0,-304.0,7536.0,-8.0,8.0,12.2829268293,0.107939958572,1449015510.88,310.0,4.103155064,-1,-1,-1,-1,0,235.305358887,119.263694763,1449015464.6,1449015464.62
426,-13290.0,1738.0,7464.0,-22.0,8.0,12.2829268293,0.101204156876,1449015510.98,186.0,5.34623831772,-1,-1,-1,-1,0,235.305358887,119.263694763,1449015464.6,1449015464.62
427,-13274.0,922.0,7322.0,-27.0,18.0,-0.217073170732,0.113035917282,1449015511.1,-19.0,6.02817573576,-1,-1,-1,-1,0,235.305358887,119.263694763,1449015464.6,1449015464.62
428,-13186.0,1008.0,7478.0,-36.0,7.0,-0.217073170732,0.116312980652,1449015511.21,-40.0,6.00292730826,-1,-1,-1,-1,0,235.305358887,119.263694763,1449015464.6,1449015464.62
429,-13318.0,1014.0,7492.0,-28.0,13.0,-0.0341463414634,0.110263109207,1449015511.32,-16.0,5.989077186,-1,-1,-1,-1,0,235.305358887,119.263694763,1449015464.6,1449015464.62
430,-13258.0,1028.0,7444.0,-29.0,13.0,-0.0341463414634,0.101589918137,1449015511.42,-15.0,5.98560826197,-1,-1,-1,-1,0,235.305358887,119.263694763,1449015464.6,1449015464.62
431,-13296.0,972.0,7406.0,-29.0,14.0,0.0268292682927,0.10613489151,1449015511.53,-16.0,5.98521996359,-1,-1,-1,-1,0,235.305358887,119.263694763,1449015464.6,1449015464.62
432,-13350.0,1004.0,7438.0,-28.0,15.0,-0.0341463414634,0.104055166245,1449015511.63,-14.0,5.98483927395,-1,-1,-1,-1,0,235.305358887,119.263694763,1449015464.6,1449015464.62
433,-13340.0,1234.0,7436.0,-35.0,12.0,-1.68048780488,0.102574825287,1449015511.74,-43.0,5.89690012496,-1,-1,-1,-1,0,235.305358887,119.263694763,1449015464.6,1449015464.62
434,-13232.0,1042.0,7516.0,-29.0,19.0,-1.68048780488,0.101692199707,1449015511.84,-79.0,5.7260076235,-1,-1,-1,-1,0,235.305358887,119.263694763,1449015464.6,1449015464.62
435,-13282.0,816.0,7524.0,-32.0,13.0,-3.69268292683,0.105291843414,1449015511.94,-34.0,5.44313209784,-1,-1,-1,-1,0,235.305358887,119.263694763,1449015464.6,1449015464.62
436,-13260.0,1002.0,7442.0,-31.0,16.0,-3.69268292683,0.109614133835,1449015512.05,-76.0,5.03836185729,-1,-1,-1,-1,0,235.305358887,119.263694763,1449015464.6,1449015464.62
437,-13252.0,690.0,7522.0,-34.0,24.0,-11.9853658537,0.102444887161,1449015512.16,-214.0,4.23529388817,-1,-1,-1,-1,0,235.305358887,119.263694763,1449015464.6,1449015464.62
438,-13288.0,136.0,7500.0,-36.0,21.0,-11.9853658537,0.113680124283,1449015512.27,-212.0,2.87279600835,-1,-1,-1,-1,0,235.305358887,119.263694763,1449015464.6,1449015464.62
439,-13308.0,-38.0,7400.0,-32.0,26.0,-10.3390243902,0.110857963562,1449015512.38,-185.0,1.63537778825,-1,-1,-1,-1,0,235.305358887,119.263694763,1449015464.6,1449015464.62
440,-13304.0,-414.0,7460.0,-27.0,16.0,0.209756097561,0.108388900757,1449015512.49,-12.0,1.0864276604,-1,-1,-1,-1,0,235.305358887,119.263694763,1449015464.6,1449015464.62
441,-13312.0,-266.0,7380.0,-24.0,19.0,0.819512195122,0.104998111725,1449015512.59,-2.0,1.14046327399,-1,-1,-1,-1,0,235.305358887,119.263694763,1449015464.6,1449015464.62
442,-13482.0,226.0,7256.0,-16.0,19.0,0.819512195122,0.109553813934,1449015512.7,32.0,1.23024396053,-1,-1,-1,-1,0,235.305358887,119.263694763,1449015464.6,1449015464.62
443,-13414.0,22.0,7392.0,-29.0,12.0,0.69756097561,0.104236125946,1449015512.81,-4.0,1.30931087558,-1,-1,-1,-1,0,235.305358887,119.263694763,1449015464.6,1449015464.62
444,-13264.0,-132.0,7518.0,-29.0,17.0,0.69756097561,0.10685300827,1449015512.91,-9.0,1.38384736427,-1,-1,-1,-1,0,235.305358887,119.263694763,1449015464.6,1449015464.62
445,-13364.0,-380.0,7398.0,-25.0,11.0,6.5512195122,0.104467868805,1449015513.02,92.0,1.76247968877,-1,-1,-1,-1,0,235.305358887,119.263694763,1449015464.6,1449015464.62
446,-13308.0,-30.0,7454.0,-17.0,3.0,19.2341463415,0.110655069351,1449015513.13,300.0,3.18912041216,-1,-1,-1,-1,0,235.305358887,119.263694763,1449015464.6,1449015464.62
447,-13340.0,958.0,7386.0,-13.0,0.0,22.2829268293,0.114269971848,1449015513.24,350.0,5.56119780337,-1,-1,-1,-1,0,235.305358887,119.263694763,1449015464.6,1449015464.62
448,-13072.0,1492.0,7550.0,-10.0,10.0,23.8682926829,0.105532169342,1449015513.35,376.0,7.99641695982,-1,-1,-1,-1,0,235.305358887,119.263694763,1449015464.6,1449015464.62
449,-13098.0,2284.0,7462.0,-19.0,-8.0,23.8682926829,0.102880001068,1449015513.45,379.0,10.4519869365,-1,-1,-1,-1,0,235.305358887,119.263694763,1449015464.6,1449015464.62
450,-12952.0,3006.0,7532.0,-18.0,11.0,17.1,0.107292890549,1449015513.56,265.0,12.6497902079,-1,-1,-1,-1,0,235.305358887,119.263694763,1449015464.6,1449015464.62
451,-12878.0,3434.0,7530.0,-31.0,5.0,4.53902439024,0.11226606369,1449015513.67,59.0,13.8644542531,-1,-1,-1,-1,0,235.305358887,119.263694763,1449015464.6,1449015464.62
452,-12926.0,2890.0,7542.0,-28.0,17.0,-0.278048780488,0.110919952393,1449015513.78,-20.0,14.100767859,-1,-1,-1,-1,0,235.305358887,119.263694763,1449015464.6,1449015464.62
453,-12856.0,2862.0,7562.0,-33.0,15.0,-0.278048780488,0.105143070221,1449015513.89,-72.0,14.0715329566,-1,-1,-1,-1,0,235.305358887,119.263694763,1449015464.6,1449015464.62
454,-12950.0,2844.0,7470.0,-28.0,12.0,-1.3756097561,0.115458011627,1449015514.0,-12.0,13.9760688933,-1,-1,-1,-1,0,235.305358887,119.263694763,1449015464.6,1449015464.62
455,-12816.0,2702.0,7582.0,-33.0,13.0,-1.3756097561,0.106175899506,1449015514.11,-38.0,13.8300122901,-1,-1,-1,-1,0,235.305358887,119.263694763,1449015464.6,1449015464.62
456,-12870.0,2958.0,7620.0,-28.0,21.0,-3.20487804878,0.105643033981,1449015514.21,-68.0,13.5880639757,-1,-1,-1,-1,0,235.305358887,119.263694763,1449015464.6,1449015464.62
457,-12990.0,3314.0,7484.0,-49.0,29.0,-21.0707317073,0.111366987228,1449015514.33,-361.0,12.2363132148,-1,-1,-1,-1,0,235.305358887,119.263694763,1449015464.6,1449015464.62
458,-13012.0,1548.0,7656.0,-51.0,24.0,-21.0707317073,0.110360860825,1449015514.44,-377.0,9.9109291254,-1,-1,-1,-1,0,235.305358887,119.263694763,1449015464.6,1449015464.62
459,-13202.0,1026.0,7560.0,-36.0,25.0,-11.9853658537,0.107665061951,1449015514.54,-212.0,8.13143572953,-1,-1,-1,-1,0,235.305358887,119.263694763,1449015464.6,1449015464.62
460,-13142.0,1068.0,7486.0,-33.0,15.0,-5.46097560976,0.110584974289,1449015514.65,-105.0,7.16678411844,-1,-1,-1,-1,0,235.305358887,119.263694763,1449015464.6,1449015464.62
461,-13252.0,1134.0,7396.0,-29.0,14.0,-0.156097560976,0.106881141663,1449015514.76,-12.0,6.8666045218,-1,-1,-1,-1,0,235.305358887,119.263694763,1449015464.6,1449015464.62
462,-13214.0,1224.0,7468.0,-27.0,14.0,-0.156097560976,0.110991001129,1449015514.87,-18.0,6.84927909723,-1,-1,-1,-1,0,235.305358887,119.263694763,1449015464.6,1449015464.62
463,-13196.0,1774.0,7454.0,-35.0,14.0,-6.43658536585,0.108299016953,1449015514.98,-121.0,6.4922885572,-1,-1,-1,-1,0,235.305358887,119.263694763,1449015464.6,1449015464.62
464,-13172.0,608.0,7480.0,-37.0,41.0,-9.97317073171,0.112772941589,1449015515.09,-383.0,5.56700032426,-1,-1,-1,-1,0,235.305358887,119.263694763,1449015464.6,1449015464.62
465,-13302.0,-210.0,7444.0,-35.0,18.0,-9.97317073171,0.114588975906,1449015515.21,-179.0,4.42418490358,-1,-1,-1,-1,0,235.305358887,119.263694763,1449015464.6,1449015464.62
466,-13284.0,208.0,7424.0,-31.0,17.0,-8.26585365854,0.105330944061,1449015515.31,-126.0,3.46361807468,-1,-1,-1,-1,0,235.305358887,119.263694763,1449015464.6,1449015464.62
467,-13284.0,-292.0,7430.0,-32.0,23.0,-8.26585365854,0.109609127045,1449015515.42,-151.0,2.55760507089,-1,-1,-1,-1,0,235.305358887,119.263694763,1449015464.6,1449015464.62
468,-13354.0,-124.0,7386.0,-38.0,17.0,-9.66829268293,0.113689899445,1449015515.54,-174.0,1.5381394238,-1,-1,-1,-1,0,235.305358887,119.263694763,1449015464.6,1449015464.62
469,-13136.0,-304.0,7476.0,-40.0,26.0,-13.4487804878,0.112091064453,1449015515.65,-330.0,0.242530754427,-1,-1,-1,-1,0,235.305358887,119.263694763,1449015464.6,1449015464.62
470,-13260.0,-1468.0,7474.0,-37.0,25.0,-13.4487804878,0.105145931244,1449015515.75,-236.0,-1.17155379406,-1,-1,-1,-1,0,235.305358887,119.263694763,1449015464.6,1449015464.62
471,-13304.0,-1348.0,7330.0,-23.0,17.0,-1.3756097561,0.106559991837,1449015515.86,-2.0,-1.96139724574,-1,-1,-1,-1,0,235.305358887,119.263694763,1449015464.6,1449015464.62
472,-13408.0,-1040.0,7404.0,-32.0,14.0,-1.3756097561,0.102384090424,1449015515.96,-38.0,-2.1022377994,-1,-1,-1,-1,0,235.305358887,119.263694763,1449015464.6,1449015464.62
473,-13352.0,-1466.0,7278.0,-27.0,22.0,-4.11951219512,0.105465888977,1449015516.07,-99.0,-2.39201176021,-1,-1,-1,-1,0,235.305358887,119.263694763,1449015464.6,1449015464.62
474,-13352.0,-1570.0,7328.0,-29.0,18.0,-4.11951219512,0.105709075928,1449015516.17,-83.0,-2.82748158763,-1,-1,-1,-1,0,235.305358887,119.263694763,1449015464.6,1449015464.62
475,-13364.0,-2016.0,7352.0,-16.0,22.0,-0.0951219512195,0.106692075729,1449015516.28,-17.0,-3.05231562039,-1,-1,-1,-1,0,235.305358887,119.263694763,1449015464.6,1449015464.62
476,-13334.0,-1722.0,7290.0,-28.0,13.0,2.46585365854,0.102838993073,1449015516.38,25.0,-2.93041378957,-1,-1,-1,-1,0,235.305358887,119.263694763,1449015464.6,1449015464.62
477,-13272.0,-1650.0,7414.0,-25.0,13.0,6.24634146341,0.103202819824,1449015516.49,87.0,-2.48085223785,-1,-1,-1,-1,0,235.305358887,119.263694763,1449015464.6,1449015464.62
478,-13368.0,-1652.0,7232.0,-20.0,5.0,12.5268292683,0.107592105865,1449015516.59,224.0,-1.47092975145,-1,-1,-1,-1,0,235.305358887,119.263694763,1449015464.6,1449015464.62
479,-13398.0,-334.0,7318.0,-22.0,14.0,12.5268292683,0.102528095245,1449015516.7,190.0,-0.186577807112,-1,-1,-1,-1,0,235.305358887,119.263694763,1449015464.6,1449015464.62
480,-13240.0,-760.0,7432.0,-27.0,15.0,1.67317073171,0.10567688942,1449015516.8,-17.0,0.563728107766,-1,-1,-1,-1,0,235.305358887,119.263694763,1449015464.6,1449015464.62
481,-13344.0,-852.0,7396.0,-28.0,11.0,1.67317073171,0.108942985535,1449015516.91,12.0,0.746008322588,-1,-1,-1,-1,0,235.305358887,119.263694763,1449015464.6,1449015464.62
482,-13418.0,-590.0,7368.0,-23.0,13.0,6.5512195122,0.111716032028,1449015517.02,96.0,1.20540644454,-1,-1,-1,-1,0,235.305358887,119.263694763,1449015464.6,1449015464.62
483,-13354.0,-244.0,7392.0,-24.0,7.0,6.5512195122,0.106517076492,1449015517.13,92.0,1.90322319444,-1,-1,-1,-1,0,235.305358887,119.263694763,1449015464.6,1449015464.62
484,-13378.0,-168.0,7362.0,-26.0,12.0,2.70975609756,0.11363196373,1449015517.24,29.0,2.42939461673,-1,-1,-1,-1,0,235.305358887,119.263694763,1449015464.6,1449015464.62
485,-13398.0,-276.0,7398.0,-27.0,17.0,0.0878048780488,0.10643696785,1449015517.35,-14.0,2.57827657054,-1,-1,-1,-1,0,235.305358887,119.263694763,1449015464.6,1449015464.62
486,-13398.0,-260.0,7410.0,-26.0,15.0,0.0878048780488,0.10554599762,1449015517.46,-14.0,2.58754402399,-1,-1,-1,-1,0,235.305358887,119.263694763,1449015464.6,1449015464.62
487,-13316.0,-228.0,7306.0,-24.0,10.0,0.0878048780488,0.107763051987,1449015517.56,-16.0,2.59700614563,-1,-1,-1,-1,0,235.305358887,119.263694763,1449015464.6,1449015464.62
488,-13534.0,-544.0,7228.0,-30.0,18.0,0.148780487805,0.103045940399,1449015517.67,-12.0,2.60919572638,-1,-1,-1,-1,0,235.305358887,119.263694763,1449015464.6,1449015464.62
489,-13312.0,-300.0,7410.0,-28.0,13.0,0.148780487805,0.105484008789,1449015517.77,-13.0,2.62488968867,-1,-1,-1,-1,0,235.305358887,119.263694763,1449015464.6,1449015464.62
490,-13376.0,-296.0,7390.0,-28.0,17.0,0.0878048780488,0.108256101608,1449015517.88,-15.0,2.63769559337,-1,-1,-1,-1,0,235.305358887,119.263694763,1449015464.6,1449015464.62
491,-13374.0,-316.0,7396.0,-30.0,14.0,0.0878048780488,0.102240800858,1449015517.98,-14.0,2.64667283442,-1,-1,-1,-1,0,235.305358887,119.263694763,1449015464.6,1449015464.62
492,-13390.0,-340.0,7344.0,-28.0,16.0,0.0878048780488,0.102527141571,1449015518.08,-14.0,2.65567521758,-1,-1,-1,-1,0,235.305358887,119.263694763,1449015464.6,1449015464.62
493,-13458.0,-292.0,7482.0,-29.0,14.0,0.0268292682927,0.104480028152,1449015518.19,-15.0,2.661663707,-1,-1,-1,-1,0,235.305358887,119.263694763,1449015464.6,1449015464.62
494,-13292.0,-374.0,7368.0,-29.0,13.0,0.0268292682927,0.109650850296,1449015518.3,-15.0,2.66460555908,-1,-1,-1,-1,0,235.305358887,119.263694763,1449015464.6,1449015464.62
495,-13388.0,-408.0,7492.0,-28.0,16.0,0.0268292682927,0.119223117828,1449015518.42,-14.0,2.6678042281,-1,-1,-1,-1,0,235.305358887,119.263694763,1449015464.6,1449015464.62
