,faceBottom,faceLeft,faceRight,faceTop,frameIndex,isFrontFace,noseX,noseY,time,timestamp_x,ax,ay,az,gx,gy,gyax,gz,time_diff,timestamp_y,gz_raw,theta
0,105,135,196,44,5,1,168.333328247,78.6666641235,1457571833.48,1457571833.82,-12778.0,-2220.0,7340.0,-31.0,18.0,,0.148780487805,0.0415799617767,1457571833.58,-92.0,-0.115628606226
1,110,131,207,34,6,1,170.547225952,78.2515869141,1457571833.88,1457571833.91,-12778.0,-2220.0,7340.0,-31.0,18.0,,0.148780487805,0.0415799617767,1457571833.58,-92.0,-0.115628606226
2,112,131,209,34,7,1,171.965820312,77.5130081177,1457571833.97,1457571834.0,-12778.0,-2220.0,7340.0,-31.0,18.0,,0.148780487805,0.0415799617767,1457571833.58,-92.0,-0.115628606226
3,109,132,211,30,8,1,173.447937012,76.0484390259,1457571834.06,1457571834.1,-12778.0,-2220.0,7340.0,-31.0,18.0,,0.148780487805,0.0415799617767,1457571833.58,-92.0,-0.115628606226
4,109,131,213,27,9,1,174.160827637,74.8501586914,1457571834.18,1457571834.2,-12778.0,-2220.0,7340.0,-31.0,18.0,,0.148780487805,0.0415799617767,1457571833.58,-92.0,-0.115628606226
5,106,130,213,23,10,1,173.22895813,71.3855819702,1457571834.24,1457571834.27,-12778.0,-2220.0,7340.0,-31.0,18.0,,0.148780487805,0.0415799617767,1457571833.58,-92.0,-0.115628606226
6,103,132,212,23,11,1,173.005554199,70.5325622559,1457571834.31,1457571834.33,-12778.0,-2220.0,7340.0,-31.0,18.0,,0.148780487805,0.0415799617767,1457571833.58,-92.0,-0.115628606226
7,104,131,211,24,12,1,172.537841797,70.4603500366,1457571834.37,1457571834.4,-12778.0,-2220.0,7340.0,-31.0,18.0,,0.148780487805,0.0415799617767,1457571833.58,-92.0,-0.115628606226
8,104,131,211,24,13,1,172.46534729,70.6245651245,1457571834.44,1457571834.46,-12778.0,-2220.0,7340.0,-31.0,18.0,,0.148780487805,0.0415799617767,1457571833.58,-92.0,-0.115628606226
9,105,130,211,24,14,1,172.958969116,70.5748519897,1457571834.51,1457571834.53,-12778.0,-2220.0,7340.0,-31.0,18.0,,0.148780487805,0.0415799617767,1457571833.58,-92.0,-0.115628606226
10,104,132,211,25,15,1,173.31652832,70.0884933472,1457571834.57,1457571834.6,-12778.0,-2220.0,7340.0,-31.0,18.0,,0.148780487805,0.0415799617767,1457571833.58,-92.0,-0.115628606226
11,103,132,211,24,16,1,173.260925293,69.9174423218,1457571834.64,1457571834.67,-12778.0,-98.0,7454.0,-29.0,15.0,-13314.0,-0.0951219512195,2.08646798134,1457571835.67,-17.0,-0.313892833489
12,103,132,210,25,17,1,172.980041504,70.1418228149,1457571834.73,1457571834.76,-12778.0,-98.0,7454.0,-29.0,15.0,-13314.0,-0.0951219512195,2.08646798134,1457571835.67,-17.0,-0.313892833489
13,104,133,211,26,18,1,172.783981323,70.5327835083,1457571834.81,1457571834.84,-12778.0,-98.0,7454.0,-29.0,15.0,-13314.0,-0.0951219512195,2.08646798134,1457571835.67,-17.0,-0.313892833489
14,103,131,209,25,19,1,172.072631836,71.1814041138,1457571834.9,1457571834.93,-12778.0,-98.0,7454.0,-29.0,15.0,-13314.0,-0.0951219512195,2.08646798134,1457571835.67,-17.0,-0.313892833489
15,104,130,210,24,20,1,171.811889648,71.2645492554,1457571835.0,1457571835.04,-12778.0,-98.0,7454.0,-29.0,15.0,-13314.0,-0.0951219512195,2.08646798134,1457571835.67,-17.0,-0.313892833489
16,103,131,206,28,21,1,170.75831604,70.894317627,1457571835.08,1457571835.1,-12778.0,-98.0,7454.0,-29.0,15.0,-13314.0,-0.0951219512195,2.08646798134,1457571835.67,-17.0,-0.313892833489
17,102,131,206,27,22,1,170.371826172,70.6998901367,1457571835.14,1457571835.16,-12778.0,-98.0,7454.0,-29.0,15.0,-13314.0,-0.0951219512195,2.08646798134,1457571835.67,-17.0,-0.313892833489
18,103,129,206,26,23,1,169.587402344,70.1696472168,1457571835.2,1457571835.22,-12778.0,-98.0,7454.0,-29.0,15.0,-13314.0,-0.0951219512195,2.08646798134,1457571835.67,-17.0,-0.313892833489
19,103,129,207,25,24,1,169.230239868,69.9262542725,1457571835.27,1457571835.29,-12778.0,-98.0,7454.0,-29.0,15.0,-13314.0,-0.0951219512195,2.08646798134,1457571835.67,-17.0,-0.313892833489
20,101,131,205,27,25,1,168.807846069,69.3862686157,1457571835.33,1457571835.35,-12778.0,-98.0,7454.0,-29.0,15.0,-13314.0,-0.0951219512195,2.08646798134,1457571835.67,-17.0,-0.313892833489
21,101,129,205,25,26,1,168.745285034,69.1220092773,1457571835.39,1457571835.41,-12778.0,-98.0,7454.0,-29.0,15.0,-13314.0,-0.0951219512195,2.08646798134,1457571835.67,-17.0,-0.313892833489
22,99,130,204,25,27,1,168.798141479,68.6666946411,1457571835.45,1457571835.48,-12778.0,-98.0,7454.0,-29.0,15.0,-13314.0,-0.0951219512195,2.08646798134,1457571835.67,-17.0,-0.313892833489
23,98,130,202,26,28,1,168.663162231,68.6279373169,1457571835.52,1457571835.54,-12778.0,-98.0,7454.0,-29.0,15.0,-13314.0,-0.0951219512195,2.08646798134,1457571835.67,-17.0,-0.313892833489
24,99,130,203,26,29,1,168.399856567,69.0752716064,1457571835.63,1457571835.66,-12778.0,-98.0,7454.0,-29.0,15.0,-13314.0,-0.0951219512195,2.08646798134,1457571835.67,-17.0,-0.313892833489
25,101,129,203,27,30,1,168.014266968,69.9711837769,1457571835.7,1457571835.72,-12778.0,-98.0,7454.0,-29.0,15.0,-13314.0,-0.0951219512195,2.08646798134,1457571835.67,-17.0,-0.313892833489
26,103,128,205,26,31,1,167.732833862,70.022605896,1457571835.77,1457571835.79,-13338.0,-120.0,7482.0,-29.0,16.0,,-0.156097560976,0.103291034698,1457571835.77,-18.0,-0.326867195164
27,102,128,204,26,32,1,167.162536621,69.5517959595,1457571835.84,1457571835.86,-13358.0,-88.0,7434.0,-29.0,15.0,,-0.156097560976,0.0999629497528,1457571835.87,-18.0,-0.342471167809
28,103,127,205,25,33,1,167.005447388,69.4766998291,1457571835.9,1457571835.93,-13400.0,-150.0,7382.0,-29.0,16.0,,-0.156097560976,0.106756210327,1457571835.98,-17.0,-0.35913555186
29,103,126,204,25,34,1,167.155776978,70.0657424927,1457571835.98,1457571836.0,-13400.0,-150.0,7382.0,-29.0,16.0,,-0.156097560976,0.106756210327,1457571835.98,-17.0,-0.35913555186
30,101,128,201,28,35,1,167.080993652,70.1971359253,1457571836.05,1457571836.08,-13314.0,-102.0,7364.0,-30.0,15.0,,-0.156097560976,0.105112791061,1457571836.09,-18.0,-0.375543402172
31,100,128,201,27,36,1,166.615097046,70.061164856,1457571836.13,1457571836.15,-13348.0,-150.0,7496.0,-31.0,17.0,,-0.156097560976,0.101024150848,1457571836.19,-18.0,-0.391313025719
32,103,126,203,26,37,1,166.239868164,69.585319519,1457571836.2,1457571836.23,-13348.0,-150.0,7496.0,-31.0,17.0,,-0.156097560976,0.101024150848,1457571836.19,-18.0,-0.391313025719
33,101,126,202,25,38,1,166.121810913,69.3128814697,1457571836.28,1457571836.3,-13310.0,-152.0,7434.0,-30.0,17.0,,-0.156097560976,0.101557970047,1457571836.29,-18.0,-0.407165977141
34,100,127,201,26,39,1,166.245559692,69.5472106934,1457571836.35,1457571836.37,-13350.0,-102.0,7422.0,-30.0,16.0,,-0.156097560976,0.102236032486,1457571836.39,-18.0,-0.423124772456
35,102,127,203,26,40,1,166.341262817,69.7871017456,1457571836.42,1457571836.45,-13334.0,-132.0,7406.0,-29.0,16.0,,-0.156097560976,0.105562925339,1457571836.5,-18.0,-0.43960288763
36,102,127,204,25,41,1,166.631347656,70.0598831177,1457571836.5,1457571836.52,-13334.0,-132.0,7406.0,-29.0,16.0,,-0.156097560976,0.105562925339,1457571836.5,-18.0,-0.43960288763
37,102,128,204,26,42,1,166.843994141,69.981880188,1457571836.58,1457571836.61,-13346.0,-126.0,7424.0,-29.0,16.0,,-0.156097560976,0.102960109711,1457571836.6,-18.0,-0.455674709634
38,102,127,203,26,43,1,167.071029663,69.8978347778,1457571836.66,1457571836.68,-13350.0,-128.0,7430.0,-29.0,17.0,,-0.0951219512195,0.102486848831,1457571836.7,-17.0,-0.468548057719
39,103,127,204,26,44,1,167.261199951,69.9070358276,1457571836.74,1457571836.78,-13290.0,-138.0,7512.0,-29.0,16.0,,-0.0951219512195,0.102401018143,1457571836.8,-17.0,-0.478288642372
40,102,129,205,26,45,1,168.058639526,70.0533981323,1457571836.83,1457571836.87,-13356.0,-92.0,7444.0,-29.0,16.0,,-0.156097560976,0.102478027344,1457571836.91,-18.0,-0.491160882392
41,102,128,205,25,46,1,168.430358887,70.11693573,1457571836.93,1457571836.96,-13356.0,-92.0,7444.0,-29.0,16.0,,-0.156097560976,0.102478027344,1457571836.91,-18.0,-0.491160882392
42,102,129,205,26,47,1,168.596755981,69.9951782227,1457571837.0,1457571837.04,-13316.0,-134.0,7420.0,-28.0,16.0,,-0.156097560976,0.101951122284,1457571837.01,-18.0,-0.507075203919
43,100,130,202,28,48,1,168.688583374,69.986831665,1457571837.09,1457571837.11,-13334.0,-94.0,7420.0,-29.0,16.0,,-0.156097560976,0.102582931519,1457571837.11,-18.0,-0.523088149327
44,101,130,205,26,49,1,168.694702148,69.9799880981,1457571837.17,1457571837.2,-13340.0,-152.0,7372.0,-30.0,16.0,,-0.156097560976,0.108414888382,1457571837.22,-18.0,-0.540011448976
45,102,129,206,25,50,1,168.703964233,69.9230041504,1457571837.25,1457571837.28,-13318.0,-130.0,7432.0,-29.0,17.0,,-0.156097560976,0.104495048523,1457571837.32,-19.0,-0.556322871185
46,102,129,205,26,51,1,168.611572266,69.8776702881,1457571837.33,1457571837.36,-13318.0,-130.0,7432.0,-29.0,17.0,,-0.156097560976,0.104495048523,1457571837.32,-19.0,-0.556322871185
47,101,129,203,27,52,1,168.361129761,69.8803787231,1457571837.42,1457571837.45,-13278.0,-158.0,7444.0,-29.0,17.0,,-0.156097560976,0.100563049316,1457571837.43,-17.0,-0.572020517907
48,102,128,204,26,53,1,168.198791504,69.8934555054,1457571837.51,1457571837.54,-13322.0,-170.0,7404.0,-28.0,17.0,,-0.0951219512195,0.100558996201,1457571837.53,-18.0,-0.584651708894
49,102,127,204,25,54,1,168.108840942,69.7891387939,1457571837.6,1457571837.62,-13342.0,-170.0,7444.0,-29.0,16.0,,-0.0951219512195,0.102967023849,1457571837.63,-17.0,-0.594446133113
50,102,128,205,25,55,1,167.982620239,69.6672973633,1457571837.69,1457571837.73,-13350.0,-114.0,7414.0,-29.0,16.0,,-0.0951219512195,0.102128982544,1457571837.73,-17.0,-0.604160841209
51,101,128,205,24,56,1,167.853210449,69.0734863281,1457571837.79,1457571837.82,-13360.0,-124.0,7418.0,-30.0,15.0,,-0.156097560976,0.10552406311,1457571837.84,-18.0,-0.617415693039
52,99,130,202,27,57,1,167.712112427,68.6053848267,1457571837.88,1457571837.91,-13270.0,-152.0,7462.0,-28.0,16.0,,-0.156097560976,0.102298021317,1457571837.94,-18.0,-0.633384164659
53,99,129,203,25,58,1,167.656570435,67.7726364136,1457571837.96,1457571837.98,-13270.0,-152.0,7462.0,-28.0,16.0,,-0.156097560976,0.102298021317,1457571837.94,-18.0,-0.633384164659
54,97,129,202,24,59,1,167.597366333,66.9154891968,1457571838.03,1457571838.06,-13316.0,-140.0,7374.0,-29.0,17.0,,-0.0951219512195,0.102387905121,1457571838.04,-17.0,-0.646245084449
55,95,130,200,25,60,1,167.500106812,66.3858642578,1457571838.11,1457571838.13,-13366.0,-118.0,7424.0,-29.0,16.0,,-0.0951219512195,0.103440999985,1457571838.14,-16.0,-0.656084594203
56,95,131,201,25,61,1,167.496688843,66.3391799927,1457571838.17,1457571838.2,-13354.0,-126.0,7398.0,-29.0,15.0,,-0.156097560976,0.101787090302,1457571838.25,-18.0,-0.66887004579
57,95,131,201,25,62,1,167.530593872,66.6169281006,1457571838.25,1457571838.27,-13354.0,-126.0,7398.0,-29.0,15.0,,-0.156097560976,0.101787090302,1457571838.25,-18.0,-0.66887004579
58,95,130,201,24,63,1,167.515792847,66.6720504761,1457571838.32,1457571838.35,-13302.0,-124.0,7438.0,-30.0,16.0,,-0.156097560976,0.103056907654,1457571838.35,-18.0,-0.684956977716
59,97,129,202,24,64,1,167.204193115,66.9003067017,1457571838.4,1457571838.42,-13320.0,-110.0,7464.0,-30.0,16.0,,-0.156097560976,0.105730056763,1457571838.45,-18.0,-0.701461181699
60,99,129,204,24,65,1,167.051879883,67.2049789429,1457571838.47,1457571838.51,-13350.0,-120.0,7478.0,-28.0,16.0,,-0.156097560976,0.103448867798,1457571838.56,-17.0,-0.717609297648
61,99,129,202,26,66,1,166.943222046,68.3891525269,1457571838.56,1457571838.59,-13350.0,-120.0,7478.0,-28.0,16.0,,-0.156097560976,0.103448867798,1457571838.56,-17.0,-0.717609297648
62,101,128,203,26,67,1,167.036865234,69.4860305786,1457571838.65,1457571838.68,-13342.0,-140.0,7480.0,-29.0,14.0,,-0.0951219512195,0.101370096207,1457571838.66,-18.0,-0.730342370708
63,101,127,203,25,68,1,166.424697876,69.2190322876,1457571838.74,1457571838.78,-13182.0,288.0,7370.0,-24.0,28.0,,-0.156097560976,0.101967096329,1457571838.76,-10.0,-0.743150432808
64,98,128,199,27,69,1,165.262451172,68.7630004883,1457571838.84,1457571838.88,-12958.0,-558.0,7672.0,-28.0,14.0,,-0.156097560976,0.1027739048,1457571838.86,-18.0,-0.759193188679
65,101,125,201,25,70,1,163.869827271,69.1075210571,1457571838.98,1457571839.02,-12686.0,254.0,7638.0,-41.0,11.0,,-3.14390243902,0.106277227402,1457571839.07,-67.0,-0.987362036472
66,101,124,200,25,71,1,163.792434692,69.6398239136,1457571839.07,1457571839.09,-12686.0,254.0,7638.0,-41.0,11.0,,-3.14390243902,0.106277227402,1457571839.07,-67.0,-0.987362036472
67,101,124,200,25,72,1,163.94442749,69.6756591797,1457571839.15,1457571839.18,-13352.0,-626.0,7200.0,-39.0,16.0,,-3.81463414634,0.106626987457,1457571839.18,-147.0,-1.35834593308
68,102,123,200,25,73,1,163.626907349,69.6544570923,1457571839.25,1457571839.29,-13378.0,-252.0,7420.0,-31.0,19.0,,-8.02195121951,0.102452993393,1457571839.28,-78.0,-1.96469273422
69,101,123,199,25,74,1,163.187850952,69.7024154663,1457571839.34,1457571839.36,-13196.0,-258.0,7384.0,-41.0,12.0,,-13.8146341463,0.102417945862,1457571839.38,-242.0,-3.08292184312
70,102,123,199,26,75,1,162.988128662,69.7955627441,1457571839.41,1457571839.44,-13186.0,-1460.0,7486.0,-47.0,15.0,,-13.8146341463,0.10600399971,1457571839.49,-314.0,-4.54732831717
71,102,123,200,25,76,1,163.217895508,69.9016876221,1457571839.48,1457571839.51,-13186.0,-1460.0,7486.0,-47.0,15.0,,-13.8146341463,0.10600399971,1457571839.49,-314.0,-4.54732831717
72,101,124,199,26,77,1,163.670303345,69.913520813,1457571839.55,1457571839.58,-13292.0,-1738.0,7420.0,-30.0,21.0,,-9.05853658537,0.102665901184,1457571839.59,-77.0,-5.72147566022
73,102,123,200,25,78,1,163.839126587,69.8803787231,1457571839.62,1457571839.65,-13174.0,-982.0,7500.0,-37.0,18.0,,-9.05853658537,0.10209608078,1457571839.69,-164.0,-6.64631674319
74,101,125,200,26,79,1,163.959121704,69.7597961426,1457571839.71,1457571839.74,-13174.0,-982.0,7500.0,-37.0,18.0,,-9.05853658537,0.10209608078,1457571839.69,-164.0,-6.64631674319
75,103,123,201,25,80,1,163.876052856,69.735748291,1457571839.81,1457571839.84,-13312.0,-2112.0,7222.0,-48.0,12.0,,-9.60731707317,0.102737903595,1457571839.79,-267.0,-7.60516208003
76,102,124,200,26,81,1,163.890304565,69.8596572876,1457571839.9,1457571839.93,-13220.0,-2514.0,7346.0,-36.0,18.0,,-9.60731707317,0.102456092834,1457571839.9,-173.0,-8.58949024997
77,101,125,200,26,82,1,163.992248535,69.7830047607,1457571840.0,1457571840.04,-13188.0,-2860.0,7450.0,-30.0,18.0,,-0.339024390244,0.102176904678,1457571840.0,-21.0,-9.09763344177
78,102,124,201,25,83,1,164.035995483,69.660194397,1457571840.09,1457571840.12,-14242.0,-1042.0,6724.0,1.0,41.0,,10.087804878,0.10330915451,1457571840.1,150.0,-8.59406430692
79,102,125,202,25,84,1,164.38508606,69.4687805176,1457571840.19,1457571840.21,-13168.0,-2016.0,7284.0,-14.0,6.0,,21.2463414634,0.102331876755,1457571840.2,333.0,-6.99082330611
80,101,126,201,26,85,1,164.479202271,69.3829116821,1457571840.29,1457571840.32,-13476.0,-934.0,7146.0,5.0,28.0,,21.2463414634,0.1036901474,1457571840.31,344.0,-4.78778702806
81,101,127,201,27,86,1,164.577804565,69.0942077637,1457571840.37,1457571840.4,-13146.0,-692.0,7540.0,1.0,18.0,,20.9414634146,0.100016832352,1457571840.41,325.0,-2.67804172417
82,99,126,199,26,87,1,164.499252319,69.0263519287,1457571840.45,1457571840.48,-13458.0,-154.0,7266.0,-9.0,20.0,,20.9414634146,0.107965946198,1457571840.52,328.0,-0.417076811849
83,100,126,200,26,88,1,164.43522644,69.0102005005,1457571840.54,1457571840.58,-13386.0,50.0,7348.0,-12.0,22.0,,20.9414634146,0.102200031281,1457571840.62,356.0,1.72314140419
84,100,125,199,26,89,1,164.388748169,68.9445877075,1457571840.63,1457571840.67,-13298.0,1286.0,7392.0,-10.0,21.0,,20.3926829268,0.102954149246,1457571840.72,319.0,3.85090233989
85,100,125,199,26,90,1,164.245376587,68.8654556274,1457571840.72,1457571840.75,-13298.0,1286.0,7392.0,-10.0,21.0,,20.3926829268,0.102954149246,1457571840.72,319.0,3.85090233989
86,99,126,198,27,91,1,164.293243408,68.9449539185,1457571840.82,1457571840.85,-13322.0,1494.0,7406.0,-17.0,16.0,,11.2463414634,0.101989030838,1457571840.82,169.0,5.464319057
87,100,126,199,27,92,1,164.200317383,68.9895095825,1457571840.91,1457571840.94,-13198.0,1428.0,7432.0,-28.0,16.0,,-0.0341463414634,0.105067014694,1457571840.93,-16.0,6.05333499182
88,100,126,199,27,93,1,164.229858398,68.9509963989,1457571841.01,1457571841.04,-13258.0,1356.0,7398.0,-28.0,18.0,,-0.0341463414634,0.10267496109,1457571841.03,-17.0,6.04982901753
89,100,126,199,27,94,1,164.063110352,68.8952636719,1457571841.11,1457571841.14,-13280.0,1246.0,7366.0,-26.0,20.0,,1.30731707317,0.0983109474182,1457571841.13,6.0,6.11241232796
90,100,126,199,27,95,1,163.759140015,68.8515396118,1457571841.21,1457571841.24,-13256.0,1392.0,7358.0,-22.0,16.0,,6.5512195122,0.106548070908,1457571841.24,92.0,6.53106828463
91,100,125,199,26,96,1,163.529098511,68.8258285522,1457571841.31,1457571841.33,-13238.0,1462.0,7336.0,-23.0,16.0,,6.5512195122,0.102507829666,1457571841.34,96.0,7.20261957849
92,100,125,198,27,97,1,163.272171021,68.756111145,1457571841.37,1457571841.4,-13156.0,1932.0,7414.0,-23.0,15.0,,4.78292682927,0.102198123932,1457571841.44,63.0,7.78178382472
93,99,125,198,26,98,1,163.263031006,68.5357131958,1457571841.44,1457571841.47,-13156.0,1932.0,7414.0,-23.0,15.0,,4.78292682927,0.102198123932,1457571841.44,63.0,7.78178382472
94,101,124,200,25,99,1,163.382492065,68.3739624023,1457571841.51,1457571841.54,-13192.0,2058.0,7412.0,-29.0,16.0,,0.0268292682927,0.106348991394,1457571841.55,-15.0,8.03754017964
95,99,125,200,24,100,1,164.009994507,67.9740371704,1457571841.58,1457571841.6,-13192.0,2058.0,7412.0,-29.0,16.0,,0.0268292682927,0.106348991394,1457571841.55,-15.0,8.03754017964
96,99,126,200,25,101,1,164.23109436,67.9391555786,1457571841.65,1457571841.67,-13214.0,1990.0,7276.0,-27.0,16.0,,-0.643902439024,0.102855920792,1457571841.65,-26.0,8.00580536505
97,98,127,200,25,102,1,164.569137573,67.8611602783,1457571841.74,1457571841.77,-13240.0,3668.0,7356.0,-32.0,8.0,,-6.31463414634,0.102932929993,1457571841.75,-119.0,7.64767408545
98,98,127,200,25,103,1,164.647521973,67.8036651611,1457571841.84,1457571841.87,-12982.0,1468.0,7786.0,-40.0,16.0,,-14.6682926829,0.101319074631,1457571841.85,-277.0,6.58468872076
99,99,126,200,25,104,1,164.491104126,67.7678146362,1457571841.94,1457571841.97,-13264.0,992.0,7354.0,-42.0,12.0,,-14.6682926829,0.10373711586,1457571841.96,-256.0,5.06304234324
100,99,125,200,24,105,1,163.685302734,67.6770401001,1457571842.05,1457571842.07,-13320.0,296.0,7372.0,-31.0,18.0,,-3.14390243902,0.104763031006,1457571842.06,-67.0,4.13001256832
101,95,125,193,27,106,1,160.097290039,66.7578048706,1457571842.12,1457571842.15,-13310.0,906.0,7448.0,-29.0,16.0,,-1.19268292683,0.0987508296967,1457571842.16,-13.0,3.91589186686
102,96,122,192,26,107,1,158.612243652,66.2887496948,1457571842.2,1457571842.23,-13240.0,668.0,7442.0,-29.0,6.0,,-1.19268292683,0.103233098984,1457571842.26,-35.0,3.79276751222
103,93,123,191,25,108,1,156.306289673,65.4248580933,1457571842.29,1457571842.31,-13240.0,668.0,7442.0,-29.0,6.0,,-1.19268292683,0.103233098984,1457571842.26,-35.0,3.79276751222
104,91,120,186,25,109,1,154.965332031,64.3703842163,1457571842.38,1457571842.41,-13290.0,1252.0,7350.0,-31.0,16.0,,-2.59512195122,0.106730937958,1457571842.37,-58.0,3.5906295285
105,90,120,189,21,110,1,153.820861816,61.7080841064,1457571842.47,1457571842.5,-13352.0,514.0,7394.0,-33.0,15.0,,-2.59512195122,0.102957963943,1457571842.47,-91.0,3.32344105622
106,92,119,191,20,111,1,153.551361084,60.6442565918,1457571842.56,1457571842.58,-13338.0,668.0,7344.0,-30.0,16.0,,-4.60731707317,0.100811958313,1457571842.57,-36.0,2.96039506488
107,85,119,188,16,112,1,152.803237915,55.9074058533,1457571842.63,1457571842.65,-13264.0,1060.0,7406.0,-35.0,7.0,,-8.8756097561,0.108884096146,1457571842.68,-161.0,2.22635691428
108,78,122,182,18,113,1,152.727523804,53.6294517517,1457571842.7,1457571842.72,-13264.0,1060.0,7406.0,-35.0,7.0,,-8.8756097561,0.108884096146,1457571842.68,-161.0,2.22635691428
109,-1,-1,-1,-1,114,0,153.147583008,49.0611839294,1457571842.77,1457571842.78,-13318.0,-38.0,7362.0,-42.0,19.0,,-8.8756097561,0.100200891495,1457571842.78,-290.0,1.33701290416
110,75,122,183,14,115,1,153.568191528,47.2557678223,1457571842.83,1457571842.85,-13378.0,-720.0,7472.0,-32.0,17.0,,-1.9243902439,0.102862119675,1457571842.89,-47.0,0.781557457912
111,-1,-1,-1,-1,116,0,154.87109375,45.2120018005,1457571842.89,1457571842.91,-13378.0,-720.0,7472.0,-32.0,17.0,,-1.9243902439,0.102862119675,1457571842.89,-47.0,0.781557457912
112,-1,-1,-1,-1,117,0,155.708999634,44.9593086243,1457571842.97,1457571842.99,-13352.0,-366.0,7428.0,-27.0,20.0,,0.758536585366,0.101381063461,1457571842.99,-3.0,0.722459716041
113,-1,-1,-1,-1,118,0,157.457748413,46.0891113281,1457571843.03,1457571843.06,-13374.0,396.0,7430.0,-29.0,15.0,,0.758536585366,0.10932803154,1457571843.1,25.0,0.80538902777
114,79,124,191,12,119,1,159.302505493,49.5085029602,1457571843.11,1457571843.14,-13374.0,396.0,7430.0,-29.0,15.0,,0.758536585366,0.10932803154,1457571843.1,25.0,0.80538902777
115,82,128,190,20,120,1,160.808837891,55.1006774902,1457571843.19,1457571843.23,-13384.0,8.0,7548.0,-29.0,15.0,,2.46585365854,0.0956900119781,1457571843.19,-13.0,0.959659998301
116,89,129,195,23,121,1,162.457565308,61.0562553406,1457571843.29,1457571843.32,-13408.0,-274.0,7376.0,-25.0,20.0,,5.75853658537,0.102808952332,1457571843.3,79.0,1.38243047057
117,92,129,196,25,122,1,164.237747192,64.2024307251,1457571843.39,1457571843.42,-13354.0,8.0,7416.0,-16.0,18.0,,6.18536585366,0.102402925491,1457571843.4,202.0,1.99397574634
118,91,130,197,24,123,1,165.558776855,62.6264076233,1457571843.49,1457571843.52,-13340.0,1160.0,7388.0,-22.0,18.0,,6.18536585366,0.105859994888,1457571843.5,86.0,2.64875854399
119,84,129,201,12,124,1,165.868270874,52.1423530579,1457571843.58,1457571843.61,-13336.0,722.0,7314.0,-28.0,16.0,,-0.339024390244,0.102857112885,1457571843.61,-21.0,2.94942744592
120,81,130,200,11,125,1,165.441894531,49.8340034485,1457571843.68,1457571843.72,-13252.0,2362.0,7346.0,-36.0,21.0,,-16.8634146341,0.10196685791,1457571843.71,-292.0,2.07238811807
121,81,127,200,8,126,1,164.877059937,48.3447227478,1457571843.79,1457571843.81,-13544.0,-1206.0,7320.0,-58.0,11.0,,-16.8634146341,0.106611013412,1457571843.82,-374.0,0.274562394328
122,82,131,197,16,127,1,165.39994812,51.7919158936,1457571843.85,1457571843.88,-13472.0,-1038.0,7344.0,-33.0,12.0,,-7.10731707317,0.102168083191,1457571843.92,-44.0,-0.949959461282
123,82,131,195,18,128,1,165.651123047,53.9260139465,1457571843.92,1457571843.94,-13472.0,-1038.0,7344.0,-33.0,12.0,,-7.10731707317,0.102168083191,1457571843.92,-44.0,-0.949959461282
124,88,131,198,21,129,1,165.838638306,57.4274253845,1457571844.0,1457571844.02,-13394.0,312.0,7372.0,-33.0,9.0,,-7.10731707317,0.098620891571,1457571844.02,-132.0,-1.65088940772
125,87,130,196,21,130,1,165.611862183,57.5980072021,1457571844.06,1457571844.08,-13244.0,-1188.0,7550.0,-38.0,13.0,,-7.10731707317,0.106714010239,1457571844.12,-256.0,-2.40933971463
126,87,130,196,21,131,1,165.300460815,57.331035614,1457571844.12,1457571844.15,-13244.0,-1188.0,7550.0,-38.0,13.0,,-7.10731707317,0.106714010239,1457571844.12,-256.0,-2.40933971463
127,87,128,196,19,132,1,163.755996704,55.3941917419,1457571844.19,1457571844.21,-13270.0,-662.0,7506.0,-31.0,24.0,,0.148780487805,0.10294508934,1457571844.23,-13.0,-2.76751329986
128,85,128,195,18,133,1,163.217941284,54.6509857178,1457571844.25,1457571844.28,-13270.0,-662.0,7506.0,-31.0,24.0,,0.148780487805,0.10294508934,1457571844.23,-13.0,-2.76751329986
129,86,125,197,14,134,1,162.862686157,54.0405387878,1457571844.32,1457571844.34,-13304.0,-1880.0,7450.0,-31.0,21.0,,3.74634146341,0.10235786438,1457571844.33,46.0,-2.56816511765
130,81,129,192,18,135,1,162.6927948,53.4726448059,1457571844.39,1457571844.41,-13314.0,-774.0,7418.0,-23.0,14.0,,8.44146341463,0.10352897644,1457571844.43,123.0,-1.93726963561
131,85,127,196,16,136,1,163.267074585,54.2025146484,1457571844.46,1457571844.49,-13234.0,-384.0,7402.0,-15.0,14.0,,16.6731707317,0.10539317131,1457571844.54,268.0,-0.613814166116
132,84,130,193,21,137,1,163.92515564,56.6992912292,1457571844.54,1457571844.56,-13234.0,-384.0,7402.0,-15.0,14.0,,16.6731707317,0.10539317131,1457571844.54,268.0,-0.613814166116
133,89,127,196,20,138,1,164.232040405,58.6792907715,1457571844.61,1457571844.64,-13362.0,120.0,7384.0,-15.0,18.0,,16.6731707317,0.0976688861847,1457571844.64,258.0,1.01463584842
134,93,129,199,23,139,1,164.709381104,63.348526001,1457571844.69,1457571844.71,-13342.0,828.0,7386.0,-22.0,20.0,,10.3926829268,0.108545064926,1457571844.74,155.0,2.48356826974
135,95,128,197,26,140,1,164.91003418,65.4625320435,1457571844.76,1457571844.78,-13342.0,828.0,7386.0,-22.0,20.0,,10.3926829268,0.108545064926,1457571844.74,155.0,2.48356826974
136,95,130,198,27,141,1,164.82585144,67.0724563599,1457571844.84,1457571844.87,-13364.0,860.0,7316.0,-24.0,18.0,,4.29512195122,0.0997700691223,1457571844.84,55.0,3.21626992371
137,93,130,195,28,142,1,164.576263428,66.243637085,1457571844.94,1457571844.97,-13334.0,980.0,7434.0,-28.0,16.0,,0.514634146341,0.104020833969,1457571844.95,-7.0,3.46642734394
138,91,130,195,26,143,1,163.891357422,64.0377578735,1457571845.04,1457571845.07,-13298.0,750.0,7384.0,-29.0,17.0,,-0.0951219512195,0.101879119873,1457571845.05,-17.0,3.48779711055
139,95,127,197,25,144,1,163.934921265,65.1831283569,1457571845.13,1457571845.17,-13294.0,748.0,7394.0,-30.0,15.0,,-0.0951219512195,0.101521015167,1457571845.15,-17.0,3.47814023349
140,93,129,195,27,145,1,164.167831421,66.9264297485,1457571845.24,1457571845.26,-13328.0,768.0,7380.0,-32.0,18.0,,0.0268292682927,0.104708909988,1457571845.26,-15.0,3.4745648073
141,97,128,198,27,146,1,164.280395508,68.6390991211,1457571845.32,1457571845.35,-13318.0,694.0,7310.0,-22.0,16.0,,3.44146341463,0.104182958603,1457571845.36,100.0,3.6552333038
142,98,127,197,28,147,1,164.287811279,69.0157546997,1457571845.41,1457571845.44,-13362.0,908.0,7354.0,-29.0,14.0,,7.03902439024,0.0984899997711,1457571845.46,41.0,4.17134492455
143,99,126,200,25,148,1,164.446762085,67.6651535034,1457571845.48,1457571845.52,-13276.0,968.0,7394.0,-17.0,16.0,,3.44146341463,0.106440067291,1457571845.56,167.0,4.72911683815
144,97,127,198,26,149,1,164.699081421,67.2040863037,1457571845.56,1457571845.59,-13276.0,968.0,7394.0,-17.0,16.0,,3.44146341463,0.106440067291,1457571845.56,167.0,4.72911683815
145,96,128,198,26,150,1,165.055923462,66.7368392944,1457571845.64,1457571845.66,-13264.0,1826.0,7330.0,-27.0,15.0,,1.00243902439,0.102200984955,1457571845.67,1.0,4.95620244131
146,96,128,198,26,151,1,165.045837402,66.6910934448,1457571845.7,1457571845.73,-13326.0,1468.0,7308.0,-27.0,16.0,,-0.460975609756,0.102965116501,1457571845.77,-23.0,4.98407836309
147,97,127,199,25,152,1,164.769439697,66.820022583,1457571845.77,1457571845.81,-13326.0,1468.0,7308.0,-27.0,16.0,,-0.460975609756,0.102965116501,1457571845.77,-23.0,4.98407836309
148,96,126,198,24,153,1,164.232040405,67.1758728027,1457571845.87,1457571845.89,-13434.0,-358.0,7104.0,-45.0,10.0,,-11.2536585366,0.105948925018,1457571845.88,-254.0,4.3635019157
149,96,126,196,26,154,1,163.408752441,67.4617538452,1457571845.96,1457571845.99,-13324.0,646.0,7238.0,-41.0,17.0,,-13.2048780488,0.10250711441,1457571845.98,-200.0,3.10991491167
150,98,125,197,26,155,1,163.229507446,67.3648529053,1457571846.07,1457571846.1,-13310.0,786.0,7360.0,-42.0,19.0,,-13.2048780488,0.101973772049,1457571846.08,-232.0,1.76336368759
151,96,125,196,25,156,1,162.809387207,67.3170700073,1457571846.17,1457571846.19,-13504.0,318.0,7422.0,-46.0,23.0,,-13.2658536585,0.102661132812,1457571846.18,-292.0,0.404606035861
152,97,124,195,26,157,1,162.49180603,67.3560791016,1457571846.24,1457571846.26,-13390.0,-678.0,7430.0,-39.0,15.0,,-13.2658536585,0.108974933624,1457571846.29,-233.0,-1.04103948605
153,100,123,198,25,158,1,162.238876343,67.4002609253,1457571846.31,1457571846.34,-13390.0,-678.0,7430.0,-39.0,15.0,,-13.2658536585,0.108974933624,1457571846.29,-233.0,-1.04103948605
154,97,126,196,27,159,1,162.044006348,67.3229370117,1457571846.39,1457571846.41,-13436.0,-206.0,7268.0,-30.0,19.0,,0.331707317073,0.101642131805,1457571846.39,-10.0,-1.69836658966
155,97,125,195,27,160,1,162.112365723,67.5434875488,1457571846.45,1457571846.48,-13322.0,-720.0,7408.0,-31.0,18.0,,1.30731707317,0.0966339111328,1457571846.49,6.0,-1.61917392103
156,96,127,194,29,161,1,162.167861938,67.6682891846,1457571846.52,1457571846.55,-13364.0,-460.0,7360.0,-17.0,2.0,,12.4658536585,0.108633995056,1457571846.6,233.0,-0.871056640439
157,97,126,196,27,162,1,162.255981445,67.7623062134,1457571846.61,1457571846.64,-13364.0,-460.0,7360.0,-17.0,2.0,,12.4658536585,0.108633995056,1457571846.6,233.0,-0.871056640439
158,98,124,196,26,163,1,162.283691406,67.7046661377,1457571846.69,1457571846.72,-13310.0,1058.0,7374.0,-20.0,13.0,,12.4658536585,0.105545043945,1457571846.7,189.0,0.444652431767
159,100,124,199,25,164,1,162.59085083,67.6365127563,1457571846.78,1457571846.83,-13256.0,620.0,7436.0,-27.0,12.0,,-1.13170731707,0.10060095787,1457571846.81,-34.0,1.01476542106
160,97,125,196,26,165,1,162.798751831,67.7273025513,1457571846.91,1457571846.93,-11606.0,3864.0,8594.0,-1.0,-27.0,,-17.7170731707,0.102569103241,1457571846.91,-312.0,0.0481141651549
161,98,125,197,26,166,1,162.656784058,67.8763122559,1457571846.98,1457571847.01,-13396.0,-980.0,7510.0,-46.0,20.0,,-17.7170731707,0.103218793869,1457571847.01,-306.0,-1.78062075842
162,98,124,196,26,167,1,162.352859497,68.072227478,1457571847.05,1457571847.08,-13390.0,-618.0,7434.0,-31.0,21.0,,-6.86341463415,0.102611064911,1457571847.11,-79.0,-3.04173577326
163,95,126,193,28,168,1,161.999023438,68.2648620605,1457571847.13,1457571847.15,-13390.0,-618.0,7434.0,-31.0,21.0,,-6.86341463415,0.102611064911,1457571847.11,-79.0,-3.04173577326
164,97,126,196,27,169,1,161.905654907,68.2772827148,1457571847.21,1457571847.24,-13350.0,-576.0,7430.0,-35.0,13.0,,-3.8756097561,0.1018409729,1457571847.22,-128.0,-3.58857211921
165,98,125,195,28,170,1,162.008956909,68.4103012085,1457571847.31,1457571847.34,-13392.0,-564.0,7340.0,-30.0,14.0,,-4.24146341463,0.102604150772,1457571847.32,-61.0,-4.00499481893
166,100,124,197,27,171,1,162.185180664,68.3669662476,1457571847.42,1457571847.46,-13328.0,-624.0,7392.0,-29.0,12.0,,-4.24146341463,0.102396011353,1457571847.42,-85.0,-4.43930375489
167,96,127,194,29,172,1,162.478225708,68.172996521,1457571847.53,1457571847.55,-13314.0,-718.0,7420.0,-43.0,14.0,,-7.83902439024,0.106475830078,1457571847.53,-236.0,-5.08244373827
168,100,125,197,28,173,1,162.529953003,68.3619918823,1457571847.6,1457571847.63,-13446.0,-2214.0,7314.0,-40.0,21.0,,-7.83902439024,0.101833105087,1457571847.63,-144.0,-5.88071593279
169,98,126,196,28,174,1,162.640441895,68.7166366577,1457571847.67,1457571847.7,-13318.0,-2018.0,7362.0,-28.0,24.0,,3.92926829268,0.102643013,1457571847.73,49.0,-6.08137050576
170,104,122,201,25,175,1,162.948425293,69.2997741699,1457571847.74,1457571847.77,-13318.0,-2018.0,7362.0,-28.0,24.0,,3.92926829268,0.102643013,1457571847.73,49.0,-6.08137050576
171,100,125,197,28,176,1,163.101104736,69.7148132324,1457571847.82,1457571847.84,-13272.0,-1046.0,7406.0,-24.0,12.0,,5.63658536585,0.10218000412,1457571847.83,82.0,-5.59265102264
172,102,125,200,27,177,1,163.347946167,71.170249939,1457571847.89,1457571847.92,-13372.0,-1088.0,7438.0,-29.0,16.0,,5.94146341463,0.10556602478,1457571847.94,77.0,-4.98152673041
173,104,124,200,28,178,1,163.406982422,71.5902786255,1457571847.97,1457571848.0,-13390.0,-724.0,7408.0,-17.0,19.0,,11.0634146341,0.0997438430786,1457571848.04,249.0,-4.13346078658
174,104,123,200,27,179,1,163.40965271,72.3046875,1457571848.04,1457571848.07,-13390.0,-724.0,7408.0,-17.0,19.0,,11.0634146341,0.0997438430786,1457571848.04,249.0,-4.13346078658
175,105,123,201,27,180,1,163.352722168,72.4624404907,1457571848.13,1457571848.16,-13338.0,106.0,7484.0,-18.0,17.0,,11.0634146341,0.102672100067,1457571848.14,166.0,-2.99755677217
176,103,124,197,30,181,1,163.112380981,72.9005813599,1457571848.21,1457571848.24,-13288.0,-108.0,7490.0,-28.0,11.0,,-0.460975609756,0.105959892273,1457571848.25,-23.0,-2.43584012375
177,103,124,198,29,182,1,162.891220093,73.1307296753,1457571848.28,1457571848.31,-13374.0,572.0,7316.0,-30.0,17.0,,-2.9,0.102313995361,1457571848.35,-75.0,-2.60777754522
178,102,124,196,30,183,1,162.586578369,73.7074966431,1457571848.36,1457571848.38,-13374.0,572.0,7316.0,-30.0,17.0,,-2.9,0.102313995361,1457571848.35,-75.0,-2.60777754522
179,103,124,197,30,184,1,162.610641479,73.7419815063,1457571848.44,1457571848.46,-13206.0,-402.0,7578.0,-31.0,18.0,,-2.9,0.102900981903,1457571848.45,-63.0,-2.90619039274
180,104,122,198,28,185,1,162.749526978,73.7444076538,1457571848.52,1457571848.54,-13384.0,-406.0,7364.0,-32.0,17.0,,-0.0341463414634,0.10197019577,1457571848.55,-16.0,-3.05578813117
181,103,125,198,30,186,1,163.087295532,73.5438995361,1457571848.63,1457571848.66,-13342.0,-372.0,7340.0,-30.0,17.0,,0.0878048780488,0.102557897568,1457571848.66,-14.0,-3.05303657782
182,104,124,198,30,187,1,163.623001099,72.9678726196,1457571848.72,1457571848.75,-13312.0,-456.0,7426.0,-27.0,17.0,,0.880487804878,0.10295009613,1457571848.76,-1.0,-3.00319366542
183,104,124,200,28,188,1,163.981063843,72.6880264282,1457571848.82,1457571848.85,-13340.0,-316.0,7458.0,-28.0,14.0,,2.6487804878,0.102784872055,1457571848.86,28.0,-2.82181597047
184,104,125,200,29,189,1,164.43107605,72.8685073853,1457571848.91,1457571848.94,-13306.0,-222.0,7412.0,-22.0,14.0,,4.23414634146,0.102715015411,1457571848.97,69.0,-2.4683260028
185,102,128,198,32,190,1,164.956985474,73.1615982056,1457571848.99,1457571849.01,-13306.0,-222.0,7412.0,-22.0,14.0,,4.23414634146,0.102715015411,1457571848.97,69.0,-2.4683260028
186,101,128,196,33,191,1,165.047302246,73.0662765503,1457571849.06,1457571849.08,-13352.0,318.0,7364.0,-25.0,18.0,,4.23414634146,0.104717969894,1457571849.07,54.0,-2.02493479368
187,103,127,200,30,192,1,165.132324219,72.8956451416,1457571849.13,1457571849.16,-13390.0,-166.0,7410.0,-27.0,18.0,,4.23414634146,0.103173017502,1457571849.17,41.0,-1.58808513909
188,104,126,200,30,193,1,165.076904297,72.7993240356,1457571849.2,1457571849.23,-13374.0,50.0,7396.0,-25.0,18.0,,3.68536585366,0.0988211631775,1457571849.27,66.0,-1.19677743563
189,105,125,202,28,194,1,164.92350769,72.7811050415,1457571849.27,1457571849.31,-13374.0,50.0,7396.0,-25.0,18.0,,3.68536585366,0.0988211631775,1457571849.27,66.0,-1.19677743563
190,103,127,200,30,195,1,164.949691772,72.8278884888,1457571849.37,1457571849.4,-13338.0,182.0,7378.0,-28.0,16.0,,4.96585365854,0.105170965195,1457571849.38,45.0,-0.741848882524
191,104,125,201,28,196,1,164.90083313,72.7510299683,1457571849.47,1457571849.5,-13328.0,448.0,7382.0,-22.0,17.0,,6.00243902439,0.102695941925,1457571849.48,83.0,-0.178649308333
192,105,125,201,29,197,1,164.587097168,72.7417526245,1457571849.57,1457571849.61,-13364.0,550.0,7340.0,-23.0,17.0,,6.00243902439,0.103350877762,1457571849.58,87.0,0.44170803355
193,103,125,198,30,198,1,163.79750061,72.6697158813,1457571849.67,1457571849.69,-13350.0,960.0,7340.0,-25.0,13.0,,2.46585365854,0.101608991623,1457571849.69,25.0,0.87193537369
194,103,124,200,27,199,1,163.488891602,72.6536941528,1457571849.74,1457571849.77,-13314.0,744.0,7404.0,-30.0,16.0,,-0.0951219512195,0.106795072556,1457571849.79,-17.0,0.998526606036
195,103,124,199,28,200,1,162.918716431,72.6059036255,1457571849.81,1457571849.84,-13314.0,744.0,7404.0,-30.0,16.0,,-0.0951219512195,0.106795072556,1457571849.79,-17.0,0.998526606036
196,104,123,199,28,201,1,162.876358032,72.5909957886,1457571849.88,1457571849.91,-13328.0,714.0,7472.0,-30.0,18.0,,-0.0951219512195,0.101489067078,1457571849.89,-17.0,0.988872767949
197,104,123,199,28,202,1,162.885345459,72.5838775635,1457571849.95,1457571849.98,-13342.0,574.0,7362.0,-28.0,17.0,,0.575609756098,0.102765083313,1457571850.0,-6.0,1.0135614526
198,104,124,199,29,203,1,162.836776733,72.6181259155,1457571850.02,1457571850.05,-13342.0,574.0,7362.0,-28.0,17.0,,0.575609756098,0.102765083313,1457571850.0,-6.0,1.0135614526
199,103,124,197,30,204,1,162.551773071,72.6831893921,1457571850.1,1457571850.12,-13348.0,1044.0,7446.0,-25.0,15.0,,0.575609756098,0.102243900299,1457571850.1,40.0,1.07241403911
200,104,122,198,28,205,1,162.388244629,72.6976242065,1457571850.17,1457571850.19,-13334.0,794.0,7442.0,-30.0,15.0,,-0.339024390244,0.102801084518,1457571850.2,-21.0,1.08457465521
201,103,123,197,29,206,1,162.228134155,72.7022323608,1457571850.24,1457571850.28,-13326.0,818.0,7366.0,-30.0,12.0,,-0.643902439024,0.110057830811,1457571850.31,-26.0,1.03048525787
202,105,122,198,29,207,1,162.179244995,72.7262039185,1457571850.33,1457571850.35,-13326.0,818.0,7366.0,-30.0,12.0,,-0.643902439024,0.110057830811,1457571850.31,-26.0,1.03048525787
203,104,122,199,27,208,1,162.161270142,72.7590408325,1457571850.4,1457571850.42,-13340.0,858.0,7384.0,-28.0,17.0,,-1.00975609756,0.099879026413,1457571850.41,-32.0,0.947902355543
204,102,124,196,30,209,1,162.179870605,72.8652496338,1457571850.49,1457571850.52,-13616.0,188.0,6914.0,-38.0,26.0,,-2.47317073171,0.104664087296,1457571850.52,-121.0,0.765633676692
205,105,122,198,29,210,1,162.134643555,72.9481430054,1457571850.59,1457571850.61,-13344.0,788.0,7312.0,-30.0,16.0,,-6.43658536585,0.0990538597107,1457571850.61,-56.0,0.32436081142
206,103,123,198,28,211,1,162.274719238,72.9111785889,1457571850.68,1457571850.71,-13380.0,488.0,7344.0,-36.0,17.0,,-3.75365853659,0.102285146713,1457571850.72,-166.0,-0.196794484883
207,102,124,197,29,212,1,162.506164551,72.8641052246,1457571850.78,1457571850.81,-13320.0,-110.0,7470.0,-30.0,17.0,,-3.75365853659,0.106479883194,1457571850.82,-77.0,-0.596483607408
208,103,124,198,29,213,1,162.722396851,72.8451004028,1457571850.85,1457571850.89,-13338.0,236.0,7420.0,-30.0,18.0,,0.0268292682927,0.10284113884,1457571850.93,-15.0,-0.788119290515
209,104,123,199,28,214,1,162.873123169,72.8161621094,1457571850.93,1457571850.96,-13338.0,236.0,7420.0,-30.0,18.0,,0.0268292682927,0.10284113884,1457571850.93,-15.0,-0.788119290515
210,103,124,198,29,215,1,162.825744629,72.7359085083,1457571851.01,1457571851.03,-13282.0,-520.0,7486.0,-31.0,22.0,,2.58780487805,0.101440906525,1457571851.03,27.0,-0.655503861497
211,104,123,198,29,216,1,162.55871582,72.6415710449,1457571851.08,1457571851.11,-13416.0,172.0,7280.0,-31.0,19.0,,6.42926829268,0.106004953384,1457571851.13,90.0,-0.177576650934
212,103,123,197,29,217,1,162.431335449,72.568359375,1457571851.16,1457571851.18,-13416.0,172.0,7280.0,-31.0,19.0,,6.42926829268,0.106004953384,1457571851.13,90.0,-0.177576650934
213,105,121,199,27,218,1,161.888473511,72.320930481,1457571851.23,1457571851.25,-13348.0,686.0,7456.0,-24.0,18.0,,6.42926829268,0.101245164871,1457571851.24,99.0,0.47335567736
214,104,122,198,28,219,1,161.724105835,72.2959823608,1457571851.31,1457571851.33,-13298.0,874.0,7412.0,-25.0,16.0,,4.66097560976,0.101446866989,1457571851.34,61.0,1.03589092638
215,105,121,199,27,220,1,161.408233643,72.2973022461,1457571851.41,1457571851.43,-13192.0,952.0,7412.0,-27.0,11.0,,-0.70487804878,0.101460933685,1457571851.44,-27.0,1.23658560253
216,103,121,196,28,221,1,160.870407104,72.3581237793,1457571851.51,1457571851.55,-13414.0,654.0,7460.0,-42.0,17.0,,-2.04634146341,0.106461048126,1457571851.54,-213.0,1.09013674608
217,105,120,197,28,222,1,159.785888672,72.5787734985,1457571851.61,1457571851.64,-13294.0,614.0,7456.0,-31.0,17.0,,-6.86341463415,0.10388302803,1457571851.65,-49.0,0.627350524867
218,104,119,195,28,223,1,159.515090942,72.5265884399,1457571851.72,1457571851.75,-13296.0,566.0,7360.0,-34.0,13.0,,-6.86341463415,0.101361989975,1457571851.75,-128.0,-0.068338840473
219,104,120,195,29,224,1,159.417709351,72.5107192993,1457571851.82,1457571851.84,-13256.0,274.0,7452.0,-38.0,12.0,,-11.2536585366,0.10306596756,1457571851.85,-200.0,-1.00196567832
220,105,119,195,29,225,1,159.377761841,72.4747695923,1457571851.88,1457571851.92,-13436.0,-240.0,7264.0,-43.0,19.0,,-16.2536585366,0.107313156128,1457571851.96,-282.0,-2.47791418419
221,105,118,195,28,226,1,159.442520142,72.4777145386,1457571851.96,1457571851.98,-13436.0,-240.0,7264.0,-43.0,19.0,,-16.2536585366,0.107313156128,1457571851.96,-282.0,-2.47791418419
222,104,119,195,28,227,1,159.556747437,72.3768463135,1457571852.04,1457571852.07,-13524.0,-862.0,7176.0,-48.0,26.0,,-16.2536585366,0.100368022919,1457571852.06,-310.0,-4.1092617567
223,104,120,195,29,228,1,159.665817261,72.332824707,1457571852.11,1457571852.14,-13210.0,-936.0,7496.0,-39.0,14.0,,-13.8756097561,0.102014780045,1457571852.16,-243.0,-5.64607709559
224,105,118,195,28,229,1,159.789916992,72.3119659424,1457571852.19,1457571852.22,-13238.0,-1472.0,7414.0,-36.0,13.0,,-8.75365853659,0.102704048157,1457571852.27,-159.0,-6.80813582583
225,104,119,195,28,230,1,159.967575073,72.2765884399,1457571852.26,1457571852.29,-13238.0,-1472.0,7414.0,-36.0,13.0,,-8.75365853659,0.102704048157,1457571852.27,-159.0,-6.80813582583
226,104,119,196,27,231,1,160.030014038,72.26587677,1457571852.35,1457571852.37,-13300.0,-1548.0,7372.0,-28.0,16.0,,-0.521951219512,0.102339982986,1457571852.37,-24.0,-7.28276869815
227,104,120,196,28,232,1,160.274765015,72.202293396,1457571852.43,1457571852.46,-13306.0,-1434.0,7378.0,-30.0,18.0,,-0.0951219512195,0.108728170395,1457571852.48,-17.0,-7.31631531657
228,103,121,195,29,233,1,160.407684326,72.0899963379,1457571852.51,1457571852.53,-13306.0,-1434.0,7378.0,-30.0,18.0,,-0.0951219512195,0.108728170395,1457571852.48,-17.0,-7.31631531657
229,103,121,195,29,234,1,160.538650513,72.145652771,1457571852.58,1457571852.6,-13282.0,-1352.0,7380.0,-29.0,16.0,,-0.0341463414634,0.100422859192,1457571852.58,-16.0,-7.32280606235
230,104,120,196,28,235,1,160.698425293,72.0716552734,1457571852.66,1457571852.68,-13318.0,-1396.0,7372.0,-30.0,19.0,,0.209756097561,0.102514982224,1457571852.68,-12.0,-7.31380474684
231,104,121,197,28,236,1,160.901443481,71.9344711304,1457571852.74,1457571852.76,-13058.0,-370.0,7730.0,-18.0,11.0,,10.6365853659,0.101722955704,1457571852.78,172.0,-6.76214379072
232,104,121,197,28,237,1,161.064559937,71.8330764771,1457571852.8,1457571852.83,-13058.0,-370.0,7730.0,-18.0,11.0,,10.6365853659,0.101722955704,1457571852.78,172.0,-6.76214379072
233,103,122,196,29,238,1,160.995605469,71.7398910522,1457571852.88,1457571852.9,-13316.0,-1298.0,7416.0,-18.0,19.0,,11.4292682927,0.108252048492,1457571852.89,159.0,-5.56780686059
234,102,122,195,29,239,1,160.920150757,71.7050857544,1457571852.96,1457571852.98,-13252.0,-620.0,7370.0,-15.0,18.0,,15.6975609756,0.0977201461792,1457571852.99,242.0,-4.24238799985
235,101,124,194,31,240,1,160.814346313,71.6843643188,1457571853.03,1457571853.05,-13352.0,-96.0,7482.0,-14.0,14.0,,15.6975609756,0.104725837708,1457571853.09,272.0,-2.59844777671
236,103,122,196,29,241,1,160.777084351,71.6441726685,1457571853.1,1457571853.12,-13352.0,-96.0,7482.0,-14.0,14.0,,15.6975609756,0.104725837708,1457571853.09,272.0,-2.59844777671
237,104,120,196,28,242,1,160.557006836,71.593208313,1457571853.18,1457571853.2,-13390.0,468.0,7384.0,-16.0,19.0,,13.8073170732,0.0992729663849,1457571853.19,211.0,-1.13392939335
238,104,120,196,28,243,1,160.510147095,71.6059188843,1457571853.25,1457571853.28,-13380.0,532.0,7364.0,-23.0,18.0,,7.28292682927,0.108110189438,1457571853.3,104.0,0.00610573844212
239,103,121,196,28,244,1,160.323226929,71.6476211548,1457571853.32,1457571853.35,-13380.0,532.0,7364.0,-23.0,18.0,,7.28292682927,0.108110189438,1457571853.3,104.0,0.00610573844212
240,102,121,194,29,245,1,160.200271606,71.6794509888,1457571853.4,1457571853.42,-13374.0,686.0,7392.0,-24.0,16.0,,7.28292682927,0.10022187233,1457571853.4,103.0,0.736014301312
241,103,120,195,28,246,1,160.036254883,71.6547851562,1457571853.48,1457571853.5,-13338.0,678.0,7378.0,-22.0,16.0,,7.83170731707,0.107912063599,1457571853.51,113.0,1.55153998195
242,103,119,195,27,247,1,159.919418335,71.6513748169,1457571853.55,1457571853.57,-13246.0,930.0,7376.0,-18.0,15.0,,7.83170731707,0.100004911423,1457571853.61,168.0,2.33474917848
243,103,119,195,27,248,1,159.968826294,71.6533279419,1457571853.62,1457571853.64,-13246.0,930.0,7376.0,-18.0,15.0,,7.83170731707,0.100004911423,1457571853.61,168.0,2.33474917848
244,100,122,193,29,249,1,160.133422852,71.5987472534,1457571853.69,1457571853.72,-13258.0,1974.0,7440.0,-22.0,14.0,,6.42926829268,0.100383043289,1457571853.71,90.0,3.05052924447
245,102,121,194,29,250,1,160.286331177,71.4812850952,1457571853.77,1457571853.79,-13254.0,1296.0,7434.0,-31.0,16.0,,-0.278048780488,0.106584072113,1457571853.81,-20.0,3.3783402565
246,102,121,194,29,251,1,160.361068726,71.4839706421,1457571853.84,1457571853.87,-13304.0,1348.0,7304.0,-29.0,16.0,,-0.4,0.101331949234,1457571853.92,-22.0,3.3439862542
247,100,124,194,30,252,1,160.391372681,71.4796981812,1457571853.92,1457571853.94,-13304.0,1348.0,7304.0,-29.0,16.0,,-0.4,0.101331949234,1457571853.92,-22.0,3.3439862542
248,102,121,195,28,253,1,160.520614624,71.4789657593,1457571854.0,1457571854.03,-13236.0,1442.0,7462.0,-30.0,17.0,,-0.70487804878,0.102833986282,1457571854.02,-27.0,3.28717674715
249,102,121,195,28,254,1,160.646682739,71.4528579712,1457571854.11,1457571854.14,-13330.0,708.0,7486.0,-35.0,11.0,,-5.70487804878,0.103227138519,1457571854.12,-136.0,2.95634635687
250,103,121,196,28,255,1,160.710617065,71.4918136597,1457571854.2,1457571854.23,-13226.0,1438.0,7432.0,-33.0,13.0,,-7.3512195122,0.105127811432,1457571854.23,-109.0,2.27006687566
251,101,122,195,28,256,1,160.813552856,71.5422973633,1457571854.31,1457571854.33,-13168.0,1288.0,7500.0,-43.0,19.0,,-17.8390243902,0.102519035339,1457571854.33,-309.0,0.978827123235
252,103,121,197,27,257,1,160.882797241,71.5065841675,1457571854.38,1457571854.41,-13212.0,628.0,7448.0,-41.0,19.0,,-17.8390243902,0.102304935455,1457571854.43,-308.0,-0.846193115595
253,102,122,197,27,258,1,160.673995972,71.4597244263,1457571854.45,1457571854.48,-13212.0,628.0,7448.0,-41.0,19.0,,-17.8390243902,0.102304935455,1457571854.43,-308.0,-0.846193115595
254,102,122,195,29,259,1,160.679321289,71.4490966797,1457571854.52,1457571854.54,-13270.0,-98.0,7514.0,-38.0,11.0,,-13.9365853659,0.103234052658,1457571854.53,-244.0,-2.486355601
255,103,121,196,28,260,1,160.595809937,71.5073623657,1457571854.59,1457571854.62,-13338.0,-850.0,7352.0,-32.0,13.0,,-3.75365853659,0.101397037506,1457571854.64,-77.0,-3.38322476323
256,101,122,195,28,261,1,160.339797974,71.3903503418,1457571854.66,1457571854.69,-13338.0,-850.0,7352.0,-32.0,13.0,,-3.75365853659,0.101397037506,1457571854.64,-77.0,-3.38322476323
257,101,122,194,29,262,1,160.220169067,71.3933868408,1457571854.73,1457571854.75,-13304.0,-440.0,7404.0,-32.0,12.0,,-3.75365853659,0.104931116104,1457571854.74,-24.0,-3.77710034295
258,100,123,193,30,263,1,160.308181763,71.361366272,1457571854.8,1457571854.82,-13372.0,1482.0,7596.0,-42.0,15.0,,-20.9487804878,0.106762886047,1457571854.85,-359.0,-5.09575218427
259,102,121,195,28,264,1,160.460266113,71.4023742676,1457571854.87,1457571854.9,-13372.0,1482.0,7596.0,-42.0,15.0,,-20.9487804878,0.106762886047,1457571854.85,-359.0,-5.09575218427
260,103,121,196,28,265,1,160.874954224,71.6648483276,1457571854.94,1457571854.98,-12700.0,-2464.0,7460.0,-65.0,2.0,,-20.9487804878,0.107427120209,1457571854.96,-433.0,-7.34621934396
261,103,122,197,28,266,1,161.253417969,71.8345031738,1457571855.03,1457571855.06,-13280.0,-2036.0,7446.0,-25.0,26.0,,0.209756097561,0.0957977771759,1457571855.05,-12.0,-8.33959556266
262,103,122,198,27,267,1,161.506057739,71.9711532593,1457571855.11,1457571855.14,-13280.0,-2520.0,7472.0,-32.0,23.0,,3.0756097561,0.101457118988,1457571855.15,35.0,-8.17293368549
263,106,121,201,26,268,1,161.966720581,72.0194015503,1457571855.19,1457571855.22,-13450.0,-1826.0,7334.0,-23.0,19.0,,10.4536585366,0.103898048401,1457571855.26,156.0,-7.47010139954
264,105,122,201,26,269,1,162.536972046,72.1254043579,1457571855.27,1457571855.29,-13450.0,-1826.0,7334.0,-23.0,19.0,,10.4536585366,0.103898048401,1457571855.26,156.0,-7.47010139954
265,105,122,201,26,270,1,162.825775146,72.1386108398,1457571855.34,1457571855.37,-13320.0,-658.0,7354.0,-8.0,23.0,,21.612195122,0.102571964264,1457571855.36,339.0,-5.82557260176
266,105,122,200,27,271,1,163.51133728,71.9594421387,1457571855.43,1457571855.46,-13268.0,-632.0,7222.0,-9.0,6.0,,21.612195122,0.100409030914,1457571855.46,349.0,-3.65551303363
267,104,122,200,26,272,1,163.680603027,71.8998794556,1457571855.52,1457571855.55,-13362.0,380.0,7422.0,-14.0,20.0,,17.587804878,0.102381944656,1457571855.56,273.0,-1.64882691837
268,105,122,201,26,273,1,164.038742065,71.7325820923,1457571855.62,1457571855.64,-13330.0,1130.0,7348.0,-28.0,14.0,,1.91707317073,0.102586984634,1457571855.66,16.0,-0.648353606026
269,103,124,201,26,274,1,164.002502441,71.5472640991,1457571855.7,1457571855.73,-13286.0,390.0,7424.0,-30.0,13.0,,-0.521951219512,0.107600927353,1457571855.77,-24.0,-0.573295398166
270,105,122,202,25,275,1,163.792953491,71.5534744263,1457571855.78,1457571855.82,-13286.0,390.0,7424.0,-30.0,13.0,,-0.521951219512,0.107600927353,1457571855.77,-24.0,-0.573295398166
271,104,123,202,25,276,1,163.709655762,71.5532073975,1457571855.88,1457571855.91,-13432.0,456.0,7288.0,-34.0,8.0,,-2.41219512195,0.101278066635,1457571855.87,-107.0,-0.72187773251
272,104,123,201,26,277,1,163.369308472,71.5744857788,1457571855.98,1457571856.01,-13214.0,308.0,7552.0,-30.0,8.0,,-5.09512195122,0.102461099625,1457571855.98,-55.0,-1.10648171378
273,103,123,200,26,278,1,163.345901489,71.4878005981,1457571856.07,1457571856.09,-13362.0,390.0,7376.0,-33.0,15.0,,-5.09512195122,0.102464914322,1457571856.08,-99.0,-1.62855294797
274,103,124,200,27,279,1,163.30796814,71.4001464844,1457571856.14,1457571856.16,-13286.0,440.0,7410.0,-35.0,18.0,,-11.3756097561,0.10222196579,1457571856.18,-223.0,-2.47038823453
275,100,124,198,26,280,1,163.235092163,71.2337341309,1457571856.21,1457571856.24,-13334.0,-1020.0,7398.0,-33.0,11.0,,-11.3756097561,0.10683298111,1457571856.29,-202.0,-3.68567853672
276,103,123,201,25,281,1,163.269058228,71.2753219604,1457571856.28,1457571856.31,-13334.0,-1020.0,7398.0,-33.0,11.0,,-11.3756097561,0.10683298111,1457571856.29,-202.0,-3.68567853672
277,103,123,201,25,282,1,163.468017578,71.3009262085,1457571856.36,1457571856.39,-13338.0,-426.0,7436.0,-29.0,21.0,,0.636585365854,0.102254152298,1457571856.39,-5.0,-4.23473345448
278,102,125,200,27,283,1,163.804748535,71.3149261475,1457571856.44,1457571856.46,-14312.0,-1366.0,6738.0,-25.0,20.0,,13.1975609756,0.1052069664,1457571856.49,201.0,-3.50700916982
279,102,125,201,26,284,1,164.170272827,71.3115539551,1457571856.51,1457571856.53,-14312.0,-1366.0,6738.0,-25.0,20.0,,13.1975609756,0.1052069664,1457571856.49,201.0,-3.50700916982
280,103,125,202,26,285,1,164.553497314,71.2844009399,1457571856.58,1457571856.61,-13376.0,-110.0,7322.0,-10.0,20.0,,22.8926829268,0.100122928619,1457571856.59,360.0,-1.70027871277
281,101,127,200,28,286,1,164.762405396,71.2303314209,1457571856.66,1457571856.68,-13318.0,452.0,7316.0,-6.0,14.0,,22.8926829268,0.103358983994,1457571856.7,404.0,0.66588573543
282,100,127,199,28,287,1,165.232666016,70.9525299072,1457571856.73,1457571856.76,-13296.0,1610.0,7318.0,-10.0,17.0,,21.3073170732,0.105237007141,1457571856.8,334.0,2.99162359325
283,101,127,200,28,288,1,165.604568481,70.891456604,1457571856.81,1457571856.83,-13296.0,1610.0,7318.0,-10.0,17.0,,21.3073170732,0.105237007141,1457571856.8,334.0,2.99162359325
284,101,127,201,27,289,1,165.921890259,70.8745422363,1457571856.89,1457571856.91,-13182.0,2020.0,7362.0,-12.0,12.0,,15.6365853659,0.103229999542,1457571856.91,241.0,4.89848310918
285,102,126,202,26,290,1,165.968185425,70.9146194458,1457571856.97,1457571856.99,-13068.0,1944.0,7526.0,-20.0,14.0,,15.6365853659,0.104454994202,1457571857.01,153.0,6.53180254291
286,101,127,200,28,291,1,165.885574341,70.7676467896,1457571857.03,1457571857.06,-13068.0,1944.0,7526.0,-20.0,14.0,,15.6365853659,0.104454994202,1457571857.01,153.0,6.53180254291
287,101,127,200,28,292,1,165.832015991,70.734161377,1457571857.11,1457571857.13,-13060.0,2486.0,7392.0,-13.0,16.0,,15.1487804878,0.102352142334,1457571857.11,258.0,8.10727661674
288,101,127,200,28,293,1,165.799987793,70.7367248535,1457571857.19,1457571857.22,-12922.0,3362.0,7316.0,-19.0,15.0,,15.1487804878,0.101052999496,1457571857.21,233.0,9.63810632374
289,100,127,200,27,294,1,165.913619995,70.7030334473,1457571857.26,1457571857.29,-12930.0,3848.0,7412.0,-31.0,11.0,,0.941463414634,0.102839946747,1457571857.32,0.0,10.4654662368
290,100,127,200,27,295,1,165.989181519,70.6849365234,1457571857.34,1457571857.36,-12930.0,3848.0,7412.0,-31.0,11.0,,0.941463414634,0.102839946747,1457571857.32,0.0,10.4654662368
291,100,127,199,28,296,1,166.036849976,70.6789627075,1457571857.41,1457571857.44,-13288.0,4920.0,7126.0,-43.0,-3.0,,-9.72926829268,0.108007907867,1457571857.43,-175.0,9.99089002696
292,100,127,199,28,297,1,165.960083008,70.5883178711,1457571857.5,1457571857.52,-12796.0,3550.0,7626.0,-49.0,13.0,,-25.2780487805,0.100584030151,1457571857.53,-430.0,8.23030150896
293,100,127,200,27,298,1,165.769577026,70.6580123901,1457571857.6,1457571857.63,-13238.0,1834.0,6974.0,-56.0,13.0,,-32.8390243902,0.10306596756,1457571857.63,-554.0,5.23535531992
294,101,126,200,27,299,1,165.423965454,70.87550354,1457571857.68,1457571857.7,-13434.0,386.0,6982.0,-71.0,12.0,,-32.8390243902,0.103426933289,1457571857.73,-656.0,1.83891573505
295,101,127,200,28,300,1,165.231491089,70.8550720215,1457571857.74,1457571857.77,-13434.0,386.0,6982.0,-71.0,12.0,,-32.8390243902,0.103426933289,1457571857.73,-656.0,1.83891573505
296,103,125,202,26,301,1,164.864273071,70.8539199829,1457571857.82,1457571857.84,-13170.0,-386.0,7432.0,-56.0,20.0,,-31.4365853659,0.103054046631,1457571857.84,-531.0,-1.47301510747
297,100,127,199,28,302,1,164.446304321,70.8143234253,1457571857.89,1457571857.92,-13308.0,-864.0,7386.0,-51.0,22.0,,-22.2292682927,0.102943181992,1457571857.94,-380.0,-4.23528197742
298,99,127,197,29,303,1,164.085678101,70.7253417969,1457571857.97,1457571858.0,-13200.0,-958.0,7436.0,-60.0,16.0,,-22.2292682927,0.101785898209,1457571858.04,-354.0,-6.49790801711
299,101,125,198,28,304,1,163.635238647,70.6760559082,1457571858.05,1457571858.08,-13200.0,-958.0,7436.0,-60.0,16.0,,-22.2292682927,0.101785898209,1457571858.04,-354.0,-6.49790801711
300,99,126,196,29,305,1,163.360992432,70.6787796021,1457571858.13,1457571858.16,-13268.0,-1006.0,7364.0,-62.0,3.0,,-27.2902439024,0.103339910507,1457571858.14,-463.0,-9.05657899641
301,101,123,197,27,306,1,162.673812866,70.712387085,1457571858.21,1457571858.23,-13272.0,-1986.0,7306.0,-64.0,4.0,,-27.2902439024,0.10213303566,1457571858.25,-466.0,-11.8438144501
302,101,124,197,28,307,1,162.595840454,70.717338562,1457571858.28,1457571858.31,-13166.0,-3588.0,7316.0,-34.0,17.0,,-19.6682926829,0.108844041824,1457571858.35,-338.0,-14.3993929101
303,100,124,196,28,308,1,162.426330566,70.5877761841,1457571858.36,1457571858.39,-13166.0,-3588.0,7316.0,-34.0,17.0,,-19.6682926829,0.108844041824,1457571858.35,-338.0,-14.3993929101
304,101,124,198,27,309,1,162.38999939,70.5253753662,1457571858.44,1457571858.46,-13184.0,-3828.0,7272.0,-31.0,16.0,,1.85609756098,0.097785949707,1457571858.45,15.0,-15.2702841183
305,100,124,196,28,310,1,162.388977051,70.37525177,1457571858.52,1457571858.54,-12966.0,-3284.0,7390.0,-24.0,18.0,,12.1609756098,0.104983091354,1457571858.56,184.0,-14.5345062817
306,99,125,195,29,311,1,162.476318359,70.1775360107,1457571858.59,1457571858.62,-13158.0,-2746.0,7276.0,-12.0,18.0,,21.5512195122,0.103069067001,1457571858.66,338.0,-12.7971640328
307,99,125,195,29,312,1,162.576431274,70.114982605,1457571858.66,1457571858.68,-13158.0,-2746.0,7276.0,-12.0,18.0,,21.5512195122,0.103069067001,1457571858.66,338.0,-12.7971640328
308,99,124,195,28,313,1,162.605834961,70.1726913452,1457571858.74,1457571858.77,-13186.0,-2174.0,7370.0,-5.0,15.0,,25.5756097561,0.101121902466,1457571858.76,404.0,-10.4143867164
309,98,126,196,28,314,1,162.739440918,70.1168289185,1457571858.81,1457571858.84,-13376.0,-1618.0,7372.0,-1.0,15.0,,25.5756097561,0.104549884796,1457571858.87,466.0,-7.74045966282
310,100,125,197,28,315,1,162.811401367,69.9160461426,1457571858.89,1457571858.92,-13314.0,-438.0,7384.0,-7.0,12.0,,24.1731707317,0.0993950366974,1457571858.97,381.0,-5.2680687317
311,100,124,197,27,316,1,162.721374512,69.8304138184,1457571858.97,1457571858.99,-13314.0,-438.0,7384.0,-7.0,12.0,,24.1731707317,0.0993950366974,1457571858.97,381.0,-5.2680687317
312,99,124,195,28,317,1,162.686187744,69.839630127,1457571859.05,1457571859.07,-13330.0,284.0,7402.0,-21.0,10.0,,10.6365853659,0.102755069733,1457571859.07,159.0,-3.47962927411
313,101,124,197,28,318,1,162.367446899,70.0979690552,1457571859.13,1457571859.15,-13332.0,-30.0,7384.0,-29.0,16.0,,0.636585365854,0.104367017746,1457571859.17,-15.0,-2.89135566921
314,100,124,196,28,319,1,162.23576355,70.216506958,1457571859.2,1457571859.23,-13400.0,-198.0,7428.0,-29.0,19.0,,0.636585365854,0.0999779701233,1457571859.27,-5.0,-2.82771115652
315,98,126,194,30,320,1,162.036956787,70.3394546509,1457571859.28,1457571859.3,-13400.0,-198.0,7428.0,-29.0,19.0,,0.636585365854,0.0999779701233,1457571859.27,-5.0,-2.82771115652
316,98,125,193,30,321,1,161.89680481,70.2783966064,1457571859.36,1457571859.39,-13412.0,-834.0,7306.0,-19.0,18.0,,13.1365853659,0.10765004158,1457571859.38,200.0,-2.08636995554
317,98,125,193,30,322,1,161.877059937,70.2848587036,1457571859.46,1457571859.49,-13296.0,794.0,7484.0,-13.0,22.0,,13.1365853659,0.101268053055,1457571859.48,315.0,-0.756053531751
318,98,125,193,30,323,1,161.90574646,70.3017807007,1457571859.55,1457571859.57,-13326.0,2264.0,7416.0,-27.0,12.0,,1.85609756098,0.102828979492,1457571859.58,15.0,0.0147876108565
319,99,125,195,29,324,1,162.056015015,70.2952651978,1457571859.64,1457571859.67,-13284.0,880.0,7386.0,-31.0,12.0,,0.392682926829,0.102836847305,1457571859.69,-28.0,0.13041635868
320,101,124,197,28,325,1,162.286148071,70.2939224243,1457571859.71,1457571859.75,-13252.0,922.0,7446.0,-26.0,20.0,,0.392682926829,0.103312015533,1457571859.79,-9.0,0.170985223317
321,99,124,196,27,326,1,162.488952637,70.3823928833,1457571859.79,1457571859.82,-13252.0,922.0,7446.0,-26.0,20.0,,0.392682926829,0.103312015533,1457571859.79,-9.0,0.170985223317
322,99,124,196,27,327,1,162.390090942,70.392288208,1457571859.87,1457571859.9,-13276.0,982.0,7388.0,-28.0,19.0,,2.95365853659,0.101211071014,1457571859.89,33.0,0.340328625063
323,100,124,196,28,328,1,162.132675171,70.3736038208,1457571859.95,1457571859.97,-13292.0,1066.0,7348.0,-25.0,20.0,,2.95365853659,0.107920885086,1457571860.0,36.0,0.659090068573
324,99,125,195,29,329,1,162.149658203,70.4115524292,1457571860.02,1457571860.04,-13292.0,1066.0,7348.0,-25.0,20.0,,2.95365853659,0.107920885086,1457571860.0,36.0,0.659090068573
325,99,124,196,27,330,1,162.293899536,70.4875183105,1457571860.09,1457571860.12,-13240.0,1278.0,7420.0,-27.0,16.0,,2.58780487805,0.101646184921,1457571860.1,27.0,0.940724376062
326,99,125,197,27,331,1,162.445556641,70.5532302856,1457571860.17,1457571860.19,-13182.0,1252.0,7454.0,-30.0,15.0,,-0.339024390244,0.101482868195,1457571860.2,-21.0,1.05483072298
327,100,124,196,28,332,1,162.397750854,70.6144638062,1457571860.24,1457571860.27,-13130.0,772.0,7550.0,-35.0,10.0,,-0.339024390244,0.104242086411,1457571860.31,-38.0,1.0194901132
328,99,125,196,28,333,1,162.300857544,70.698677063,1457571860.32,1457571860.34,-13130.0,772.0,7550.0,-35.0,10.0,,-0.339024390244,0.104242086411,1457571860.31,-38.0,1.0194901132
329,99,124,195,28,334,1,162.09526062,70.8175582886,1457571860.4,1457571860.42,-13308.0,1192.0,7456.0,-28.0,18.0,,0.331707317073,0.100787878036,1457571860.41,-9.0,1.01912137706
330,98,125,193,30,335,1,161.969741821,70.8243637085,1457571860.49,1457571860.52,-13292.0,1214.0,7460.0,-27.0,18.0,,0.331707317073,0.107742071152,1457571860.52,-10.0,1.05486021042
331,100,124,195,29,336,1,161.741958618,70.7095184326,1457571860.58,1457571860.61,-13304.0,1188.0,7382.0,-29.0,15.0,,-0.278048780488,0.100407123566,1457571860.62,-20.0,1.05755406008
332,100,124,195,29,337,1,161.608459473,70.7639083862,1457571860.67,1457571860.7,-13028.0,822.0,7534.0,-30.0,13.0,,-0.887804878049,0.102280855179,1457571860.72,-30.0,0.997931805471
333,101,124,196,29,338,1,161.589401245,70.9445114136,1457571860.76,1457571860.79,-13302.0,-142.0,7030.0,-55.0,23.0,,-12.0463414634,0.105934143066,1457571860.82,-422.0,0.312847950982
334,99,124,195,28,339,1,161.835571289,71.0662384033,1457571860.84,1457571860.86,-13302.0,-142.0,7030.0,-55.0,23.0,,-12.0463414634,0.105934143066,1457571860.82,-422.0,0.312847950982
335,101,123,196,28,340,1,161.980514526,71.0687942505,1457571860.91,1457571860.93,-13412.0,-1048.0,7328.0,-36.0,19.0,,-12.0463414634,0.103324890137,1457571860.93,-213.0,-0.931838957275
336,99,124,194,29,341,1,161.910934448,71.0193481445,1457571860.99,1457571861.02,-13186.0,-322.0,7438.0,-16.0,32.0,,3.13658536585,0.0986640453339,1457571861.03,36.0,-1.37137524704
337,100,124,195,29,342,1,161.789199829,71.0173568726,1457571861.06,1457571861.09,-13318.0,406.0,7388.0,-29.0,17.0,,3.13658536585,0.103664875031,1457571861.13,84.0,-1.04622151706
338,99,124,194,29,343,1,161.739074707,71.0646057129,1457571861.14,1457571861.16,-13318.0,406.0,7388.0,-29.0,17.0,,3.13658536585,0.103664875031,1457571861.13,84.0,-1.04622151706
339,99,124,195,28,344,1,161.734436035,71.0410842896,1457571861.22,1457571861.24,-13382.0,346.0,7476.0,-26.0,20.0,,6.06341463415,0.101201057434,1457571861.23,16.0,-0.580696652866
340,100,123,196,27,345,1,161.759765625,71.0087585449,1457571861.29,1457571861.32,-13290.0,318.0,7406.0,-18.0,15.0,,7.1,0.108387947083,1457571861.34,214.0,0.13268109153
341,100,123,196,27,346,1,161.784164429,71.0993652344,1457571861.36,1457571861.39,-13284.0,1442.0,7344.0,-22.0,15.0,,7.1,0.100536108017,1457571861.44,101.0,0.84648745845
342,100,123,195,28,347,1,161.959228516,71.0937728882,1457571861.44,1457571861.46,-13284.0,1442.0,7344.0,-22.0,15.0,,7.1,0.100536108017,1457571861.44,101.0,0.84648745845
343,100,124,196,28,348,1,162.172119141,71.038192749,1457571861.52,1457571861.55,-13416.0,1134.0,7256.0,-31.0,10.0,,-0.887804878049,0.103422880173,1457571861.54,-30.0,1.1677290143
344,102,123,198,27,349,1,162.387710571,71.1009140015,1457571861.6,1457571861.62,-13518.0,440.0,7318.0,-41.0,11.0,,-0.887804878049,0.105437994003,1457571861.65,-105.0,1.0741206489
345,101,124,199,26,350,1,162.749069214,71.304359436,1457571861.68,1457571861.71,-13320.0,872.0,7376.0,-29.0,16.0,,0.0268292682927,0.101541042328,1457571861.75,-15.0,1.03040846848
346,101,124,198,27,351,1,163.195877075,71.3813095093,1457571861.76,1457571861.79,-13320.0,872.0,7376.0,-29.0,16.0,,0.0268292682927,0.101541042328,1457571861.75,-15.0,1.03040846848
347,102,123,200,25,352,1,163.424453735,71.2123336792,1457571861.84,1457571861.87,-13284.0,812.0,7426.0,-21.0,25.0,,1.79512195122,0.100363016129,1457571861.85,14.0,1.12183672829
348,101,123,198,26,353,1,163.381790161,71.1084289551,1457571861.92,1457571861.95,-13144.0,1320.0,7374.0,-21.0,16.0,,1.79512195122,0.104483127594,1457571861.96,89.0,1.30939668417
349,103,122,200,25,354,1,163.476379395,71.1023330688,1457571861.99,1457571862.02,-13450.0,1000.0,7262.0,-28.0,17.0,,-0.0951219512195,0.104202032089,1457571862.06,-17.0,1.39796841145
350,101,123,198,26,355,1,163.478805542,71.1214828491,1457571862.07,1457571862.09,-13450.0,1000.0,7262.0,-28.0,17.0,,-0.0951219512195,0.104202032089,1457571862.06,-17.0,1.39796841145
351,102,123,199,26,356,1,163.371963501,71.2160720825,1457571862.15,1457571862.17,-13204.0,928.0,7478.0,-25.0,12.0,,-0.0951219512195,0.100442886353,1457571862.16,-24.0,1.38841408811
352,102,123,200,25,357,1,163.288375854,71.2527389526,1457571862.24,1457571862.26,-12308.0,1322.0,7902.0,-11.0,29.0,,0.0878048780488,0.107048034668,1457571862.27,-14.0,1.38802244896
353,103,122,199,26,358,1,163.861709595,71.0292816162,1457571862.32,1457571862.35,-12990.0,722.0,7632.0,-27.0,10.0,,0.0878048780488,0.10280585289,1457571862.37,-11.0,1.39704930433
354,101,126,199,28,359,1,164.533065796,70.9047012329,1457571862.42,1457571862.44,-13162.0,966.0,7498.0,-32.0,12.0,,-0.0341463414634,0.101489067078,1457571862.47,-19.0,1.39977218174
355,101,129,202,28,360,1,168.427368164,71.0863876343,1457571862.5,1457571862.54,-13358.0,980.0,7410.0,-29.0,17.0,,-0.0951219512195,0.104370117188,1457571862.58,-16.0,1.39302630832
356,104,130,207,27,361,1,172.065795898,71.0983886719,1457571862.59,1457571862.62,-13358.0,980.0,7410.0,-29.0,17.0,,-0.0951219512195,0.104370117188,1457571862.58,-16.0,1.39302630832
357,105,130,210,25,362,1,176.043289185,69.9180374146,1457571862.67,1457571862.69,-13276.0,890.0,7424.0,-29.0,18.0,,-0.0951219512195,0.100668907166,1457571862.68,-17.0,1.38345048544
358,109,130,219,20,363,1,180.326538086,68.4503631592,1457571862.75,1457571862.77,-13294.0,904.0,7454.0,-28.0,17.0,,-0.0951219512195,0.10254406929,1457571862.78,-17.0,1.37369629348
359,-1,-1,-1,-1,364,0,184.9037323,67.269203186,1457571862.82,1457571862.84,-13242.0,952.0,7426.0,-29.0,17.0,,-0.0951219512195,0.104708909988,1457571862.88,-18.0,1.36373617765
360,98,142,217,23,365,1,187.153259277,66.8723068237,1457571862.89,1457571862.91,-13242.0,952.0,7426.0,-29.0,17.0,,-0.0951219512195,0.104708909988,1457571862.88,-18.0,1.36373617765
361,-1,-1,-1,-1,366,0,191.326980591,66.6570358276,1457571862.96,1457571862.98,-13302.0,914.0,7388.0,-30.0,15.0,,-0.156097560976,0.100475072861,1457571862.98,-17.0,1.35111552826
362,-1,-1,-1,-1,367,0,194.911010742,66.8746185303,1457571863.03,1457571863.05,-13292.0,916.0,7462.0,-30.0,18.0,,-0.156097560976,0.109858989716,1457571863.09,-18.0,1.33396680791
363,-1,-1,-1,-1,368,0,196.27015686,67.1220779419,1457571863.1,1457571863.12,-13292.0,916.0,7462.0,-30.0,18.0,,-0.156097560976,0.109858989716,1457571863.09,-18.0,1.33396680791
364,-1,-1,-1,-1,369,0,198.083557129,68.0682449341,1457571863.17,1457571863.19,-13284.0,896.0,7418.0,-30.0,17.0,,-0.156097560976,0.0994629859924,1457571863.19,-18.0,1.31844087839
365,-1,-1,-1,-1,370,0,199.404953003,69.0649185181,1457571863.23,1457571863.25,-13284.0,896.0,7418.0,-30.0,17.0,,-0.156097560976,0.0994629859924,1457571863.19,-18.0,1.31844087839
