,faceBottom,faceLeft,faceRight,faceTop,frameIndex,isFrontFace,noseX,noseY,time,timestamp_x,ax,ay,az,gx,gy,gz,time_diff,timestamp_y,gz_raw,theta
0,108,132,204,36,4,1,171.5,76.0,1457568412.14,1457568412.56,-13354.0,536.0,7430.0,-30.0,18.0,-0.0951219512195,2.40412902832,1457568414.29,-17.0,-0.114342722079
1,97,126,206,17,5,1,169.123641968,63.3581962585,1457568412.64,1457568412.69,-13354.0,536.0,7430.0,-30.0,18.0,-0.0951219512195,2.40412902832,1457568414.29,-17.0,-0.114342722079
2,92,125,207,10,6,1,169.841873169,57.1320419312,1457568412.76,1457568412.8,-13354.0,536.0,7430.0,-30.0,18.0,-0.0951219512195,2.40412902832,1457568414.29,-17.0,-0.114342722079
3,89,126,210,5,7,1,171.909454346,52.813041687,1457568412.86,1457568412.89,-13354.0,536.0,7430.0,-30.0,18.0,-0.0951219512195,2.40412902832,1457568414.29,-17.0,-0.114342722079
4,88,128,208,8,8,1,172.520568848,53.6494255066,1457568412.95,1457568412.99,-13354.0,536.0,7430.0,-30.0,18.0,-0.0951219512195,2.40412902832,1457568414.29,-17.0,-0.114342722079
5,95,126,215,6,9,1,173.87612915,56.1601333618,1457568413.06,1457568413.1,-13354.0,536.0,7430.0,-30.0,18.0,-0.0951219512195,2.40412902832,1457568414.29,-17.0,-0.114342722079
6,94,130,213,11,10,1,177.36328125,58.3459472656,1457568413.16,1457568413.19,-13354.0,536.0,7430.0,-30.0,18.0,-0.0951219512195,2.40412902832,1457568414.29,-17.0,-0.114342722079
7,99,134,223,10,11,1,183.237503052,60.3280830383,1457568413.24,1457568413.28,-13354.0,536.0,7430.0,-30.0,18.0,-0.0951219512195,2.40412902832,1457568414.29,-17.0,-0.114342722079
8,99,138,222,15,12,1,184.961608887,60.3964958191,1457568413.33,1457568413.36,-13354.0,536.0,7430.0,-30.0,18.0,-0.0951219512195,2.40412902832,1457568414.29,-17.0,-0.114342722079
9,95,144,223,16,13,1,189.379821777,60.6891708374,1457568413.41,1457568413.45,-13354.0,536.0,7430.0,-30.0,18.0,-0.0951219512195,2.40412902832,1457568414.29,-17.0,-0.114342722079
10,95,145,225,15,14,1,190.491424561,60.6413879395,1457568413.52,1457568413.55,-13354.0,536.0,7430.0,-30.0,18.0,-0.0951219512195,2.40412902832,1457568414.29,-17.0,-0.114342722079
11,94,151,228,17,15,1,193.427108765,60.5881690979,1457568413.61,1457568413.65,-13354.0,536.0,7430.0,-30.0,18.0,-0.0951219512195,2.40412902832,1457568414.29,-17.0,-0.114342722079
12,94,154,228,20,16,1,195.063461304,61.4117927551,1457568413.71,1457568413.75,-13354.0,536.0,7430.0,-30.0,18.0,-0.0951219512195,2.40412902832,1457568414.29,-17.0,-0.114342722079
13,95,154,230,19,17,1,196.462356567,62.2356414795,1457568413.82,1457568413.85,-13354.0,536.0,7430.0,-30.0,18.0,-0.0951219512195,2.40412902832,1457568414.29,-17.0,-0.114342722079
14,96,156,231,21,18,1,196.473205566,63.349357605,1457568413.9,1457568413.93,-13354.0,536.0,7430.0,-30.0,18.0,-0.0951219512195,2.40412902832,1457568414.29,-17.0,-0.114342722079
15,96,157,229,24,19,1,196.27154541,63.6889381409,1457568414.0,1457568414.02,-13354.0,536.0,7430.0,-30.0,18.0,-0.0951219512195,2.40412902832,1457568414.29,-17.0,-0.114342722079
16,97,156,228,25,20,1,195.570678711,63.5631866455,1457568414.07,1457568414.09,-13354.0,536.0,7430.0,-30.0,18.0,-0.0951219512195,2.40412902832,1457568414.29,-17.0,-0.114342722079
17,93,156,225,24,21,1,194.572540283,62.7608642578,1457568414.13,1457568414.16,-13354.0,536.0,7430.0,-30.0,18.0,-0.0951219512195,2.40412902832,1457568414.29,-17.0,-0.114342722079
18,94,153,225,22,22,1,193.05770874,63.0205039978,1457568414.2,1457568414.22,-13354.0,536.0,7430.0,-30.0,18.0,-0.0951219512195,2.40412902832,1457568414.29,-17.0,-0.114342722079
19,94,156,223,27,23,1,192.038757324,63.674079895,1457568414.26,1457568414.29,-13354.0,536.0,7430.0,-30.0,18.0,-0.0951219512195,2.40412902832,1457568414.29,-17.0,-0.114342722079
20,95,151,220,26,24,1,189.942016602,65.1200866699,1457568414.33,1457568414.35,-13290.0,510.0,7470.0,-30.0,16.0,-0.0951219512195,0.101580858231,1457568414.39,-17.0,-0.12400529152
21,95,151,220,26,25,1,189.059661865,65.6658248901,1457568414.4,1457568414.42,-13290.0,510.0,7470.0,-30.0,16.0,-0.0951219512195,0.101580858231,1457568414.39,-17.0,-0.12400529152
22,97,151,220,28,26,1,188.020050049,66.3888092041,1457568414.47,1457568414.49,-13272.0,544.0,7466.0,-28.0,16.0,-0.156097560976,0.102026939392,1457568414.49,-18.0,-0.136820870493
23,96,151,218,29,27,1,187.94770813,66.9231872559,1457568414.53,1457568414.56,-13290.0,530.0,7388.0,-29.0,15.0,-0.156097560976,0.102478981018,1457568414.59,-18.0,-0.152817589481
24,99,150,221,28,28,1,188.058227539,67.3738098145,1457568414.59,1457568414.62,-13290.0,530.0,7388.0,-29.0,15.0,-0.156097560976,0.102478981018,1457568414.59,-18.0,-0.152817589481
25,99,151,220,30,29,1,188.396621704,68.114730835,1457568414.67,1457568414.69,-13302.0,482.0,7438.0,-29.0,16.0,-0.156097560976,0.105961084366,1457568414.7,-19.0,-0.169357856309
26,99,151,220,30,30,1,188.519607544,68.5437393188,1457568414.74,1457568414.76,-13332.0,544.0,7428.0,-29.0,15.0,-0.0951219512195,0.103358983994,1457568414.8,-17.0,-0.182340753078
27,100,151,220,31,31,1,188.52986145,69.1558914185,1457568414.81,1457568414.83,-13332.0,544.0,7428.0,-29.0,15.0,-0.0951219512195,0.103358983994,1457568414.8,-17.0,-0.182340753078
28,100,151,220,31,32,1,188.755828857,69.7071151733,1457568414.88,1457568414.91,-13280.0,540.0,7424.0,-30.0,16.0,-0.0951219512195,0.104797124863,1457568414.91,-17.0,-0.192309260078
29,100,151,220,31,33,1,189.259613037,69.9973297119,1457568414.95,1457568414.97,-13346.0,526.0,7412.0,-30.0,18.0,-0.156097560976,0.10267496109,1457568415.01,-18.0,-0.205206236897
30,101,152,221,32,34,1,189.572692871,70.1110687256,1457568415.02,1457568415.04,-13346.0,526.0,7412.0,-30.0,18.0,-0.156097560976,0.10267496109,1457568415.01,-18.0,-0.205206236897
31,100,152,221,31,35,1,189.575576782,70.0461654663,1457568415.09,1457568415.12,-13288.0,580.0,7436.0,-29.0,15.0,-0.156097560976,0.101533889771,1457568415.11,-18.0,-0.221055429447
32,101,150,222,29,36,1,189.169174194,69.9123687744,1457568415.17,1457568415.19,-13330.0,504.0,7440.0,-28.0,17.0,-0.156097560976,0.102684020996,1457568415.22,-17.0,-0.237084154676
33,101,150,221,30,37,1,188.815063477,70.048828125,1457568415.23,1457568415.26,-13330.0,504.0,7440.0,-28.0,17.0,-0.156097560976,0.102684020996,1457568415.22,-17.0,-0.237084154676
34,99,151,218,32,38,1,187.705505371,70.6744384766,1457568415.31,1457568415.34,-13338.0,528.0,7346.0,-30.0,17.0,-0.156097560976,0.100167036057,1457568415.32,-18.0,-0.252719984694
35,100,149,216,33,39,1,186.010620117,70.9245910645,1457568415.4,1457568415.43,-13282.0,524.0,7442.0,-29.0,16.0,-0.156097560976,0.105964899063,1457568415.42,-18.0,-0.269260846987
36,100,145,212,33,40,1,182.50630188,70.7676086426,1457568415.49,1457568415.51,-13332.0,548.0,7382.0,-30.0,15.0,-0.0951219512195,0.102572202682,1457568415.52,-17.0,-0.282144916348
37,103,141,214,30,41,1,181.481384277,70.5734710693,1457568415.57,1457568415.6,-13354.0,520.0,7414.0,-29.0,15.0,-0.0951219512195,0.102479934692,1457568415.63,-17.0,-0.291893007697
38,101,137,213,25,42,1,178.823028564,68.007484436,1457568415.65,1457568415.68,-13354.0,520.0,7414.0,-29.0,15.0,-0.0951219512195,0.102479934692,1457568415.63,-17.0,-0.291893007697
39,97,140,210,27,43,1,178.169708252,66.6334991455,1457568415.72,1457568415.74,-13120.0,546.0,7648.0,-16.0,15.0,0.148780487805,0.102298021317,1457568415.73,-5.0,-0.289148426637
40,96,136,212,20,44,1,177.238586426,63.5851173401,1457568415.79,1457568415.82,-13528.0,636.0,7114.0,-25.0,23.0,0.148780487805,0.102324962616,1457568415.83,-13.0,-0.273924468785
41,96,136,212,20,45,1,176.835845947,62.0764541626,1457568415.86,1457568415.89,-13340.0,758.0,7388.0,-25.0,18.0,0.148780487805,0.102297067642,1457568415.93,-13.0,-0.25870466116
42,94,135,213,16,46,1,176.195373535,59.4818992615,1457568415.95,1457568415.99,-13202.0,-562.0,7456.0,-28.0,32.0,0.453658536585,0.102526903152,1457568416.04,-8.0,-0.227821557406
43,90,134,209,15,47,1,175.517791748,58.3539733887,1457568416.05,1457568416.09,-13202.0,-562.0,7456.0,-28.0,32.0,0.453658536585,0.102526903152,1457568416.04,-8.0,-0.227821557406
44,94,131,211,14,48,1,173.623077393,59.9940567017,1457568416.14,1457568416.18,-13292.0,706.0,7464.0,-29.0,25.0,0.453658536585,0.104140043259,1457568416.14,-3.0,-0.180577537781
45,96,130,212,14,49,1,173.351593018,60.2585334778,1457568416.24,1457568416.28,-13478.0,944.0,7400.0,-27.0,26.0,0.69756097561,0.104682922363,1457568416.25,-17.0,-0.120321026372
46,95,129,209,15,50,1,173.16166687,60.0099334717,1457568416.34,1457568416.37,-13864.0,1124.0,7298.0,-26.0,34.0,-0.0341463414634,0.104479074478,1457568416.35,-4.0,-0.0856645528863
47,93,131,209,15,51,1,173.152770996,59.4399528503,1457568416.44,1457568416.46,-13360.0,708.0,7204.0,-27.0,17.0,-0.0341463414634,0.100303888321,1457568416.45,-16.0,-0.089089563707
48,90,132,207,15,52,1,173.255584717,58.5769996643,1457568416.54,1457568416.57,-13356.0,612.0,7350.0,-27.0,21.0,-0.0341463414634,0.10465502739,1457568416.55,-17.0,-0.0926631500081
49,92,131,211,12,53,1,173.502700806,57.5000801086,1457568416.64,1457568416.66,-13304.0,510.0,7724.0,-32.0,27.0,-0.0951219512195,0.102781057358,1457568416.66,-7.0,-0.0993063159105
50,91,130,209,12,54,1,173.70022583,56.6347122192,1457568416.71,1457568416.74,-13348.0,616.0,7370.0,-30.0,18.0,-0.217073170732,0.104695081711,1457568416.76,-21.0,-0.115648962812
51,89,131,209,11,55,1,173.554382324,55.1760559082,1457568416.78,1457568416.81,-13348.0,616.0,7370.0,-30.0,18.0,-0.217073170732,0.104695081711,1457568416.76,-21.0,-0.115648962812
52,88,130,210,8,56,1,173.287124634,54.2592163086,1457568416.86,1457568416.89,-13344.0,646.0,7368.0,-30.0,15.0,-0.217073170732,0.101774930954,1457568416.86,-19.0,-0.137741569775
53,85,130,207,8,57,1,172.5284729,52.1071662903,1457568416.95,1457568416.98,-13370.0,638.0,7368.0,-29.0,12.0,-0.217073170732,0.105547904968,1457568416.97,-19.0,-0.16065318817
54,85,130,207,8,58,1,172.41973877,51.7612991333,1457568417.06,1457568417.09,-13394.0,584.0,7356.0,-31.0,10.0,-0.217073170732,0.0992670059204,1457568417.07,-19.0,-0.182201391895
55,84,131,207,8,59,1,172.29699707,51.9616088867,1457568417.16,1457568417.19,-13292.0,640.0,7346.0,-30.0,9.0,-0.0951219512195,0.102334976196,1457568417.17,-17.0,-0.198175632081
56,86,129,209,6,60,1,172.261016846,51.5229454041,1457568417.26,1457568417.28,-13302.0,636.0,7282.0,-30.0,20.0,-0.0341463414634,0.103649139404,1457568417.27,-16.0,-0.204874905726
57,85,131,208,8,61,1,174.031661987,54.8473701477,1457568417.33,1457568417.35,-13434.0,502.0,7364.0,-29.0,17.0,-0.0341463414634,0.105460882187,1457568417.38,-16.0,-0.20847600902
58,86,129,208,7,62,1,174.524047852,55.6549415588,1457568417.39,1457568417.42,-13434.0,502.0,7364.0,-29.0,17.0,-0.0341463414634,0.105460882187,1457568417.38,-16.0,-0.20847600902
59,86,131,208,9,63,1,174.68611145,55.8295326233,1457568417.47,1457568417.49,-13420.0,606.0,7368.0,-28.0,17.0,-0.156097560976,0.102197170258,1457568417.48,-18.0,-0.218197203264
60,88,130,210,8,64,1,174.617080688,56.0790672302,1457568417.54,1457568417.56,-13384.0,622.0,7334.0,-28.0,15.0,-0.156097560976,0.10431098938,1457568417.59,-19.0,-0.234479894289
61,87,130,208,9,65,1,174.024978638,56.2691650391,1457568417.6,1457568417.63,-13384.0,622.0,7334.0,-28.0,15.0,-0.156097560976,0.10431098938,1457568417.59,-19.0,-0.234479894289
62,87,130,208,9,66,1,173.740951538,56.3454017639,1457568417.68,1457568417.7,-13162.0,886.0,7206.0,-33.0,10.0,-0.0341463414634,0.101861953735,1457568417.69,-14.0,-0.244169202083
63,88,128,208,8,67,1,173.611740112,56.4488372803,1457568417.74,1457568417.77,-13366.0,624.0,7370.0,-27.0,17.0,-0.0341463414634,0.103834867477,1457568417.79,-16.0,-0.247714782924
64,87,130,208,9,68,1,173.631393433,56.4833335876,1457568417.81,1457568417.84,-13366.0,624.0,7370.0,-27.0,17.0,-0.0341463414634,0.103834867477,1457568417.79,-16.0,-0.247714782924
65,88,129,207,10,69,1,173.440536499,56.4513664246,1457568417.89,1457568417.91,-13368.0,570.0,7324.0,-30.0,19.0,-0.0951219512195,0.103428125381,1457568417.9,-17.0,-0.254399771516
66,88,129,207,10,70,1,173.32170105,56.7985839844,1457568417.96,1457568417.98,-13366.0,614.0,7410.0,-30.0,15.0,-0.0951219512195,0.102882862091,1457568418.0,-18.0,-0.264186190105
67,87,129,207,9,71,1,173.625732422,57.0915107727,1457568418.04,1457568418.07,-13376.0,650.0,7366.0,-28.0,16.0,-0.0341463414634,0.103077173233,1457568418.1,-16.0,-0.270848495204
68,88,131,209,10,72,1,174.00012207,57.0660247803,1457568418.12,1457568418.17,-13370.0,624.0,7336.0,-29.0,18.0,-0.0341463414634,0.101681947708,1457568418.2,-16.0,-0.274320561711
69,86,132,209,9,73,1,174.412582397,57.042678833,1457568418.22,1457568418.26,-13358.0,630.0,7334.0,-30.0,15.0,-0.0341463414634,0.103034973145,1457568418.31,-16.0,-0.277838829087
70,88,130,208,10,74,1,175.063095093,57.1827125549,1457568418.31,1457568418.35,-13358.0,630.0,7334.0,-30.0,15.0,-0.0341463414634,0.103034973145,1457568418.31,-16.0,-0.277838829087
71,89,130,212,7,75,1,175.739974976,57.0946235657,1457568418.4,1457568418.42,-13358.0,650.0,7314.0,-30.0,16.0,-0.0341463414634,0.101212978363,1457568418.41,-16.0,-0.281294882007
72,89,131,212,8,76,1,175.791244507,56.9755744934,1457568418.48,1457568418.5,-13366.0,606.0,7290.0,-30.0,14.0,-0.0341463414634,0.102580070496,1457568418.51,-18.0,-0.284797616121
73,88,131,211,8,77,1,175.784439087,56.8742675781,1457568418.54,1457568418.57,-13314.0,580.0,7332.0,-28.0,14.0,0.209756097561,0.102766036987,1457568418.61,-4.0,-0.275774256776
74,90,130,212,8,78,1,175.719284058,56.9265861511,1457568418.62,1457568418.64,-13314.0,580.0,7332.0,-28.0,14.0,0.209756097561,0.102766036987,1457568418.61,-4.0,-0.275774256776
75,90,130,212,8,79,1,175.56829834,56.8731498718,1457568418.69,1457568418.72,-13416.0,712.0,7382.0,-28.0,15.0,0.209756097561,0.106834888458,1457568418.72,-12.0,-0.25336498749
76,89,131,211,9,80,1,175.511734009,56.9684715271,1457568418.76,1457568418.79,-13370.0,688.0,7444.0,-28.0,14.0,-0.217073170732,0.102187156677,1457568418.82,-19.0,-0.253738842941
77,90,130,212,8,81,1,175.389587402,56.7480964661,1457568418.83,1457568418.86,-13370.0,688.0,7444.0,-28.0,14.0,-0.217073170732,0.102187156677,1457568418.82,-19.0,-0.253738842941
78,88,131,211,8,82,1,175.416122437,56.7270927429,1457568418.91,1457568418.93,-13342.0,660.0,7252.0,-27.0,16.0,-0.217073170732,0.101772785187,1457568418.92,-19.0,-0.275830984116
79,88,131,211,8,83,1,175.409957886,56.5883026123,1457568418.99,1457568419.01,-13338.0,692.0,7438.0,-28.0,10.0,-0.339024390244,0.103407144547,1457568419.03,-22.0,-0.30458321455
80,86,133,209,10,84,1,175.387832642,56.5870361328,1457568419.05,1457568419.08,-13338.0,692.0,7438.0,-28.0,10.0,-0.339024390244,0.103407144547,1457568419.03,-22.0,-0.30458321455
81,87,132,210,9,85,1,175.287475586,56.5496826172,1457568419.13,1457568419.17,-12932.0,172.0,7968.0,-31.0,7.0,-0.339024390244,0.101413965225,1457568419.13,-21.0,-0.338965022273
82,88,132,210,10,86,1,175.335952759,56.6814422607,1457568419.22,1457568419.25,-13404.0,760.0,7294.0,-25.0,16.0,-0.156097560976,0.103111028671,1457568419.23,-15.0,-0.364491289127
83,88,131,211,8,87,1,175.475296021,56.6966972351,1457568419.32,1457568419.35,-13370.0,652.0,7292.0,-29.0,16.0,-0.156097560976,0.105905056,1457568419.34,-18.0,-0.381022810064
84,89,130,212,7,88,1,175.592895508,56.6550712585,1457568419.41,1457568419.45,-13362.0,636.0,7318.0,-29.0,16.0,-0.156097560976,0.102373838425,1457568419.44,-18.0,-0.39700311655
85,90,129,212,7,89,1,175.701782227,56.7833862305,1457568419.51,1457568419.55,-13354.0,640.0,7396.0,-30.0,17.0,-0.156097560976,0.104007959366,1457568419.54,-17.0,-0.413238505329
86,90,130,212,8,90,1,175.718917847,56.7432250977,1457568419.63,1457568419.66,-13352.0,696.0,7316.0,-29.0,16.0,-0.217073170732,0.101083040237,1457568419.65,-19.0,-0.432099121373
87,88,131,211,8,91,1,175.752929688,56.7771873474,1457568419.75,1457568419.79,-13366.0,684.0,7334.0,-28.0,18.0,-0.217073170732,0.101773023605,1457568419.75,-19.0,-0.454191314302
88,90,130,212,8,92,1,175.581436157,56.8767204285,1457568419.84,1457568419.87,-13396.0,666.0,7336.0,-28.0,15.0,-0.278048780488,0.102517127991,1457568419.85,-20.0,-0.479570554524
89,89,131,211,9,93,1,175.256393433,56.8756446838,1457568419.94,1457568419.98,-13388.0,696.0,7318.0,-29.0,15.0,-0.826829268293,0.106621980667,1457568419.96,-29.0,-0.538472697502
90,89,131,212,8,94,1,174.844787598,56.9728660583,1457568420.04,1457568420.08,-13444.0,352.0,7446.0,-37.0,19.0,-0.826829268293,0.10359287262,1457568420.06,-127.0,-0.624126316571
91,88,131,209,10,95,1,174.758621216,57.2142982483,1457568420.14,1457568420.17,-13362.0,272.0,7392.0,-31.0,17.0,-0.460975609756,0.101227998734,1457568420.16,-23.0,-0.689307271853
92,90,130,212,8,96,1,174.839431763,57.2845458984,1457568420.23,1457568420.25,-13372.0,510.0,7328.0,-29.0,18.0,-0.156097560976,0.102862119675,1457568420.26,-16.0,-0.721043999021
93,90,131,212,9,97,1,175.18031311,56.94008255,1457568420.3,1457568420.33,-13398.0,518.0,7244.0,-29.0,18.0,-0.0951219512195,0.10350394249,1457568420.37,-18.0,-0.734045103992
94,88,131,208,11,98,1,175.270645142,56.8788452148,1457568420.39,1457568420.43,-13368.0,520.0,7370.0,-29.0,16.0,-0.156097560976,0.101155042648,1457568420.47,-17.0,-0.746751164227
95,86,132,208,10,99,1,174.748092651,56.3597412109,1457568420.49,1457568420.53,-13374.0,528.0,7344.0,-28.0,16.0,-0.0951219512195,0.105896949768,1457568420.57,-19.0,-0.760052854259
96,87,132,209,10,100,1,174.65763855,56.3510894775,1457568420.59,1457568420.62,-13374.0,528.0,7344.0,-28.0,16.0,-0.0951219512195,0.105896949768,1457568420.57,-19.0,-0.760052854259
97,86,132,208,10,101,1,174.906082153,56.3952484131,1457568420.68,1457568420.71,-13406.0,472.0,7328.0,-29.0,16.0,-0.217073170732,0.102378129959,1457568420.68,-17.0,-0.776033830643
98,85,132,208,9,102,1,174.731521606,56.290019989,1457568420.77,1457568420.79,-13360.0,486.0,7360.0,-31.0,12.0,-0.217073170732,0.104118824005,1457568420.78,-19.0,-0.798635233902
99,85,129,204,10,103,1,170.44229126,55.5759391785,1457568420.84,1457568420.87,-13316.0,1102.0,7242.0,-30.0,9.0,-3.50975609756,0.10098695755,1457568420.88,-73.0,-0.986815808459
100,-1,-1,-1,-1,104,0,158.636154175,54.8538208008,1457568420.91,1457568420.93,-13316.0,1102.0,7242.0,-30.0,9.0,-3.50975609756,0.10098695755,1457568420.88,-73.0,-0.986815808459
101,-1,-1,-1,-1,105,0,150.335891724,54.1257972717,1457568420.97,1457568420.99,-13294.0,858.0,7382.0,-51.0,-15.0,-28.9975609756,0.106074094772,1457568420.99,-491.0,-2.71090792447
102,-1,-1,-1,-1,106,0,145.946517944,54.7993621826,1457568421.04,1457568421.06,-13290.0,-1332.0,7514.0,-49.0,13.0,-28.9975609756,0.102438926697,1457568421.09,-513.0,-5.68138694763
103,-1,-1,-1,-1,107,0,142.574905396,55.8393859863,1457568421.11,1457568421.13,-13290.0,-1332.0,7514.0,-49.0,13.0,-28.9975609756,0.102438926697,1457568421.09,-513.0,-5.68138694763
104,-1,-1,-1,-1,108,0,142.878097534,55.6810302734,1457568421.19,1457568421.21,-13302.0,-1942.0,7360.0,-43.0,14.0,-20.5219512195,0.103465080261,1457568421.19,-352.0,-8.24315709951
105,-1,-1,-1,-1,109,0,151.478775024,51.6912956238,1457568421.27,1457568421.29,-13472.0,-2374.0,7150.0,-45.0,11.0,-16.6195121951,0.106929063797,1457568421.3,-288.0,-10.228908055
106,-1,-1,-1,-1,110,0,156.553375244,50.1999015808,1457568421.36,1457568421.38,-13266.0,-2338.0,6302.0,-50.0,16.0,-15.3390243902,0.100915908813,1457568421.4,-267.0,-11.8414704369
107,80,124,198,6,111,1,170.57043457,47.7769470215,1457568421.43,1457568421.46,-13168.0,-2660.0,7406.0,-34.0,15.0,-9.54634146341,0.102296113968,1457568421.5,-172.0,-13.1143085477
108,78,129,200,7,112,1,173.665771484,47.7097969055,1457568421.51,1457568421.54,-13168.0,-2660.0,7406.0,-34.0,15.0,-9.54634146341,0.102296113968,1457568421.5,-172.0,-13.1143085477
109,80,130,206,4,113,1,178.648849487,48.0946502686,1457568421.6,1457568421.63,-13180.0,-3026.0,7326.0,-32.0,22.0,-4.79024390244,0.105909824371,1457568421.61,-94.0,-13.8735011668
110,79,133,207,5,114,1,179.61730957,48.7136993408,1457568421.7,1457568421.72,-13164.0,-2880.0,7336.0,-30.0,15.0,-4.79024390244,0.099053144455,1457568421.71,-81.0,-14.347989888
111,80,133,208,5,115,1,180.050292969,49.3862762451,1457568421.79,1457568421.82,-13096.0,-2800.0,7300.0,-40.0,15.0,-9.18048780488,0.102829933167,1457568421.81,-221.0,-15.0662945919
112,82,132,208,6,116,1,180.345504761,50.1008720398,1457568421.88,1457568421.91,-13028.0,-3840.0,7316.0,-37.0,17.0,-9.18048780488,0.106076002121,1457568421.92,-166.0,-16.0401240358
113,83,131,209,5,117,1,180.591186523,49.8657073975,1457568421.95,1457568421.98,-13054.0,-3168.0,7266.0,-31.0,18.0,-9.18048780488,0.103730916977,1457568422.02,-114.0,-16.992424454
114,81,133,208,6,118,1,181.057312012,49.9308662415,1457568422.03,1457568422.05,-13054.0,-3168.0,7266.0,-31.0,18.0,-9.18048780488,0.103730916977,1457568422.02,-114.0,-16.992424454
115,80,135,208,7,119,1,181.487243652,50.3360900879,1457568422.1,1457568422.13,-13004.0,-3570.0,7254.0,-43.0,14.0,-13.143902439,0.101235151291,1457568422.12,-275.0,-18.122430966
116,82,134,209,7,120,1,181.677856445,50.5201721191,1457568422.18,1457568422.21,-12772.0,-4310.0,7358.0,-40.0,15.0,-13.143902439,0.103379964828,1457568422.23,-231.0,-19.4812471378
117,82,134,209,7,121,1,181.951766968,50.9757575989,1457568422.25,1457568422.28,-12772.0,-4310.0,7358.0,-40.0,15.0,-13.143902439,0.103379964828,1457568422.23,-231.0,-19.4812471378
118,82,135,210,7,122,1,181.909378052,51.2419281006,1457568422.33,1457568422.35,-12794.0,-4546.0,7248.0,-37.0,16.0,-8.63170731707,0.102092981339,1457568422.33,-157.0,-20.592815598
119,82,134,208,8,123,1,181.67729187,51.5000572205,1457568422.4,1457568422.43,-12712.0,-4782.0,7252.0,-30.0,18.0,-1.86341463415,0.102977991104,1457568422.43,-46.0,-21.1331988855
120,81,134,207,8,124,1,181.653503418,51.4411125183,1457568422.47,1457568422.5,-12734.0,-4624.0,7312.0,-29.0,17.0,-0.156097560976,0.102277994156,1457568422.53,-18.0,-21.2364747138
121,82,134,209,7,125,1,181.7162323,51.719165802,1457568422.54,1457568422.57,-12734.0,-4624.0,7312.0,-29.0,17.0,-0.156097560976,0.102277994156,1457568422.53,-18.0,-21.2364747138
122,82,134,209,7,126,1,181.825027466,51.8426551819,1457568422.62,1457568422.65,-12746.0,-4586.0,7258.0,-29.0,17.0,-0.0951219512195,0.105947971344,1457568422.64,-16.0,-21.2497828126
123,83,134,209,8,127,1,182.090209961,51.8429832458,1457568422.72,1457568422.75,-12738.0,-4612.0,7280.0,-28.0,18.0,-0.0341463414634,0.102395057678,1457568422.74,-17.0,-21.2564010297
124,83,134,210,7,128,1,182.277481079,52.1604423523,1457568422.82,1457568422.86,-12690.0,-4580.0,7252.0,-29.0,18.0,-0.0951219512195,0.117871999741,1457568422.86,-15.0,-21.2640195858
125,83,134,210,7,129,1,182.584594727,51.7424659729,1457568422.95,1457568422.98,-12784.0,-4584.0,7354.0,-28.0,17.0,-0.0951219512195,0.129900932312,1457568422.99,-17.0,-21.276376016
126,81,136,210,7,130,1,182.747619629,51.8501701355,1457568423.05,1457568423.09,-12748.0,-4562.0,7316.0,-28.0,17.0,-0.0951219512195,0.0586321353912,1457568423.05,-17.0,-21.2819532191
127,82,134,211,5,131,1,182.22215271,51.9082183838,1457568423.18,1457568423.22,-12736.0,-4588.0,7282.0,-29.0,18.0,-0.0951219512195,0.0984539985657,1457568423.26,-18.0,-21.3018030783
128,84,131,210,5,132,1,180.63885498,51.737323761,1457568423.28,1457568423.32,-12796.0,-4560.0,7236.0,-30.0,16.0,-0.0951219512195,0.102898836136,1457568423.36,-17.0,-21.3115910164
129,82,132,208,6,133,1,178.784164429,51.7603492737,1457568423.37,1457568423.4,-12796.0,-4560.0,7236.0,-30.0,16.0,-0.0951219512195,0.102898836136,1457568423.36,-17.0,-21.3115910164
130,82,130,207,5,134,1,178.139709473,51.5964508057,1457568423.47,1457568423.51,-12708.0,-4578.0,7236.0,-29.0,17.0,-0.0951219512195,0.102077007294,1457568423.46,-15.0,-21.3213007805
131,81,130,204,7,135,1,176.147415161,51.6799163818,1457568423.59,1457568423.64,-12732.0,-4592.0,7270.0,-29.0,17.0,-0.0951219512195,0.101586103439,1457568423.67,-17.0,-21.3407885267
132,81,127,202,6,136,1,174.1615448,51.2537498474,1457568423.7,1457568423.74,-12726.0,-4552.0,7208.0,-30.0,17.0,-0.0951219512195,0.10746884346,1457568423.77,-16.0,-21.3510111727
133,81,127,201,7,137,1,173.00177002,50.9452323914,1457568423.79,1457568423.82,-12726.0,-4552.0,7208.0,-30.0,17.0,-0.0951219512195,0.10746884346,1457568423.77,-16.0,-21.3510111727
134,79,128,199,8,138,1,172.546066284,50.9267883301,1457568423.88,1457568423.92,-12718.0,-4586.0,7308.0,-29.0,16.0,-0.0951219512195,0.101134061813,1457568423.88,-17.0,-21.360631242
135,80,128,200,8,139,1,173.411453247,51.6720619202,1457568423.98,1457568424.03,-12720.0,-4598.0,7246.0,-30.0,16.0,-0.0951219512195,0.109489917755,1457568423.98,-18.0,-21.3710461366
136,83,128,203,8,140,1,175.421813965,51.9370002747,1457568424.1,1457568424.13,-12754.0,-4586.0,7286.0,-30.0,19.0,0.148780487805,0.105139970779,1457568424.09,-13.0,-21.3682253082
137,84,130,206,8,141,1,177.849243164,52.0064086914,1457568424.19,1457568424.23,-12730.0,-4794.0,7218.0,-27.0,15.0,0.148780487805,0.0933899879456,1457568424.18,14.0,-21.3543307002
138,82,131,206,7,142,1,178.638015747,52.0819511414,1457568424.3,1457568424.34,-12760.0,-4562.0,7188.0,-27.0,16.0,-0.217073170732,0.10254907608,1457568424.29,-21.0,-21.357832376
139,81,133,206,8,143,1,178.946960449,51.966381073,1457568424.39,1457568424.42,-12788.0,-4506.0,7228.0,-28.0,16.0,-0.217073170732,0.106539011002,1457568424.39,-19.0,-21.3809591369
140,82,132,207,7,144,1,179.078735352,52.2995491028,1457568424.47,1457568424.5,-12802.0,-4538.0,7272.0,-29.0,16.0,-0.156097560976,0.10432600975,1457568424.5,-17.0,-21.4004248436
141,83,132,209,6,145,1,179.055984497,52.3556175232,1457568424.56,1457568424.58,-12756.0,-4528.0,7234.0,-29.0,16.0,-0.0951219512195,0.099818944931,1457568424.6,-18.0,-21.4129630769
142,83,132,208,7,146,1,179.230667114,52.5399475098,1457568424.62,1457568424.65,-12772.0,-4518.0,7210.0,-29.0,16.0,-0.0341463414634,0.102892160416,1457568424.7,-16.0,-21.4196134239
143,82,132,207,7,147,1,179.328475952,51.9542427063,1457568424.7,1457568424.72,-12772.0,-4518.0,7210.0,-29.0,16.0,-0.0341463414634,0.102892160416,1457568424.7,-16.0,-21.4196134239
144,82,133,208,7,148,1,179.51020813,52.2209472656,1457568424.79,1457568424.81,-12728.0,-4500.0,7286.0,-29.0,16.0,0.0268292682927,0.102797985077,1457568424.8,-15.0,-21.4199895141
145,81,133,207,7,149,1,179.771316528,52.3059654236,1457568424.87,1457568424.9,-12718.0,-4590.0,7242.0,-30.0,15.0,0.0268292682927,0.102150917053,1457568424.9,-9.0,-21.4172488797
146,84,131,209,6,150,1,179.950637817,52.0526733398,1457568424.97,1457568424.99,-12760.0,-4428.0,7244.0,-27.0,14.0,0.0268292682927,0.105324983597,1457568425.01,-15.0,-21.4144230875
147,84,131,209,6,151,1,180.026794434,51.9805297852,1457568425.1,1457568425.12,-12706.0,-4502.0,7252.0,-29.0,16.0,-0.0951219512195,0.102494001389,1457568425.11,-20.0,-21.4179228826
148,83,132,210,5,152,1,180.067062378,52.0817527771,1457568425.21,1457568425.25,-12766.0,-4564.0,7302.0,-31.0,17.0,-0.0951219512195,0.10372209549,1457568425.22,-17.0,-21.4277891307
149,81,131,206,6,153,1,179.087875366,51.8751564026,1457568425.32,1457568425.38,-12784.0,-4804.0,7252.0,-26.0,16.0,5.20975609756,0.101165056229,1457568425.42,70.0,-21.1602047205
150,83,130,206,7,154,1,177.794433594,51.6398773193,1457568425.42,1457568425.45,-12784.0,-4804.0,7252.0,-26.0,16.0,5.20975609756,0.101165056229,1457568425.42,70.0,-21.1602047205
151,82,130,206,6,155,1,177.311645508,51.507396698,1457568425.51,1457568425.53,-12900.0,-4552.0,7322.0,-17.0,15.0,13.8073170732,0.106046915054,1457568425.53,211.0,-20.1518537489
152,80,129,202,7,156,1,175.912796021,51.4300270081,1457568425.58,1457568425.61,-13026.0,-3526.0,7304.0,-15.0,17.0,13.8073170732,0.101465940475,1457568425.63,225.0,-18.7508813367
153,82,129,204,7,157,1,175.49621582,51.4635429382,1457568425.67,1457568425.7,-13014.0,-3734.0,7350.0,-28.0,15.0,-0.278048780488,0.103936195374,1457568425.73,-27.0,-18.0477910004
154,84,126,205,5,158,1,174.774581909,51.6331787109,1457568425.75,1457568425.79,-13014.0,-3734.0,7350.0,-28.0,15.0,-0.278048780488,0.103936195374,1457568425.73,-27.0,-18.0477910004
155,82,128,202,8,159,1,174.842910767,51.9156227112,1457568425.85,1457568425.88,-12988.0,-3690.0,7292.0,-30.0,17.0,-0.278048780488,0.119129896164,1457568425.85,-20.0,-18.0809149227
156,82,129,203,8,160,1,175.530944824,52.0167655945,1457568425.94,1457568425.99,-13000.0,-3686.0,7306.0,-29.0,16.0,-0.278048780488,0.08434009552,1457568425.94,-19.0,-18.1043655835
157,82,130,204,8,161,1,176.805526733,52.1909065247,1457568426.06,1457568426.11,-13002.0,-3778.0,7234.0,-31.0,18.0,-0.521951219512,0.101868152618,1457568426.14,-34.0,-18.2004061208
158,84,129,206,7,162,1,177.331665039,52.244884491,1457568426.17,1457568426.2,-12980.0,-3700.0,7260.0,-31.0,16.0,0.209756097561,0.103000879288,1457568426.25,-12.0,-18.2164843068
159,82,131,205,8,163,1,177.635131836,52.5339660645,1457568426.25,1457568426.28,-12980.0,-3700.0,7260.0,-31.0,16.0,0.209756097561,0.103000879288,1457568426.25,-12.0,-18.2164843068
160,82,130,204,8,164,1,177.636230469,52.2962837219,1457568426.34,1457568426.36,-12972.0,-3770.0,7310.0,-35.0,19.0,3.13658536585,0.101693153381,1457568426.35,36.0,-18.0463342989
161,82,130,204,8,165,1,177.929260254,52.2012825012,1457568426.41,1457568426.44,-13048.0,-4190.0,7370.0,-9.0,15.0,24.843902439,0.102443933487,1457568426.45,392.0,-16.6131186831
162,83,130,206,7,166,1,178.13508606,52.4542961121,1457568426.49,1457568426.52,-13126.0,-2610.0,7362.0,-5.0,14.0,26.4292682927,0.103853940964,1457568426.56,531.0,-13.95065826
163,83,131,208,6,167,1,178.621459961,52.0195198059,1457568426.56,1457568426.59,-13126.0,-2610.0,7362.0,-5.0,14.0,26.4292682927,0.103853940964,1457568426.56,531.0,-13.95065826
164,83,131,207,7,168,1,179.142700195,51.9933204651,1457568426.64,1457568426.67,-13032.0,-1498.0,7816.0,-9.0,15.0,26.4292682927,0.101408004761,1457568426.66,418.0,-11.2705188952
165,81,133,205,9,169,1,179.534194946,52.0960655212,1457568426.72,1457568426.74,-13232.0,-1366.0,7812.0,-11.0,18.0,26.4292682927,0.106184959412,1457568426.76,387.0,-8.46412811425
166,82,134,206,10,170,1,179.604049683,52.5610847473,1457568426.78,1457568426.81,-13232.0,-1366.0,7812.0,-11.0,18.0,26.4292682927,0.106184959412,1457568426.76,387.0,-8.46412811425
167,82,134,206,10,171,1,179.694839478,52.1980285645,1457568426.86,1457568426.88,-13222.0,-40.0,7386.0,-5.0,16.0,24.5390243902,0.098876953125,1457568426.86,425.0,-5.94433337101
168,81,135,205,11,172,1,179.69984436,52.2247314453,1457568426.93,1457568426.95,-13346.0,488.0,7378.0,-9.0,15.0,18.0756097561,0.101511001587,1457568426.96,281.0,-3.78140627378
169,81,134,206,9,173,1,179.771835327,52.2376899719,1457568427.02,1457568427.06,-13414.0,540.0,7292.0,-28.0,17.0,-0.156097560976,0.106885194778,1457568427.07,-26.0,-2.82374099813
170,82,132,206,8,174,1,179.66003418,52.353061676,1457568427.17,1457568427.22,-13316.0,358.0,7262.0,-28.0,17.0,-0.156097560976,0.103736877441,1457568427.17,-18.0,-2.83993407168
171,85,130,208,7,175,1,179.47026062,52.8942222595,1457568427.3,1457568427.36,-13298.0,438.0,7282.0,-12.0,19.0,17.587804878,0.0926451683044,1457568427.38,336.0,-1.98109184765
172,84,130,207,7,176,1,178.871887207,52.9569282532,1457568427.47,1457568427.51,-13334.0,1754.0,7422.0,-8.0,19.0,17.587804878,0.10481595993,1457568427.49,273.0,-0.137609196291
173,82,130,203,9,177,1,176.762954712,53.2021751404,1457568427.61,1457568427.66,-13236.0,1368.0,7374.0,-31.0,17.0,0.148780487805,0.103507995605,1457568427.69,-13.0,0.772653786147
174,84,127,203,8,178,1,174.194900513,53.4863014221,1457568427.73,1457568427.77,-13214.0,1056.0,7340.0,-22.0,14.0,10.1487804878,0.101483106613,1457568427.79,151.0,1.29516802532
175,85,127,204,8,179,1,173.402038574,53.3868713379,1457568427.82,1457568427.86,-13168.0,2168.0,7304.0,-12.0,17.0,13.4414634146,0.10355591774,1457568427.89,277.0,2.51662270383
176,84,127,202,9,180,1,173.005371094,53.3604736328,1457568427.94,1457568427.97,-13052.0,2686.0,7364.0,-16.0,17.0,13.4414634146,0.101701974869,1457568428.0,205.0,3.88364607823
177,85,127,202,10,181,1,172.857849121,53.5113525391,1457568428.02,1457568428.05,-13052.0,2686.0,7364.0,-16.0,17.0,13.4414634146,0.101701974869,1457568428.0,205.0,3.88364607823
178,84,127,201,10,182,1,172.890579224,53.456287384,1457568428.1,1457568428.12,-13076.0,2896.0,7392.0,-25.0,18.0,3.50243902439,0.102370023727,1457568428.1,42.0,4.75091992559
179,85,126,203,8,183,1,173.053222656,53.4953308105,1457568428.18,1457568428.2,-13064.0,2574.0,7342.0,-30.0,18.0,0.636585365854,0.106963157654,1457568428.21,-17.0,4.97228148478
180,83,128,201,10,184,1,173.717880249,53.5877494812,1457568428.25,1457568428.27,-13094.0,2528.0,7328.0,-30.0,16.0,0.636585365854,0.101178884506,1457568428.31,-5.0,5.03669048199
181,84,129,203,10,185,1,174.696334839,53.6752204895,1457568428.33,1457568428.37,-13062.0,2602.0,7396.0,-27.0,15.0,4.47804878049,0.102468013763,1457568428.41,62.0,5.29873368304
182,85,128,203,10,186,1,175.434646606,53.8589744568,1457568428.43,1457568428.46,-13062.0,2602.0,7396.0,-27.0,15.0,4.47804878049,0.102468013763,1457568428.41,62.0,5.29873368304
183,87,127,207,7,187,1,175.921432495,53.6488838196,1457568428.53,1457568428.56,-12872.0,3058.0,7518.0,-23.0,13.0,4.47804878049,0.102688074112,1457568428.51,58.0,5.75857588809
184,85,127,204,8,188,1,176.190933228,53.4976997375,1457568428.61,1457568428.64,-13012.0,3558.0,7416.0,-25.0,9.0,-2.83902439024,0.102458000183,1457568428.61,-62.0,5.84254146872
185,85,128,205,8,189,1,176.363876343,53.4478340149,1457568428.69,1457568428.71,-13106.0,2870.0,7312.0,-49.0,30.0,-20.0341463415,0.10719704628,1457568428.72,-377.0,4.61657329798
186,85,128,205,8,190,1,176.568496704,53.5911064148,1457568428.76,1457568428.79,-13092.0,1498.0,7396.0,-49.0,10.0,-20.0341463415,0.109275817871,1457568428.83,-344.0,2.42732557116
187,85,128,204,9,191,1,176.789230347,53.6043205261,1457568428.83,1457568428.86,-13092.0,1498.0,7396.0,-49.0,10.0,-20.0341463415,0.109275817871,1457568428.83,-344.0,2.42732557116
188,85,129,205,9,192,1,176.810531616,53.6535453796,1457568428.91,1457568428.93,-13128.0,1046.0,7594.0,-30.0,17.0,-1.86341463415,0.0951390266418,1457568428.93,-46.0,1.38566925264
189,86,128,205,9,193,1,176.678390503,53.5612182617,1457568428.98,1457568429.01,-13490.0,1822.0,7372.0,-32.0,20.0,-0.0341463414634,0.103151082993,1457568429.03,-14.0,1.2878015178
190,86,128,206,8,194,1,176.592788696,53.5720787048,1457568429.06,1457568429.09,-13350.0,1594.0,7340.0,-32.0,17.0,0.0878048780488,0.101343870163,1457568429.13,-16.0,1.29052049968
191,85,128,204,9,195,1,176.704940796,53.803894043,1457568429.13,1457568429.16,-13350.0,1594.0,7340.0,-32.0,17.0,0.0878048780488,0.101343870163,1457568429.13,-16.0,1.29052049968
192,86,128,205,9,196,1,177.004440308,53.9927825928,1457568429.22,1457568429.24,-13252.0,1466.0,7416.0,-30.0,16.0,0.758536585366,0.102298021317,1457568429.23,-3.0,1.33381002822
193,87,127,205,9,197,1,177.24432373,54.2003326416,1457568429.29,1457568429.31,-13286.0,1470.0,7298.0,-27.0,11.0,7.6487804878,0.107401132584,1457568429.34,148.0,1.78528771604
194,86,129,205,10,198,1,177.366088867,54.2722816467,1457568429.36,1457568429.39,-13128.0,2570.0,7448.0,-20.0,15.0,7.6487804878,0.102111816406,1457568429.44,110.0,2.56631858494
195,86,128,204,10,199,1,177.416259766,54.3777580261,1457568429.44,1457568429.46,-13128.0,2570.0,7448.0,-20.0,15.0,7.6487804878,0.102111816406,1457568429.44,110.0,2.56631858494
196,85,129,204,10,200,1,177.43309021,54.353515625,1457568429.51,1457568429.53,-13194.0,2038.0,7326.0,-27.0,16.0,0.392682926829,0.104472160339,1457568429.55,-19.0,2.98637311255
197,85,129,204,10,201,1,177.578323364,54.1948051453,1457568429.57,1457568429.61,-13172.0,1976.0,7272.0,-34.0,20.0,0.392682926829,0.106287002563,1457568429.65,-9.0,3.0281102038
198,85,130,205,10,202,1,177.790161133,54.3083152771,1457568429.65,1457568429.68,-13172.0,1976.0,7272.0,-34.0,20.0,0.392682926829,0.106287002563,1457568429.65,-9.0,3.0281102038
199,87,128,206,9,203,1,177.868881226,54.4176216125,1457568429.74,1457568429.77,-13146.0,1370.0,7270.0,-24.0,13.0,8.56341463415,0.0996940135956,1457568429.75,125.0,3.4745448598
200,86,129,205,10,204,1,177.869384766,54.4427490234,1457568429.86,1457568429.91,-13000.0,3334.0,7284.0,-14.0,20.0,15.4536585366,0.104799985886,1457568429.96,238.0,6.29431642294
201,86,128,205,9,205,1,177.644897461,54.3984985352,1457568429.98,1457568430.01,-13000.0,3334.0,7284.0,-14.0,20.0,15.4536585366,0.104799985886,1457568429.96,238.0,6.29431642294
202,86,128,205,9,206,1,177.63885498,54.4942207336,1457568430.07,1457568430.1,-12888.0,3570.0,7252.0,-23.0,20.0,6.5512195122,0.102541923523,1457568430.06,92.0,7.42252768394
203,87,128,205,10,207,1,177.58039856,54.6368408203,1457568430.16,1457568430.19,-12810.0,3592.0,7238.0,-27.0,13.0,1.06341463415,0.103438138962,1457568430.16,2.0,7.81634947643
204,86,129,203,12,208,1,177.215896606,54.7705192566,1457568430.25,1457568430.28,-12838.0,3394.0,7396.0,-31.0,14.0,1.06341463415,0.102825880051,1457568430.27,-15.0,7.92569602205
205,86,128,204,10,209,1,177.105651855,54.7866706848,1457568430.34,1457568430.37,-12854.0,3004.0,7352.0,-24.0,7.0,11.7951219512,0.101346969604,1457568430.37,178.0,8.57728288028
206,85,129,202,12,210,1,176.927307129,54.8624610901,1457568430.42,1457568430.44,-12726.0,4264.0,7294.0,-7.0,16.0,18.0146341463,0.10155415535,1457568430.47,356.0,10.0909351811
207,86,128,203,11,211,1,176.953659058,54.7037315369,1457568430.48,1457568430.51,-12726.0,4264.0,7294.0,-7.0,16.0,18.0146341463,0.10155415535,1457568430.47,356.0,10.0909351811
208,86,128,204,10,212,1,177.002182007,54.7098999023,1457568430.56,1457568430.58,-12446.0,4522.0,7286.0,-14.0,13.0,18.0146341463,0.106679916382,1457568430.58,280.0,12.0127348455
209,85,129,204,10,213,1,177.042037964,54.5955352783,1457568430.63,1457568430.66,-12390.0,5438.0,7350.0,-20.0,17.0,13.6243902439,0.103448152542,1457568430.68,208.0,13.6492341562
210,85,129,204,10,214,1,177.162796021,54.6858329773,1457568430.7,1457568430.73,-12390.0,5438.0,7350.0,-20.0,17.0,13.6243902439,0.103448152542,1457568430.68,208.0,13.6492341562
211,87,128,205,10,215,1,177.283157349,54.681552887,1457568430.77,1457568430.8,-12248.0,5502.0,7366.0,-20.0,18.0,6.97804878049,0.103299856186,1457568430.78,99.0,14.7133486504
212,86,129,205,10,216,1,177.351486206,54.6612510681,1457568430.86,1457568430.88,-12212.0,5210.0,7414.0,-27.0,14.0,-0.765853658537,0.103790044785,1457568430.89,-28.0,15.0357306553
213,86,129,205,10,217,1,177.564193726,54.6955375671,1457568430.93,1457568430.95,-12426.0,8654.0,6830.0,-28.0,26.0,-21.1317073171,0.10423707962,1457568430.99,-362.0,13.8944617519
214,87,128,206,9,218,1,177.647766113,54.7876167297,1457568431.0,1457568431.03,-12426.0,8654.0,6830.0,-28.0,26.0,-21.1317073171,0.10423707962,1457568430.99,-362.0,13.8944617519
215,86,129,205,10,219,1,177.735397339,54.866230011,1457568431.08,1457568431.1,-12510.0,4306.0,7082.0,-58.0,15.0,-21.1317073171,0.10143995285,1457568431.09,-530.0,11.750862358
216,87,128,206,9,220,1,177.703491211,54.908618927,1457568431.15,1457568431.18,-12746.0,2844.0,7470.0,-33.0,17.0,-4.60731707317,0.102854967117,1457568431.19,-91.0,10.4271691043
217,86,128,205,9,221,1,177.539489746,55.161075592,1457568431.24,1457568431.27,-12718.0,3896.0,7314.0,-27.0,15.0,-0.460975609756,0.102952003479,1457568431.3,-19.0,10.1662736614
218,87,128,205,10,222,1,177.186294556,55.0694847107,1457568431.33,1457568431.36,-12546.0,3974.0,7490.0,-30.0,6.0,-0.460975609756,0.101231098175,1457568431.4,-23.0,10.1196085942
219,86,129,204,11,223,1,176.999023438,55.0739440918,1457568431.41,1457568431.45,-12546.0,3974.0,7490.0,-30.0,6.0,-0.460975609756,0.101231098175,1457568431.4,-23.0,10.1196085942
220,85,129,203,11,224,1,177.015304565,54.9639396667,1457568431.52,1457568431.55,-12674.0,3522.0,7038.0,-32.0,12.0,-0.460975609756,0.104830980301,1457568431.5,-40.0,10.0712840691
221,85,129,202,12,225,1,177.042678833,55.3221435547,1457568431.6,1457568431.63,-12654.0,3808.0,7214.0,-40.0,-18.0,-0.339024390244,0.0999889373779,1457568431.6,-1.0,10.0312884941
222,86,130,204,12,226,1,177.172058105,55.785446167,1457568431.69,1457568431.72,-12752.0,3782.0,7616.0,-30.0,12.0,-0.0951219512195,0.106554031372,1457568431.71,-21.0,10.0081584727
223,88,130,206,12,227,1,177.191223145,55.5903358459,1457568431.78,1457568431.81,-12740.0,3760.0,7486.0,-30.0,15.0,-0.0951219512195,0.10258603096,1457568431.81,-17.0,9.99840028926
224,86,129,206,9,228,1,177.083053589,53.9500846863,1457568431.85,1457568431.88,-12716.0,3750.0,7482.0,-29.0,15.0,-0.0951219512195,0.102641820908,1457568431.92,-17.0,9.98863679897
225,85,129,206,8,229,1,177.097213745,52.885181427,1457568431.92,1457568431.94,-12716.0,3750.0,7482.0,-29.0,15.0,-0.0951219512195,0.102641820908,1457568431.92,-17.0,9.98863679897
226,83,129,204,8,230,1,177.272644043,50.8931159973,1457568432.0,1457568432.02,-12754.0,3768.0,7442.0,-29.0,16.0,-0.156097560976,0.102118015289,1457568432.02,-18.0,9.97580977998
227,82,130,205,7,231,1,178.121154785,50.0171699524,1457568432.07,1457568432.09,-12678.0,3780.0,7450.0,-30.0,17.0,-0.156097560976,0.105447053909,1457568432.12,-18.0,9.95934975205
228,82,132,207,7,232,1,181.270065308,50.1820793152,1457568432.14,1457568432.18,-12690.0,3764.0,7452.0,-29.0,17.0,-0.0951219512195,0.106386899948,1457568432.23,-17.0,9.9459865195
229,85,135,215,5,233,1,186.351806641,49.8653297424,1457568432.22,1457568432.25,-12690.0,3764.0,7452.0,-29.0,17.0,-0.0951219512195,0.106386899948,1457568432.23,-17.0,9.9459865195
230,84,137,216,5,234,1,188.780105591,49.8566398621,1457568432.3,1457568432.32,-12760.0,3776.0,7442.0,-29.0,16.0,-0.0951219512195,0.0995972156525,1457568432.33,-17.0,9.93651263801
231,-1,-1,-1,-1,236,0,181.0,52.3333320618,1457568432.37,1457568432.47,-12732.0,3776.0,7446.0,-29.0,15.0,-0.0951219512195,0.103983879089,1457568432.43,-18.0,9.92662148854
232,80,146,220,6,237,1,181.313217163,49.5720710754,1457568432.53,1457568432.55,-12694.0,3794.0,7452.0,-30.0,17.0,-0.156097560976,0.101613044739,1457568432.53,-17.0,9.91385789877
233,-1,-1,-1,-1,238,0,182.350357056,48.7076530457,1457568432.63,1457568432.65,-12732.0,3784.0,7462.0,-29.0,16.0,-0.0951219512195,0.103579998016,1457568432.64,-18.0,9.90084724048
234,80,148,222,6,239,1,182.994216919,49.0690002441,1457568432.73,1457568432.76,-12756.0,3802.0,7384.0,-29.0,16.0,-0.156097560976,0.100003957748,1457568432.74,-17.0,9.88828576774
