,faceBottom_1_steps,faceBottom_1_steps_0,faceBottom_1_steps_1,faceBottom_1_steps_2,faceBottom_6_steps,faceBottom_6_steps_0,faceBottom_6_steps_1,faceBottom_6_steps_2,faceLeft_1_steps,faceLeft_1_steps_0,faceLeft_1_steps_1,faceLeft_1_steps_2,faceLeft_6_steps,faceLeft_6_steps_0,faceLeft_6_steps_1,faceLeft_6_steps_2,faceRight_1_steps,faceRight_1_steps_0,faceRight_1_steps_1,faceRight_1_steps_2,faceRight_6_steps,faceRight_6_steps_0,faceRight_6_steps_1,faceRight_6_steps_2,faceTop_1_steps,faceTop_1_steps_0,faceTop_1_steps_1,faceTop_1_steps_2,faceTop_6_steps,faceTop_6_steps_0,faceTop_6_steps_1,faceTop_6_steps_2,frameIndex,isFrontFace_1_steps,isFrontFace_1_steps_0,isFrontFace_1_steps_1,isFrontFace_1_steps_2,isFrontFace_6_steps,isFrontFace_6_steps_0,isFrontFace_6_steps_1,isFrontFace_6_steps_2,noseX_1_steps,noseX_1_steps_0,noseX_1_steps_1,noseX_1_steps_2,noseX_6_steps,noseX_6_steps_0,noseX_6_steps_1,noseX_6_steps_2,noseY_1_steps,noseY_1_steps_0,noseY_1_steps_1,noseY_1_steps_2,noseY_6_steps,noseY_6_steps_0,noseY_6_steps_1,noseY_6_steps_2,time
0,0.0,0.0,0.0,0.0,0.0,0.0,0.0,0.0,0.0,0.0,0.0,0.0,0.0,0.0,0.0,0.0,0.0,0.0,0.0,0.0,0.0,0.0,0.0,0.0,0.0,0.0,0.0,0.0,0.0,0.0,0.0,0.0,9.0,0.0,0.0,0.0,0.0,0.0,0.0,0.0,0.0,0.0,0.0,-0.121002197265625,-0.250244140625,0.0,0.0,0.0,0.0,0.0,0.0,0.054901123046875,0.1596832275390625,0.0,0.0,0.0,0.0,1453773922.420957
1,0.0,0.0,0.0,-2.0,0.0,0.0,0.0,0.0,0.0,0.0,0.0,-1.0,0.0,0.0,0.0,0.0,0.0,0.0,0.0,-1.0,0.0,0.0,0.0,0.0,0.0,0.0,0.0,-2.0,0.0,0.0,0.0,0.0,10.0,0.0,0.0,0.0,0.0,0.0,0.0,0.0,0.0,-0.121002197265625,-0.121002197265625,-0.250244140625,-0.18084716796875,0.0,0.0,0.0,0.0,0.054901123046875,0.054901123046875,0.1596832275390625,0.035400390625,0.0,0.0,0.0,0.0,1453773922.4971929
2,0.0,0.0,-2.0,-1.0,0.0,0.0,0.0,0.0,0.0,0.0,-1.0,2.0,0.0,0.0,0.0,0.0,0.0,0.0,-1.0,-1.0,0.0,0.0,0.0,0.0,0.0,0.0,-2.0,2.0,0.0,0.0,0.0,0.0,11.0,0.0,0.0,0.0,0.0,0.0,0.0,0.0,0.0,-0.250244140625,-0.250244140625,-0.18084716796875,-0.161102294921875,0.0,0.0,0.0,0.0,0.1596832275390625,0.1596832275390625,0.035400390625,-0.9840545654296875,0.0,0.0,0.0,0.0,1453773922.579926
3,-2.0,-2.0,-1.0,-7.0,0.0,0.0,0.0,0.0,-1.0,-1.0,2.0,6.0,0.0,0.0,0.0,0.0,-1.0,-1.0,-1.0,-3.0,0.0,0.0,0.0,0.0,-2.0,-2.0,2.0,2.0,0.0,0.0,0.0,0.0,12.0,0.0,0.0,0.0,0.0,0.0,0.0,0.0,0.0,-0.18084716796875,-0.18084716796875,-0.161102294921875,0.0044097900390625,0.0,0.0,0.0,0.0,0.035400390625,0.035400390625,-0.9840545654296875,-3.4780426025390625,0.0,0.0,0.0,0.0,1453773922.6624
4,-1.0,-1.0,-7.0,1.0,0.0,0.0,0.0,-9.0,2.0,2.0,6.0,-4.0,0.0,0.0,0.0,3.0,-1.0,-1.0,-3.0,5.0,0.0,0.0,0.0,0.0,2.0,2.0,2.0,-8.0,0.0,0.0,0.0,-6.0,13.0,0.0,0.0,0.0,0.0,0.0,0.0,0.0,0.0,-0.161102294921875,-0.161102294921875,0.0044097900390625,0.1198272705078125,0.0,0.0,0.0,-0.588958740234375,-0.9840545654296875,-0.9840545654296875,-3.4780426025390625,-6.099700927734375,0.0,0.0,0.0,-10.311813354492188,1453773922.729008
5,-7.0,-7.0,1.0,-7.0,0.0,0.0,-9.0,-16.0,6.0,6.0,-4.0,4.0,0.0,0.0,3.0,7.0,-3.0,-3.0,5.0,-3.0,0.0,0.0,0.0,-3.0,2.0,2.0,-8.0,0.0,0.0,0.0,-6.0,-6.0,14.0,0.0,0.0,0.0,0.0,0.0,0.0,0.0,0.0,0.0044097900390625,0.0044097900390625,0.1198272705078125,0.041748046875,0.0,0.0,-0.588958740234375,-0.42620849609375,-3.4780426025390625,-3.4780426025390625,-6.099700927734375,-2.2496337890625,0.0,0.0,-10.311813354492188,-12.616348266601562,1453773922.795992
6,1.0,1.0,-7.0,3.0,-9.0,-9.0,-16.0,-13.0,-4.0,-4.0,4.0,-4.0,3.0,3.0,7.0,3.0,5.0,5.0,-3.0,3.0,0.0,0.0,-3.0,0.0,-8.0,-8.0,0.0,-4.0,-6.0,-6.0,-6.0,-10.0,15.0,0.0,0.0,0.0,0.0,0.0,0.0,0.0,0.0,0.1198272705078125,0.1198272705078125,0.041748046875,0.3524017333984375,-0.588958740234375,-0.588958740234375,-0.42620849609375,0.1764373779296875,-6.099700927734375,-6.099700927734375,-2.2496337890625,-1.5341033935546875,-10.311813354492188,-10.311813354492188,-12.616348266601562,-14.310134887695312,1453773922.864224
7,-7.0,-7.0,3.0,-2.0,-16.0,-16.0,-13.0,-13.0,4.0,4.0,-4.0,0.0,7.0,7.0,3.0,4.0,-3.0,-3.0,3.0,0.0,-3.0,-3.0,0.0,1.0,0.0,0.0,-4.0,-2.0,-6.0,-6.0,-10.0,-10.0,16.0,0.0,0.0,0.0,0.0,0.0,0.0,0.0,0.0,0.041748046875,0.041748046875,0.3524017333984375,0.496185302734375,-0.42620849609375,-0.42620849609375,0.1764373779296875,0.8534698486328125,-2.2496337890625,-2.2496337890625,-1.5341033935546875,-2.0551910400390625,-12.616348266601562,-12.616348266601562,-14.310134887695312,-16.400726318359375,1453773922.948652
8,3.0,3.0,-2.0,-5.0,-13.0,-13.0,-13.0,-17.0,-4.0,-4.0,0.0,3.0,3.0,3.0,4.0,5.0,3.0,3.0,0.0,1.0,0.0,0.0,1.0,3.0,-4.0,-4.0,-2.0,-3.0,-10.0,-10.0,-10.0,-15.0,17.0,0.0,0.0,0.0,0.0,0.0,0.0,0.0,0.0,0.3524017333984375,0.3524017333984375,0.496185302734375,0.3090972900390625,0.1764373779296875,0.1764373779296875,0.8534698486328125,1.32366943359375,-1.5341033935546875,-1.5341033935546875,-2.0551910400390625,-1.4246826171875,-14.310134887695312,-14.310134887695312,-16.400726318359375,-16.841354370117188,1453773923.026463
9,-2.0,-2.0,-5.0,-4.0,-13.0,-13.0,-17.0,-14.0,0.0,0.0,3.0,2.0,4.0,4.0,5.0,1.0,0.0,0.0,1.0,-5.0,1.0,1.0,3.0,1.0,-2.0,-2.0,-3.0,3.0,-10.0,-10.0,-15.0,-14.0,18.0,0.0,0.0,0.0,0.0,0.0,0.0,0.0,0.0,0.496185302734375,0.496185302734375,0.3090972900390625,0.1597442626953125,0.8534698486328125,0.8534698486328125,1.32366943359375,1.47900390625,-2.0551910400390625,-2.0551910400390625,-1.4246826171875,-1.4734039306640625,-16.400726318359375,-16.400726318359375,-16.841354370117188,-14.836715698242188,1453773923.120286
10,-5.0,-5.0,-4.0,6.0,-17.0,-17.0,-14.0,-9.0,3.0,3.0,2.0,-7.0,5.0,5.0,1.0,-2.0,1.0,1.0,-5.0,5.0,3.0,3.0,1.0,1.0,-3.0,-3.0,3.0,-6.0,-15.0,-15.0,-14.0,-12.0,19.0,0.0,0.0,0.0,0.0,0.0,0.0,0.0,0.0,0.3090972900390625,0.3090972900390625,0.1597442626953125,0.3490142822265625,1.32366943359375,1.32366943359375,1.47900390625,1.70819091796875,-1.4246826171875,-1.4246826171875,-1.4734039306640625,-1.5802154541015625,-16.841354370117188,-16.841354370117188,-14.836715698242188,-10.317230224609375,1453773923.196179
11,-4.0,-4.0,6.0,-4.0,-14.0,-14.0,-9.0,-6.0,2.0,2.0,-7.0,3.0,1.0,1.0,-2.0,-3.0,-5.0,-5.0,5.0,1.0,1.0,1.0,1.0,5.0,3.0,3.0,-6.0,-2.0,-14.0,-14.0,-12.0,-14.0,20.0,0.0,0.0,0.0,0.0,0.0,0.0,0.0,0.0,0.1597442626953125,0.1597442626953125,0.3490142822265625,0.19598388671875,1.47900390625,1.47900390625,1.70819091796875,1.8624267578125,-1.4734039306640625,-1.4734039306640625,-1.5802154541015625,-0.4107208251953125,-14.836715698242188,-14.836715698242188,-10.317230224609375,-8.478317260742188,1453773923.2634132
12,6.0,6.0,-4.0,2.0,-9.0,-9.0,-6.0,-7.0,-7.0,-7.0,3.0,0.0,-2.0,-2.0,-3.0,1.0,5.0,5.0,1.0,-1.0,1.0,1.0,5.0,1.0,-6.0,-6.0,-2.0,3.0,-12.0,-12.0,-14.0,-7.0,21.0,0.0,0.0,0.0,0.0,0.0,0.0,0.0,0.0,0.3490142822265625,0.3490142822265625,0.19598388671875,-0.055572509765625,1.70819091796875,1.70819091796875,1.8624267578125,1.4544525146484375,-1.5802154541015625,-1.5802154541015625,-0.4107208251953125,0.0786895751953125,-10.317230224609375,-10.317230224609375,-8.478317260742188,-6.8655242919921875,1453773923.345985
13,-4.0,-4.0,2.0,4.0,-6.0,-6.0,-7.0,-1.0,3.0,3.0,0.0,-7.0,-3.0,-3.0,1.0,-6.0,1.0,1.0,-1.0,6.0,5.0,5.0,1.0,7.0,-2.0,-2.0,3.0,-9.0,-14.0,-14.0,-7.0,-14.0,22.0,0.0,0.0,0.0,0.0,0.0,0.0,0.0,0.0,0.19598388671875,0.19598388671875,-0.055572509765625,-0.2238006591796875,1.8624267578125,1.8624267578125,1.4544525146484375,0.734466552734375,-0.4107208251953125,-0.4107208251953125,0.0786895751953125,1.906402587890625,-8.478317260742188,-8.478317260742188,-6.8655242919921875,-2.9039306640625,1453773923.437639
14,2.0,2.0,4.0,1.0,-7.0,-7.0,-1.0,5.0,0.0,0.0,-7.0,-2.0,1.0,1.0,-6.0,-11.0,-1.0,-1.0,6.0,0.0,1.0,1.0,7.0,6.0,3.0,3.0,-9.0,-1.0,-7.0,-7.0,-14.0,-12.0,23.0,0.0,0.0,0.0,0.0,0.0,0.0,0.0,0.0,-0.055572509765625,-0.055572509765625,-0.2238006591796875,-0.242218017578125,1.4544525146484375,1.4544525146484375,0.734466552734375,0.1831512451171875,0.0786895751953125,0.0786895751953125,1.906402587890625,2.29705810546875,-6.8655242919921875,-6.8655242919921875,-2.9039306640625,0.81781005859375,1453773923.512295
15,4.0,4.0,1.0,-15.0,-1.0,-1.0,5.0,-6.0,-7.0,-7.0,-2.0,4.0,-6.0,-6.0,-11.0,-9.0,6.0,6.0,0.0,-8.0,7.0,7.0,6.0,3.0,-9.0,-9.0,-1.0,-3.0,-14.0,-14.0,-12.0,-18.0,24.0,0.0,0.0,0.0,0.0,0.0,0.0,0.0,0.0,-0.2238006591796875,-0.2238006591796875,-0.242218017578125,-0.6307830810546875,0.734466552734375,0.734466552734375,0.1831512451171875,-0.6073760986328125,1.906402587890625,1.906402587890625,2.29705810546875,2.070526123046875,-2.9039306640625,-2.9039306640625,0.81781005859375,4.3617401123046875,1453773923.5961552
16,1.0,1.0,-15.0,9.0,5.0,5.0,-6.0,-3.0,-2.0,-2.0,4.0,-7.0,-11.0,-11.0,-9.0,-9.0,0.0,0.0,-8.0,5.0,6.0,6.0,3.0,3.0,-1.0,-1.0,-3.0,-3.0,-12.0,-12.0,-18.0,-15.0,25.0,0.0,0.0,0.0,0.0,0.0,0.0,0.0,0.0,-0.242218017578125,-0.242218017578125,-0.6307830810546875,-0.471435546875,0.1831512451171875,0.1831512451171875,-0.6073760986328125,-1.427825927734375,2.29705810546875,2.29705810546875,2.070526123046875,0.7532806396484375,0.81781005859375,0.81781005859375,4.3617401123046875,6.6952362060546875,1453773923.661928
17,-15.0,-15.0,9.0,-5.0,-6.0,-6.0,-3.0,-4.0,4.0,4.0,-7.0,4.0,-9.0,-9.0,-9.0,-8.0,-8.0,-8.0,5.0,-2.0,3.0,3.0,3.0,0.0,-3.0,-3.0,-3.0,1.0,-18.0,-18.0,-15.0,-12.0,26.0,0.0,0.0,0.0,0.0,0.0,0.0,0.0,0.0,-0.6307830810546875,-0.6307830810546875,-0.471435546875,-0.2769317626953125,-0.6073760986328125,-0.6073760986328125,-1.427825927734375,-1.9007415771484375,2.070526123046875,2.070526123046875,0.7532806396484375,0.336883544921875,4.3617401123046875,4.3617401123046875,6.6952362060546875,7.442840576171875,1453773923.747187
18,9.0,9.0,-5.0,0.0,-3.0,-3.0,-4.0,-6.0,-7.0,-7.0,4.0,0.0,-9.0,-9.0,-8.0,-8.0,5.0,5.0,-2.0,0.0,3.0,3.0,0.0,1.0,-3.0,-3.0,1.0,0.0,-15.0,-15.0,-12.0,-15.0,27.0,0.0,0.0,0.0,0.0,0.0,0.0,0.0,0.0,-0.471435546875,-0.471435546875,-0.2769317626953125,-0.2941131591796875,-1.427825927734375,-1.427825927734375,-1.9007415771484375,-2.1392822265625,0.7532806396484375,0.7532806396484375,0.336883544921875,-0.08319091796875,6.6952362060546875,6.6952362060546875,7.442840576171875,7.2809600830078125,1453773923.82752
19,-5.0,-5.0,0.0,-21.0,-4.0,-4.0,-6.0,-31.0,4.0,4.0,0.0,13.0,-8.0,-8.0,-8.0,12.0,-2.0,-2.0,0.0,-8.0,0.0,0.0,1.0,-13.0,1.0,1.0,0.0,0.0,-12.0,-12.0,-15.0,-6.0,28.0,0.0,0.0,0.0,0.0,0.0,0.0,0.0,0.0,-0.2769317626953125,-0.2769317626953125,-0.2941131591796875,-0.1414031982421875,-1.9007415771484375,-1.9007415771484375,-2.1392822265625,-2.056884765625,0.336883544921875,0.336883544921875,-0.08319091796875,-0.3153839111328125,7.442840576171875,7.442840576171875,7.2809600830078125,5.059173583984375,1453773923.896127
20,0.0,0.0,-21.0,22.0,-6.0,-6.0,-31.0,-10.0,0.0,0.0,13.0,-11.0,-8.0,-8.0,12.0,3.0,0.0,0.0,-8.0,6.0,1.0,1.0,-13.0,-7.0,0.0,0.0,0.0,5.0,-15.0,-15.0,-6.0,0.0,29.0,0.0,0.0,0.0,0.0,0.0,0.0,0.0,0.0,-0.2941131591796875,-0.2941131591796875,-0.1414031982421875,-0.0178375244140625,-2.1392822265625,-2.1392822265625,-2.056884765625,-1.8325042724609375,-0.08319091796875,-0.08319091796875,-0.3153839111328125,-0.1728668212890625,7.2809600830078125,7.2809600830078125,5.059173583984375,2.5892486572265625,1453773923.96437
21,-21.0,-21.0,22.0,0.0,-31.0,-31.0,-10.0,5.0,13.0,13.0,-11.0,0.0,12.0,12.0,3.0,-1.0,-8.0,-8.0,6.0,2.0,-13.0,-13.0,-7.0,3.0,0.0,0.0,5.0,-2.0,-6.0,-6.0,0.0,1.0,30.0,0.0,0.0,0.0,0.0,0.0,0.0,0.0,0.0,-0.1414031982421875,-0.1414031982421875,-0.0178375244140625,-0.12298583984375,-2.056884765625,-2.056884765625,-1.8325042724609375,-1.32470703125,-0.3153839111328125,-0.3153839111328125,-0.1728668212890625,-0.7660675048828125,5.059173583984375,5.059173583984375,2.5892486572265625,-0.247344970703125,1453773924.047265
22,22.0,22.0,0.0,5.0,-10.0,-10.0,5.0,1.0,-11.0,-11.0,0.0,-5.0,3.0,3.0,-1.0,1.0,6.0,6.0,2.0,0.0,-7.0,-7.0,3.0,-2.0,5.0,5.0,-2.0,0.0,0.0,0.0,1.0,4.0,31.0,0.0,0.0,0.0,0.0,0.0,0.0,0.0,0.0,-0.0178375244140625,-0.0178375244140625,-0.12298583984375,-0.099884033203125,-1.8325042724609375,-1.8325042724609375,-1.32470703125,-0.953155517578125,-0.1728668212890625,-0.1728668212890625,-0.7660675048828125,-1.321044921875,2.5892486572265625,2.5892486572265625,-0.247344970703125,-2.3216705322265625,1453773924.128884
23,0.0,0.0,5.0,-2.0,5.0,5.0,1.0,4.0,0.0,0.0,-5.0,1.0,-1.0,-1.0,1.0,-2.0,2.0,2.0,0.0,0.0,3.0,3.0,-2.0,0.0,-2.0,-2.0,0.0,-1.0,1.0,1.0,4.0,2.0,32.0,0.0,0.0,0.0,0.0,0.0,0.0,0.0,0.0,-0.12298583984375,-0.12298583984375,-0.099884033203125,-0.0805511474609375,-1.32470703125,-1.32470703125,-0.953155517578125,-0.75677490234375,-0.7660675048828125,-0.7660675048828125,-1.321044921875,-0.761810302734375,-0.247344970703125,-0.247344970703125,-2.3216705322265625,-3.4203643798828125,1453773924.197906
24,5.0,5.0,-2.0,1.0,1.0,1.0,4.0,5.0,-5.0,-5.0,1.0,1.0,1.0,1.0,-2.0,-1.0,0.0,0.0,0.0,2.0,-2.0,-2.0,0.0,2.0,0.0,0.0,-1.0,0.0,4.0,4.0,2.0,2.0,33.0,0.0,0.0,0.0,0.0,0.0,0.0,0.0,0.0,-0.099884033203125,-0.099884033203125,-0.0805511474609375,-0.06951904296875,-0.953155517578125,-0.953155517578125,-0.75677490234375,-0.5321807861328125,-1.321044921875,-1.321044921875,-0.761810302734375,-0.001922607421875,-2.3216705322265625,-2.3216705322265625,-3.4203643798828125,-3.3390960693359375,1453773924.2630188
25,-2.0,-2.0,1.0,-1.0,4.0,4.0,5.0,25.0,1.0,1.0,1.0,-1.0,-2.0,-2.0,-1.0,-15.0,0.0,0.0,2.0,0.0,0.0,0.0,2.0,10.0,-1.0,-1.0,0.0,-2.0,2.0,2.0,2.0,0.0,34.0,0.0,0.0,0.0,0.0,0.0,0.0,0.0,0.0,-0.0805511474609375,-0.0805511474609375,-0.06951904296875,-0.0425567626953125,-0.75677490234375,-0.75677490234375,-0.5321807861328125,-0.4333343505859375,-0.761810302734375,-0.761810302734375,-0.001922607421875,0.03045654296875,-3.4203643798828125,-3.4203643798828125,-3.3390960693359375,-2.993255615234375,1453773924.340032
26,1.0,1.0,-1.0,-4.0,5.0,5.0,25.0,-1.0,1.0,1.0,-1.0,1.0,-1.0,-1.0,-15.0,-3.0,2.0,2.0,0.0,-5.0,2.0,2.0,10.0,-1.0,0.0,0.0,-2.0,2.0,2.0,2.0,0.0,-3.0,35.0,0.0,0.0,0.0,0.0,0.0,0.0,0.0,0.0,-0.06951904296875,-0.06951904296875,-0.0425567626953125,-0.191497802734375,-0.5321807861328125,-0.5321807861328125,-0.4333343505859375,-0.60699462890625,-0.001922607421875,-0.001922607421875,0.03045654296875,0.29937744140625,-3.3390960693359375,-3.3390960693359375,-2.993255615234375,-2.5210113525390625,1453773924.413342
27,-1.0,-1.0,-4.0,5.0,25.0,25.0,-1.0,4.0,-1.0,-1.0,1.0,0.0,-15.0,-15.0,-3.0,-3.0,0.0,0.0,-5.0,5.0,10.0,10.0,-1.0,2.0,-2.0,-2.0,2.0,0.0,0.0,0.0,-3.0,-1.0,36.0,0.0,0.0,0.0,0.0,0.0,0.0,0.0,0.0,-0.0425567626953125,-0.0425567626953125,-0.191497802734375,-0.0748748779296875,-0.4333343505859375,-0.4333343505859375,-0.60699462890625,-0.5588836669921875,0.03045654296875,0.03045654296875,0.29937744140625,0.2328948974609375,-2.993255615234375,-2.993255615234375,-2.5210113525390625,-1.5220489501953125,1453773924.532712
28,-4.0,-4.0,5.0,4.0,-1.0,-1.0,4.0,3.0,1.0,1.0,0.0,0.0,-3.0,-3.0,-3.0,2.0,-5.0,-5.0,5.0,3.0,-1.0,-1.0,2.0,5.0,2.0,2.0,0.0,1.0,-3.0,-3.0,-1.0,0.0,37.0,0.0,0.0,0.0,0.0,0.0,0.0,0.0,0.0,-0.191497802734375,-0.191497802734375,-0.0748748779296875,0.793853759765625,-0.60699462890625,-0.60699462890625,-0.5588836669921875,0.3348541259765625,0.29937744140625,0.29937744140625,0.2328948974609375,0.0824432373046875,-2.5210113525390625,-2.5210113525390625,-1.5220489501953125,-0.118560791015625,1453773924.613547
29,5.0,5.0,4.0,-1.0,4.0,4.0,3.0,4.0,0.0,0.0,0.0,-1.0,-3.0,-3.0,2.0,0.0,5.0,5.0,3.0,-3.0,2.0,2.0,5.0,2.0,0.0,0.0,1.0,1.0,-1.0,-1.0,0.0,2.0,38.0,0.0,0.0,0.0,0.0,0.0,0.0,0.0,0.0,-0.0748748779296875,-0.0748748779296875,0.793853759765625,2.1069488525390625,-0.5588836669921875,-0.5588836669921875,0.3348541259765625,2.5223541259765625,0.2328948974609375,0.2328948974609375,0.0824432373046875,0.23529052734375,-1.5220489501953125,-1.5220489501953125,-0.118560791015625,0.8785400390625,1453773924.69799
30,4.0,4.0,-1.0,-41.0,3.0,3.0,4.0,-38.0,0.0,0.0,-1.0,29.0,2.0,2.0,0.0,28.0,3.0,3.0,-3.0,-44.0,5.0,5.0,2.0,-44.0,1.0,1.0,1.0,32.0,0.0,0.0,2.0,34.0,39.0,0.0,0.0,0.0,0.0,0.0,0.0,0.0,0.0,0.793853759765625,0.793853759765625,2.1069488525390625,11.412704467773438,0.3348541259765625,0.3348541259765625,2.5223541259765625,14.00457763671875,0.0824432373046875,0.0824432373046875,0.23529052734375,0.160614013671875,-0.118560791015625,-0.118560791015625,0.8785400390625,1.04107666015625,1453773924.778943
31,-1.0,-1.0,-41.0,-158.0,4.0,4.0,-38.0,-195.0,-1.0,-1.0,29.0,-133.0,0.0,0.0,28.0,-104.0,-3.0,-3.0,-44.0,-186.0,2.0,2.0,-44.0,-230.0,1.0,1.0,32.0,-105.0,2.0,2.0,34.0,-69.0,40.0,0.0,0.0,0.0,-1.0,0.0,0.0,0.0,-1.0,2.1069488525390625,2.1069488525390625,11.412704467773438,10.647140502929688,2.5223541259765625,2.5223541259765625,14.00457763671875,24.69427490234375,0.23529052734375,0.23529052734375,0.160614013671875,-0.066864013671875,0.8785400390625,0.8785400390625,1.04107666015625,0.943756103515625,1453773924.861898
32,-41.0,-41.0,-158.0,0.0,-38.0,-38.0,-195.0,-191.0,29.0,29.0,-133.0,0.0,28.0,28.0,-104.0,-105.0,-44.0,-44.0,-186.0,0.0,-44.0,-44.0,-230.0,-225.0,32.0,32.0,-105.0,0.0,34.0,34.0,-69.0,-71.0,41.0,0.0,0.0,-1.0,0.0,0.0,0.0,-1.0,-1.0,11.412704467773438,11.412704467773438,10.647140502929688,9.534652709960938,14.00457763671875,14.00457763671875,24.69427490234375,34.42042541503906,0.160614013671875,0.160614013671875,-0.066864013671875,-0.1451873779296875,1.04107666015625,1.04107666015625,0.943756103515625,0.4991912841796875,1453773924.955065
33,-158.0,-158.0,0.0,0.0,-195.0,-195.0,-191.0,-196.0,-133.0,-133.0,0.0,0.0,-104.0,-104.0,-105.0,-105.0,-186.0,-186.0,0.0,0.0,-230.0,-230.0,-225.0,-230.0,-105.0,-105.0,0.0,0.0,-69.0,-69.0,-71.0,-71.0,42.0,-1.0,-1.0,0.0,0.0,-1.0,-1.0,-1.0,-1.0,10.647140502929688,10.647140502929688,9.534652709960938,8.622573852539062,24.69427490234375,24.69427490234375,34.42042541503906,43.11787414550781,-0.066864013671875,-0.066864013671875,-0.1451873779296875,-0.8227386474609375,0.943756103515625,0.943756103515625,0.4991912841796875,-0.5564422607421875,1453773925.02653
34,0.0,0.0,0.0,0.0,-191.0,-191.0,-196.0,-200.0,0.0,0.0,0.0,0.0,-105.0,-105.0,-105.0,-105.0,0.0,0.0,0.0,0.0,-225.0,-225.0,-230.0,-233.0,0.0,0.0,0.0,0.0,-71.0,-71.0,-71.0,-72.0,43.0,0.0,0.0,0.0,0.0,-1.0,-1.0,-1.0,-1.0,9.534652709960938,9.534652709960938,8.622573852539062,6.9540252685546875,34.42042541503906,34.42042541503906,43.11787414550781,49.278045654296875,-0.1451873779296875,-0.1451873779296875,-0.8227386474609375,2.4732818603515625,0.4991912841796875,0.4991912841796875,-0.5564422607421875,1.8343963623046875,1453773925.0946472
35,0.0,0.0,0.0,0.0,-196.0,-196.0,-200.0,-199.0,0.0,0.0,0.0,0.0,-105.0,-105.0,-105.0,-104.0,0.0,0.0,0.0,0.0,-230.0,-230.0,-233.0,-230.0,0.0,0.0,0.0,0.0,-71.0,-71.0,-72.0,-73.0,44.0,0.0,0.0,0.0,0.0,-1.0,-1.0,-1.0,-1.0,8.622573852539062,8.622573852539062,6.9540252685546875,5.295257568359403,43.11787414550781,43.11787414550781,49.278045654296875,52.466354370117216,-0.8227386474609375,-0.8227386474609375,2.4732818603515625,2.4527435302734375,-0.5564422607421875,-0.5564422607421875,1.8343963623046875,4.051849365234375,1453773925.163828
36,0.0,0.0,0.0,0.0,-200.0,-200.0,-199.0,-158.0,0.0,0.0,0.0,0.0,-105.0,-105.0,-104.0,-133.0,0.0,0.0,0.0,0.0,-233.0,-233.0,-230.0,-186.0,0.0,0.0,0.0,0.0,-72.0,-72.0,-73.0,-105.0,45.0,0.0,0.0,0.0,0.0,-1.0,-1.0,-1.0,-1.0,6.9540252685546875,6.9540252685546875,5.295257568359403,1.825942993164034,49.278045654296875,49.278045654296875,52.466354370117216,42.87959289550781,2.4732818603515625,2.4732818603515625,2.4527435302734375,1.20635986328125,1.8343963623046875,1.8343963623046875,4.051849365234375,5.09759521484375,1453773925.229419
37,0.0,0.0,0.0,0.0,-199.0,-199.0,-158.0,0.0,0.0,0.0,0.0,0.0,-104.0,-104.0,-133.0,0.0,0.0,0.0,0.0,0.0,-230.0,-230.0,-186.0,0.0,0.0,0.0,0.0,0.0,-73.0,-73.0,-105.0,0.0,46.0,0.0,0.0,0.0,0.0,-1.0,-1.0,-1.0,0.0,5.295257568359403,5.295257568359403,1.825942993164034,0.020721435546875,52.466354370117216,52.466354370117216,42.87959289550781,32.253173828125,2.4527435302734375,2.4527435302734375,1.20635986328125,-0.342315673828125,4.051849365234375,4.051849365234375,5.09759521484375,4.8221435546875,1453773925.294214
38,0.0,0.0,0.0,0.0,-158.0,-158.0,0.0,0.0,0.0,0.0,0.0,0.0,-133.0,-133.0,0.0,0.0,0.0,0.0,0.0,0.0,-186.0,-186.0,0.0,0.0,0.0,0.0,0.0,0.0,-105.0,-105.0,0.0,0.0,47.0,0.0,0.0,0.0,0.0,-1.0,-1.0,0.0,0.0,1.825942993164034,1.825942993164034,0.020721435546875,-0.2763214111328125,42.87959289550781,42.87959289550781,32.253173828125,22.44219970703125,1.20635986328125,1.20635986328125,-0.342315673828125,-0.3163299560546875,5.09759521484375,5.09759521484375,4.8221435546875,4.6510009765625,1453773925.362924
39,0.0,0.0,0.0,0.0,0.0,0.0,0.0,0.0,0.0,0.0,0.0,0.0,0.0,0.0,0.0,0.0,0.0,0.0,0.0,0.0,0.0,0.0,0.0,0.0,0.0,0.0,0.0,0.0,0.0,0.0,0.0,0.0,48.0,0.0,0.0,0.0,0.0,0.0,0.0,0.0,0.0,0.020721435546875,0.020721435546875,-0.2763214111328125,-0.19940185546877842,32.253173828125,32.253173828125,22.44219970703125,13.620223999023409,-0.342315673828125,-0.342315673828125,-0.3163299560546875,0.028839111328125,4.8221435546875,4.8221435546875,4.6510009765625,5.5025787353515625,1453773925.428548
40,0.0,0.0,0.0,0.0,0.0,0.0,0.0,0.0,0.0,0.0,0.0,0.0,0.0,0.0,0.0,0.0,0.0,0.0,0.0,0.0,0.0,0.0,0.0,0.0,0.0,0.0,0.0,0.0,0.0,0.0,0.0,0.0,49.0,0.0,0.0,0.0,0.0,0.0,0.0,0.0,0.0,-0.2763214111328125,-0.2763214111328125,-0.19940185546877842,-0.06802368164059658,22.44219970703125,22.44219970703125,13.620223999023409,6.598175048828125,-0.3163299560546875,-0.3163299560546875,0.028839111328125,0.2151947021484375,4.6510009765625,4.6510009765625,5.5025787353515625,3.2444915771484375,1453773925.4947321
41,0.0,0.0,0.0,0.0,0.0,0.0,0.0,0.0,0.0,0.0,0.0,0.0,0.0,0.0,0.0,0.0,0.0,0.0,0.0,0.0,0.0,0.0,0.0,0.0,0.0,0.0,0.0,0.0,0.0,0.0,0.0,0.0,50.0,0.0,0.0,0.0,0.0,0.0,0.0,0.0,0.0,-0.19940185546877842,-0.19940185546877842,-0.06802368164059658,-0.4547119140625,13.620223999023409,13.620223999023409,6.598175048828125,0.8482055664062216,0.028839111328125,0.028839111328125,0.2151947021484375,-0.05572509765625,5.5025787353515625,5.5025787353515625,3.2444915771484375,0.73602294921875,1453773925.56254
42,0.0,0.0,0.0,0.0,0.0,0.0,0.0,0.0,0.0,0.0,0.0,0.0,0.0,0.0,0.0,0.0,0.0,0.0,0.0,0.0,0.0,0.0,0.0,0.0,0.0,0.0,0.0,0.0,0.0,0.0,0.0,0.0,51.0,0.0,0.0,0.0,0.0,0.0,0.0,0.0,0.0,-0.06802368164059658,-0.06802368164059658,-0.4547119140625,-2.25140380859375,6.598175048828125,6.598175048828125,0.8482055664062216,-3.2291412353515625,0.2151947021484375,0.2151947021484375,-0.05572509765625,-1.5509185791015625,3.2444915771484375,3.2444915771484375,0.73602294921875,-2.0212554931640625,1453773925.62746
43,0.0,0.0,0.0,0.0,0.0,0.0,0.0,0.0,0.0,0.0,0.0,0.0,0.0,0.0,0.0,0.0,0.0,0.0,0.0,0.0,0.0,0.0,0.0,0.0,0.0,0.0,0.0,0.0,0.0,0.0,0.0,0.0,52.0,0.0,0.0,0.0,0.0,0.0,0.0,0.0,0.0,-0.4547119140625,-0.4547119140625,-2.25140380859375,-6.3230743408203125,0.8482055664062216,0.8482055664062216,-3.2291412353515625,-9.57293701171875,-0.05572509765625,-0.05572509765625,-1.5509185791015625,-2.3102874755859375,0.73602294921875,0.73602294921875,-2.0212554931640625,-3.989227294921875,1453773925.6949608
44,0.0,0.0,0.0,0.0,0.0,0.0,0.0,0.0,0.0,0.0,0.0,0.0,0.0,0.0,0.0,0.0,0.0,0.0,0.0,0.0,0.0,0.0,0.0,0.0,0.0,0.0,0.0,0.0,0.0,0.0,0.0,0.0,53.0,0.0,0.0,0.0,0.0,0.0,0.0,0.0,0.0,-2.25140380859375,-2.25140380859375,-6.3230743408203125,-8.407806396484375,-3.2291412353515625,-3.2291412353515625,-9.57293701171875,-17.704421997070312,-1.5509185791015625,-1.5509185791015625,-2.3102874755859375,-0.8189849853515625,-2.0212554931640625,-2.0212554931640625,-3.989227294921875,-4.49188232421875,1453773925.761041
45,0.0,0.0,0.0,0.0,0.0,0.0,0.0,0.0,0.0,0.0,0.0,0.0,0.0,0.0,0.0,0.0,0.0,0.0,0.0,0.0,0.0,0.0,0.0,0.0,0.0,0.0,0.0,0.0,0.0,0.0,0.0,0.0,54.0,0.0,0.0,0.0,0.0,0.0,0.0,0.0,0.0,-6.3230743408203125,-6.3230743408203125,-8.407806396484375,-10.132049560546875,-9.57293701171875,-9.57293701171875,-17.704421997070312,-27.63706970214841,-2.3102874755859375,-2.3102874755859375,-0.8189849853515625,-1.1102142333984375,-3.989227294921875,-3.989227294921875,-4.49188232421875,-5.6309356689453125,1453773925.826883
46,0.0,0.0,0.0,0.0,0.0,0.0,0.0,0.0,0.0,0.0,0.0,0.0,0.0,0.0,0.0,0.0,0.0,0.0,0.0,0.0,0.0,0.0,0.0,0.0,0.0,0.0,0.0,0.0,0.0,0.0,0.0,0.0,55.0,0.0,0.0,0.0,0.0,0.0,0.0,0.0,0.0,-8.407806396484375,-8.407806396484375,-10.132049560546875,-11.416976928710909,-17.704421997070312,-17.704421997070312,-27.63706970214841,-38.98602294921872,-0.8189849853515625,-0.8189849853515625,-1.1102142333984375,-0.3926239013671875,-4.49188232421875,-4.49188232421875,-5.6309356689453125,-6.2387542724609375,1453773925.894108
47,0.0,0.0,0.0,191.0,0.0,0.0,0.0,191.0,0.0,0.0,0.0,112.0,0.0,0.0,0.0,112.0,0.0,0.0,0.0,228.0,0.0,0.0,0.0,228.0,0.0,0.0,0.0,75.0,0.0,0.0,0.0,75.0,56.0,0.0,0.0,0.0,1.0,0.0,0.0,0.0,1.0,-10.132049560546875,-10.132049560546875,-11.416976928710909,-8.399612426757841,-27.63706970214841,-27.63706970214841,-38.98602294921872,-46.93092346191406,-1.1102142333984375,-1.1102142333984375,-0.3926239013671875,0.554595947265625,-5.6309356689453125,-5.6309356689453125,-6.2387542724609375,-5.6284332275390625,1453773925.963838
48,0.0,0.0,191.0,12.0,0.0,0.0,191.0,203.0,0.0,0.0,112.0,-11.0,0.0,0.0,112.0,101.0,0.0,0.0,228.0,2.0,0.0,0.0,228.0,230.0,0.0,0.0,75.0,-1.0,0.0,0.0,75.0,74.0,57.0,0.0,0.0,1.0,0.0,0.0,0.0,1.0,1.0,-11.416976928710909,-11.416976928710909,-8.399612426757841,-17.09161376953125,-38.98602294921872,-38.98602294921872,-46.93092346191406,-61.77113342285156,-0.3926239013671875,-0.3926239013671875,0.554595947265625,5.428131103515625,-6.2387542724609375,-6.2387542724609375,-5.6284332275390625,1.350616455078125,1453773926.027628
49,191.0,191.0,12.0,0.0,191.0,191.0,203.0,203.0,112.0,112.0,-11.0,-4.0,112.0,112.0,101.0,97.0,228.0,228.0,2.0,-1.0,228.0,228.0,230.0,229.0,75.0,75.0,-1.0,-3.0,75.0,75.0,74.0,71.0,58.0,1.0,1.0,0.0,0.0,1.0,1.0,1.0,1.0,-8.399612426757841,-8.399612426757841,-17.09161376953125,-3.0750732421875,-46.93092346191406,-46.93092346191406,-61.77113342285156,-58.52313232421875,0.554595947265625,0.554595947265625,5.428131103515625,0.730072021484375,-5.6284332275390625,-5.6284332275390625,1.350616455078125,4.3909759521484375,1453773926.093964
50,12.0,12.0,0.0,2.0,203.0,203.0,203.0,205.0,-11.0,-11.0,-4.0,-2.0,101.0,101.0,97.0,95.0,2.0,2.0,-1.0,0.0,230.0,230.0,229.0,229.0,-1.0,-1.0,-3.0,0.0,74.0,74.0,71.0,71.0,59.0,0.0,0.0,0.0,0.0,1.0,1.0,1.0,1.0,-17.09161376953125,-17.09161376953125,-3.0750732421875,-0.9340362548828125,-61.77113342285156,-61.77113342285156,-58.52313232421875,-51.04936218261719,5.428131103515625,5.428131103515625,0.730072021484375,0.4546051025390625,1.350616455078125,1.350616455078125,4.3909759521484375,5.6645660400390625,1453773926.1583948
51,0.0,0.0,2.0,1.0,203.0,203.0,205.0,206.0,-4.0,-4.0,-2.0,0.0,97.0,97.0,95.0,95.0,-1.0,-1.0,0.0,0.0,229.0,229.0,229.0,229.0,-3.0,-3.0,0.0,1.0,71.0,71.0,71.0,72.0,60.0,0.0,0.0,0.0,0.0,1.0,1.0,1.0,1.0,-3.0750732421875,-3.0750732421875,-0.9340362548828125,0.1447906494140625,-58.52313232421875,-58.52313232421875,-51.04936218261719,-40.77252197265625,0.730072021484375,0.730072021484375,0.4546051025390625,0.32025146484375,4.3909759521484375,4.3909759521484375,5.6645660400390625,7.09503173828125,1453773926.225475
52,2.0,2.0,1.0,-2.0,205.0,205.0,206.0,204.0,-2.0,-2.0,0.0,1.0,95.0,95.0,95.0,96.0,0.0,0.0,0.0,-1.0,229.0,229.0,229.0,228.0,0.0,0.0,1.0,0.0,71.0,71.0,72.0,72.0,61.0,0.0,0.0,0.0,0.0,1.0,1.0,1.0,1.0,-0.9340362548828125,-0.9340362548828125,0.1447906494140625,0.3805999755859375,-51.04936218261719,-51.04936218261719,-40.77252197265625,-28.974945068359403,0.4546051025390625,0.4546051025390625,0.32025146484375,-0.0156402587890625,5.6645660400390625,5.6645660400390625,7.09503173828125,7.472015380859375,1453773926.2953
53,1.0,1.0,-2.0,-1.0,206.0,206.0,204.0,12.0,0.0,0.0,1.0,2.0,95.0,95.0,96.0,-14.0,0.0,0.0,-1.0,-2.0,229.0,229.0,228.0,-2.0,1.0,1.0,0.0,3.0,72.0,72.0,72.0,0.0,62.0,0.0,0.0,0.0,0.0,1.0,1.0,1.0,0.0,0.1447906494140625,0.1447906494140625,0.3805999755859375,0.6712493896484375,-40.77252197265625,-40.77252197265625,-28.974945068359403,-19.904083251953125,0.32025146484375,0.32025146484375,-0.0156402587890625,0.034454345703125,7.09503173828125,7.09503173828125,7.472015380859375,6.951873779296875,1453773926.378207
54,-2.0,-2.0,-1.0,1.0,204.0,204.0,12.0,1.0,1.0,1.0,2.0,-1.0,96.0,96.0,-14.0,-4.0,-1.0,-1.0,-2.0,1.0,228.0,228.0,-2.0,-3.0,0.0,0.0,3.0,-1.0,72.0,72.0,0.0,0.0,63.0,0.0,0.0,0.0,0.0,1.0,1.0,0.0,0.0,0.3805999755859375,0.3805999755859375,0.6712493896484375,0.391510009765625,-28.974945068359403,-28.974945068359403,-19.904083251953125,-2.42095947265625,-0.0156402587890625,-0.0156402587890625,0.034454345703125,0.040924072265625,7.472015380859375,7.472015380859375,6.951873779296875,1.564666748046875,1453773926.463436
55,-1.0,-1.0,1.0,-1.0,12.0,12.0,1.0,0.0,2.0,2.0,-1.0,0.0,-14.0,-14.0,-4.0,0.0,-2.0,-2.0,1.0,-2.0,-2.0,-2.0,-3.0,-4.0,3.0,3.0,-1.0,1.0,0.0,0.0,0.0,4.0,64.0,0.0,0.0,0.0,0.0,0.0,0.0,0.0,0.0,0.6712493896484375,0.6712493896484375,0.391510009765625,0.3602294921875,-19.904083251953125,-19.904083251953125,-2.42095947265625,1.01434326171875,0.034454345703125,0.034454345703125,0.040924072265625,0.049285888671875,6.951873779296875,6.951873779296875,1.564666748046875,0.883880615234375,1453773926.544426
56,1.0,1.0,-1.0,2.0,1.0,1.0,0.0,0.0,-1.0,-1.0,0.0,-1.0,-4.0,-4.0,0.0,1.0,1.0,1.0,-2.0,3.0,-3.0,-3.0,-4.0,-1.0,-1.0,-1.0,1.0,-2.0,0.0,0.0,4.0,2.0,65.0,0.0,0.0,0.0,0.0,0.0,0.0,0.0,0.0,0.391510009765625,0.391510009765625,0.3602294921875,0.3236541748046875,-2.42095947265625,-2.42095947265625,1.01434326171875,2.27203369140625,0.040924072265625,0.040924072265625,0.049285888671875,-0.2188262939453125,1.564666748046875,1.564666748046875,0.883880615234375,0.21044921875,1453773926.618295
57,-1.0,-1.0,2.0,-3.0,0.0,0.0,0.0,-4.0,0.0,0.0,-1.0,-1.0,0.0,0.0,1.0,0.0,-2.0,-2.0,3.0,-2.0,-4.0,-4.0,-1.0,-3.0,1.0,1.0,-2.0,-2.0,4.0,4.0,2.0,-1.0,66.0,0.0,0.0,0.0,0.0,0.0,0.0,0.0,0.0,0.3602294921875,0.3602294921875,0.3236541748046875,0.2504119873046875,1.01434326171875,1.01434326171875,2.27203369140625,2.377655029296875,0.049285888671875,0.049285888671875,-0.2188262939453125,-0.3194732666015625,0.883880615234375,0.883880615234375,0.21044921875,-0.4292755126953125,1453773926.69255
58,2.0,2.0,-3.0,-4.0,0.0,0.0,-4.0,-6.0,-1.0,-1.0,-1.0,2.0,1.0,1.0,0.0,1.0,3.0,3.0,-2.0,-2.0,-1.0,-1.0,-3.0,-4.0,-2.0,-2.0,-2.0,0.0,2.0,2.0,-1.0,-1.0,67.0,0.0,0.0,0.0,0.0,0.0,0.0,0.0,0.0,0.3236541748046875,0.3236541748046875,0.2504119873046875,0.23516845703125,2.27203369140625,2.27203369140625,2.377655029296875,2.2322235107421875,-0.2188262939453125,-0.2188262939453125,-0.3194732666015625,-0.339263916015625,0.21044921875,0.21044921875,-0.4292755126953125,-0.752899169921875,1453773926.759543
59,-3.0,-3.0,-4.0,3.0,-4.0,-4.0,-6.0,-2.0,-1.0,-1.0,2.0,-2.0,0.0,0.0,1.0,-3.0,-2.0,-2.0,-2.0,0.0,-3.0,-3.0,-4.0,-2.0,-2.0,-2.0,0.0,1.0,-1.0,-1.0,-1.0,-3.0,68.0,0.0,0.0,0.0,0.0,0.0,0.0,0.0,0.0,0.2504119873046875,0.2504119873046875,0.23516845703125,-0.00799560546875,2.377655029296875,2.377655029296875,2.2322235107421875,1.552978515625,-0.3194732666015625,-0.3194732666015625,-0.339263916015625,-0.080474853515625,-0.4292755126953125,-0.4292755126953125,-0.752899169921875,-0.867828369140625,1453773926.834341
60,-4.0,-4.0,3.0,4.0,-6.0,-6.0,-2.0,1.0,2.0,2.0,-2.0,-2.0,1.0,1.0,-3.0,-4.0,-2.0,-2.0,0.0,3.0,-4.0,-4.0,-2.0,0.0,0.0,0.0,1.0,-1.0,-1.0,-1.0,-3.0,-3.0,69.0,0.0,0.0,0.0,0.0,0.0,0.0,0.0,0.0,0.23516845703125,0.23516845703125,-0.00799560546875,-0.055145263671875,2.2322235107421875,2.2322235107421875,1.552978515625,1.1063232421875,-0.339263916015625,-0.339263916015625,-0.080474853515625,-0.0238037109375,-0.752899169921875,-0.752899169921875,-0.867828369140625,-0.93255615234375,1453773926.91776
61,3.0,3.0,4.0,-7.0,-2.0,-2.0,1.0,-5.0,-2.0,-2.0,-2.0,5.0,-3.0,-3.0,-4.0,1.0,0.0,0.0,3.0,-4.0,-2.0,-2.0,0.0,-2.0,1.0,1.0,-1.0,2.0,-3.0,-3.0,-3.0,-2.0,70.0,0.0,0.0,0.0,0.0,0.0,0.0,0.0,0.0,-0.00799560546875,-0.00799560546875,-0.055145263671875,-0.088653564453125,1.552978515625,1.552978515625,1.1063232421875,0.657440185546875,-0.080474853515625,-0.080474853515625,-0.0238037109375,0.0331573486328125,-0.867828369140625,-0.867828369140625,-0.93255615234375,-0.9486846923828125,1453773926.992174
62,4.0,4.0,-7.0,2.0,1.0,1.0,-5.0,-5.0,-2.0,-2.0,5.0,-1.0,-4.0,-4.0,1.0,1.0,3.0,3.0,-4.0,1.0,0.0,0.0,-2.0,-4.0,-1.0,-1.0,2.0,0.0,-3.0,-3.0,-2.0,0.0,71.0,0.0,0.0,0.0,0.0,0.0,0.0,0.0,0.0,-0.055145263671875,-0.055145263671875,-0.088653564453125,-0.0102996826171875,1.1063232421875,1.1063232421875,0.657440185546875,0.323486328125,-0.0238037109375,-0.0238037109375,0.0331573486328125,0.0952911376953125,-0.93255615234375,-0.93255615234375,-0.9486846923828125,-0.6345672607421875,1453773927.065665
63,-7.0,-7.0,2.0,-2.0,-5.0,-5.0,-5.0,-4.0,5.0,5.0,-1.0,1.0,1.0,1.0,1.0,3.0,-4.0,-4.0,1.0,-1.0,-2.0,-2.0,-4.0,-3.0,2.0,2.0,0.0,0.0,-2.0,-2.0,0.0,2.0,72.0,0.0,0.0,0.0,0.0,0.0,0.0,0.0,0.0,-0.088653564453125,-0.088653564453125,-0.0102996826171875,0.12225341796875,0.657440185546875,0.657440185546875,0.323486328125,0.1953277587890625,0.0331573486328125,0.0331573486328125,0.0952911376953125,-0.016571044921875,-0.9486846923828125,-0.9486846923828125,-0.6345672607421875,-0.3316650390625,1453773927.144896
64,2.0,2.0,-2.0,1.0,-5.0,-5.0,-4.0,1.0,-1.0,-1.0,1.0,-2.0,1.0,1.0,3.0,-1.0,1.0,1.0,-1.0,-1.0,-4.0,-4.0,-3.0,-2.0,0.0,0.0,0.0,0.0,0.0,0.0,2.0,2.0,73.0,0.0,0.0,0.0,0.0,0.0,0.0,0.0,0.0,-0.0102996826171875,-0.0102996826171875,0.12225341796875,0.249603271484375,0.323486328125,0.323486328125,0.1953277587890625,0.2097625732421875,0.0952911376953125,0.0952911376953125,-0.016571044921875,-0.0693206787109375,-0.6345672607421875,-0.6345672607421875,-0.3316650390625,-0.0617218017578125,1453773927.220419
65,-2.0,-2.0,1.0,5.0,-4.0,-4.0,1.0,3.0,1.0,1.0,-2.0,-1.0,3.0,3.0,-1.0,0.0,-1.0,-1.0,-1.0,7.0,-3.0,-3.0,-2.0,5.0,0.0,0.0,0.0,-3.0,2.0,2.0,2.0,-2.0,74.0,0.0,0.0,0.0,0.0,0.0,0.0,0.0,0.0,0.12225341796875,0.12225341796875,0.249603271484375,0.2509002685546875,0.1953277587890625,0.1953277587890625,0.2097625732421875,0.468658447265625,-0.016571044921875,-0.016571044921875,-0.0693206787109375,-0.0605926513671875,-0.3316650390625,-0.3316650390625,-0.0617218017578125,-0.041839599609375,1453773927.293064
66,1.0,1.0,5.0,-2.0,1.0,1.0,3.0,-3.0,-2.0,-2.0,-1.0,0.0,-1.0,-1.0,0.0,2.0,-1.0,-1.0,7.0,-2.0,-2.0,-2.0,5.0,0.0,0.0,0.0,-3.0,0.0,2.0,2.0,-2.0,-1.0,75.0,0.0,0.0,0.0,0.0,0.0,0.0,0.0,0.0,0.249603271484375,0.249603271484375,0.2509002685546875,0.051483154296875,0.2097625732421875,0.2097625732421875,0.468658447265625,0.575286865234375,-0.0693206787109375,-0.0693206787109375,-0.0605926513671875,-0.035919189453125,-0.0617218017578125,-0.0617218017578125,-0.041839599609375,-0.053955078125,1453773927.3646529
67,5.0,5.0,-2.0,-2.0,3.0,3.0,-3.0,2.0,-1.0,-1.0,0.0,2.0,0.0,0.0,2.0,-1.0,7.0,7.0,-2.0,0.0,5.0,5.0,0.0,4.0,-3.0,-3.0,0.0,0.0,-2.0,-2.0,-1.0,-3.0,76.0,0.0,0.0,0.0,0.0,0.0,0.0,0.0,0.0,0.2509002685546875,0.2509002685546875,0.051483154296875,0.11834716796875,0.468658447265625,0.468658447265625,0.575286865234375,0.78228759765625,-0.0605926513671875,-0.0605926513671875,-0.035919189453125,-0.17315673828125,-0.041839599609375,-0.041839599609375,-0.053955078125,-0.2602691650390625,1453773927.444714
68,-2.0,-2.0,-2.0,2.0,-3.0,-3.0,2.0,2.0,0.0,0.0,2.0,-1.0,2.0,2.0,-1.0,-1.0,-2.0,-2.0,0.0,1.0,0.0,0.0,4.0,4.0,0.0,0.0,0.0,0.0,-1.0,-1.0,-3.0,-3.0,77.0,0.0,0.0,0.0,0.0,0.0,0.0,0.0,0.0,0.051483154296875,0.051483154296875,0.11834716796875,-0.00286865234375,0.575286865234375,0.575286865234375,0.78228759765625,0.7897186279296875,-0.035919189453125,-0.035919189453125,-0.17315673828125,-0.0697479248046875,-0.053955078125,-0.053955078125,-0.2602691650390625,-0.4253082275390625,1453773927.530536
69,-2.0,-2.0,2.0,-1.0,2.0,2.0,2.0,3.0,2.0,2.0,-1.0,1.0,-1.0,-1.0,-1.0,-1.0,0.0,0.0,1.0,-1.0,4.0,4.0,4.0,4.0,0.0,0.0,0.0,1.0,-3.0,-3.0,-3.0,-2.0,78.0,0.0,0.0,0.0,0.0,0.0,0.0,0.0,0.0,0.11834716796875,0.11834716796875,-0.00286865234375,-0.038604736328125,0.78228759765625,0.78228759765625,0.7897186279296875,0.6288604736328125,-0.17315673828125,-0.17315673828125,-0.0697479248046875,0.02911376953125,-0.2602691650390625,-0.2602691650390625,-0.4253082275390625,-0.3796234130859375,1453773927.612474
70,2.0,2.0,-1.0,-2.0,2.0,2.0,3.0,0.0,-1.0,-1.0,1.0,1.0,-1.0,-1.0,-1.0,2.0,1.0,1.0,-1.0,-1.0,4.0,4.0,4.0,4.0,0.0,0.0,1.0,0.0,-3.0,-3.0,-2.0,-2.0,79.0,0.0,0.0,0.0,0.0,0.0,0.0,0.0,0.0,-0.00286865234375,-0.00286865234375,-0.038604736328125,-0.0771026611328125,0.7897186279296875,0.7897186279296875,0.6288604736328125,0.302154541015625,-0.0697479248046875,-0.0697479248046875,0.02911376953125,0.1099700927734375,-0.4253082275390625,-0.4253082275390625,-0.3796234130859375,-0.2003326416015625,1453773927.682452
71,-1.0,-1.0,-2.0,-5.0,3.0,3.0,0.0,-10.0,1.0,1.0,1.0,2.0,-1.0,-1.0,2.0,5.0,-1.0,-1.0,-1.0,-5.0,4.0,4.0,4.0,-8.0,1.0,1.0,0.0,2.0,-2.0,-2.0,-2.0,3.0,80.0,0.0,0.0,0.0,0.0,0.0,0.0,0.0,0.0,-0.038604736328125,-0.038604736328125,-0.0771026611328125,-0.1604766845703125,0.6288604736328125,0.6288604736328125,0.302154541015625,-0.109222412109375,0.02911376953125,0.02911376953125,0.1099700927734375,0.117950439453125,-0.3796234130859375,-0.3796234130859375,-0.2003326416015625,-0.02178955078125,1453773927.75967
72,-2.0,-2.0,-5.0,8.0,0.0,0.0,-10.0,0.0,1.0,1.0,2.0,-4.0,2.0,2.0,5.0,1.0,-1.0,-1.0,-5.0,6.0,4.0,4.0,-8.0,0.0,0.0,0.0,2.0,-2.0,-2.0,-2.0,3.0,1.0,81.0,0.0,0.0,0.0,0.0,0.0,0.0,0.0,0.0,-0.0771026611328125,-0.0771026611328125,-0.1604766845703125,-0.1309661865234375,0.302154541015625,0.302154541015625,-0.109222412109375,-0.2916717529296875,0.1099700927734375,0.1099700927734375,0.117950439453125,0.0323333740234375,-0.2003326416015625,-0.2003326416015625,-0.02178955078125,0.0464630126953125,1453773927.8307948
73,-5.0,-5.0,8.0,3.0,-10.0,-10.0,0.0,5.0,2.0,2.0,-4.0,-1.0,5.0,5.0,1.0,-2.0,-5.0,-5.0,6.0,2.0,-8.0,-8.0,0.0,2.0,2.0,2.0,-2.0,0.0,3.0,3.0,1.0,1.0,82.0,0.0,0.0,0.0,0.0,0.0,0.0,0.0,0.0,-0.1604766845703125,-0.1604766845703125,-0.1309661865234375,-0.1102447509765625,-0.109222412109375,-0.109222412109375,-0.2916717529296875,-0.520263671875,0.117950439453125,0.117950439453125,0.0323333740234375,-0.0732421875,-0.02178955078125,-0.02178955078125,0.0464630126953125,0.1463775634765625,1453773927.910432
74,8.0,8.0,3.0,-7.0,0.0,0.0,5.0,-4.0,-4.0,-4.0,-1.0,3.0,1.0,1.0,-2.0,2.0,6.0,6.0,2.0,-6.0,0.0,0.0,2.0,-5.0,-2.0,-2.0,0.0,2.0,1.0,1.0,1.0,3.0,83.0,0.0,0.0,0.0,0.0,0.0,0.0,0.0,0.0,-0.1309661865234375,-0.1309661865234375,-0.1102447509765625,0.006927490234375,-0.2916717529296875,-0.2916717529296875,-0.520263671875,-0.510467529296875,0.0323333740234375,0.0323333740234375,-0.0732421875,-0.19696044921875,0.0464630126953125,0.0464630126953125,0.1463775634765625,0.0191650390625,1453773927.99189
75,3.0,3.0,-7.0,1.0,5.0,5.0,-4.0,-2.0,-1.0,-1.0,3.0,-1.0,-2.0,-2.0,2.0,0.0,2.0,2.0,-6.0,1.0,2.0,2.0,-5.0,-3.0,0.0,0.0,2.0,-1.0,1.0,1.0,3.0,1.0,84.0,0.0,0.0,0.0,0.0,0.0,0.0,0.0,0.0,-0.1102447509765625,-0.1102447509765625,0.006927490234375,0.10443115234375,-0.520263671875,-0.520263671875,-0.510467529296875,-0.367431640625,-0.0732421875,-0.0732421875,-0.19696044921875,-0.1573944091796875,0.1463775634765625,0.1463775634765625,0.0191650390625,-0.1673431396484375,1453773928.063459
76,-7.0,-7.0,1.0,0.0,-4.0,-4.0,-2.0,0.0,3.0,3.0,-1.0,0.0,2.0,2.0,0.0,-1.0,-6.0,-6.0,1.0,1.0,-5.0,-5.0,-3.0,-1.0,2.0,2.0,-1.0,-1.0,3.0,3.0,1.0,0.0,85.0,0.0,0.0,0.0,0.0,0.0,0.0,0.0,0.0,0.006927490234375,0.006927490234375,0.10443115234375,0.0910186767578125,-0.510467529296875,-0.510467529296875,-0.367431640625,-0.199310302734375,-0.19696044921875,-0.19696044921875,-0.1573944091796875,-0.02362060546875,0.0191650390625,0.0191650390625,-0.1673431396484375,-0.300933837890625,1453773928.132062
77,1.0,1.0,0.0,-2.0,-2.0,-2.0,0.0,3.0,-1.0,-1.0,0.0,2.0,0.0,0.0,-1.0,-1.0,1.0,1.0,1.0,1.0,-3.0,-3.0,-1.0,5.0,-1.0,-1.0,-1.0,-1.0,1.0,1.0,0.0,-3.0,86.0,0.0,0.0,0.0,0.0,0.0,0.0,0.0,0.0,0.10443115234375,0.10443115234375,0.0910186767578125,0.1330108642578125,-0.367431640625,-0.367431640625,-0.199310302734375,0.09417724609375,-0.1573944091796875,-0.1573944091796875,-0.02362060546875,-0.0047607421875,-0.1673431396484375,-0.1673431396484375,-0.300933837890625,-0.42364501953125,1453773928.2105858
78,0.0,0.0,-2.0,0.0,0.0,0.0,3.0,-5.0,0.0,0.0,2.0,-1.0,-1.0,-1.0,-1.0,2.0,1.0,1.0,1.0,0.0,-1.0,-1.0,5.0,-1.0,-1.0,-1.0,-1.0,-1.0,0.0,0.0,-3.0,-2.0,87.0,0.0,0.0,0.0,0.0,0.0,0.0,0.0,0.0,0.0910186767578125,0.0910186767578125,0.1330108642578125,0.220733642578125,-0.199310302734375,-0.199310302734375,0.09417724609375,0.4458770751953125,-0.02362060546875,-0.02362060546875,-0.0047607421875,0.0463104248046875,-0.300933837890625,-0.300933837890625,-0.42364501953125,-0.40966796875,1453773928.2848039
79,-2.0,-2.0,0.0,1.0,3.0,3.0,-5.0,-7.0,2.0,2.0,-1.0,0.0,-1.0,-1.0,2.0,3.0,1.0,1.0,0.0,-2.0,5.0,5.0,-1.0,-5.0,-1.0,-1.0,-1.0,3.0,-3.0,-3.0,-2.0,1.0,88.0,0.0,0.0,0.0,0.0,0.0,0.0,0.0,0.0,0.1330108642578125,0.1330108642578125,0.220733642578125,0.310455322265625,0.09417724609375,0.09417724609375,0.4458770751953125,0.8665771484375,-0.0047607421875,-0.0047607421875,0.0463104248046875,-0.12646484375,-0.42364501953125,-0.42364501953125,-0.40966796875,-0.462890625,1453773928.359783
80,0.0,0.0,1.0,1.0,-5.0,-5.0,-7.0,1.0,-1.0,-1.0,0.0,3.0,2.0,2.0,3.0,3.0,0.0,0.0,-2.0,2.0,-1.0,-1.0,-5.0,3.0,-1.0,-1.0,3.0,2.0,-2.0,-2.0,1.0,1.0,89.0,0.0,0.0,0.0,0.0,0.0,0.0,0.0,0.0,0.220733642578125,0.220733642578125,0.310455322265625,1.3189697265625,0.4458770751953125,0.4458770751953125,0.8665771484375,2.178619384765625,0.0463104248046875,0.0463104248046875,-0.12646484375,-0.198211669921875,-0.40966796875,-0.40966796875,-0.462890625,-0.464141845703125,1453773928.432825
81,1.0,1.0,1.0,-199.0,-7.0,-7.0,1.0,-199.0,0.0,0.0,3.0,-101.0,3.0,3.0,3.0,-97.0,-2.0,-2.0,2.0,-226.0,-5.0,-5.0,3.0,-224.0,3.0,3.0,2.0,-74.0,1.0,1.0,1.0,-72.0,90.0,0.0,0.0,0.0,-1.0,0.0,0.0,0.0,-1.0,0.310455322265625,0.310455322265625,1.3189697265625,7.9273223876953125,0.8665771484375,0.8665771484375,2.178619384765625,10.001510620117188,-0.12646484375,-0.12646484375,-0.198211669921875,-0.325958251953125,-0.462890625,-0.462890625,-0.464141845703125,-0.6327056884765625,1453773928.511583
82,1.0,1.0,-199.0,0.0,1.0,1.0,-199.0,-199.0,3.0,3.0,-101.0,0.0,3.0,3.0,-97.0,-97.0,2.0,2.0,-226.0,0.0,3.0,3.0,-224.0,-225.0,2.0,2.0,-74.0,0.0,1.0,1.0,-72.0,-71.0,91.0,0.0,0.0,-1.0,0.0,0.0,0.0,-1.0,-1.0,1.3189697265625,1.3189697265625,7.9273223876953125,11.383956909179688,2.178619384765625,2.178619384765625,10.001510620117188,21.294448852539062,-0.198211669921875,-0.198211669921875,-0.325958251953125,-0.0380706787109375,-0.464141845703125,-0.464141845703125,-0.6327056884765625,-0.64715576171875,1453773928.583064
83,-199.0,-199.0,0.0,0.0,-199.0,-199.0,-199.0,-197.0,-101.0,-101.0,0.0,0.0,-97.0,-97.0,-97.0,-99.0,-226.0,-226.0,0.0,0.0,-224.0,-224.0,-225.0,-226.0,-74.0,-74.0,0.0,0.0,-72.0,-72.0,-71.0,-70.0,92.0,-1.0,-1.0,0.0,0.0,-1.0,-1.0,-1.0,-1.0,7.9273223876953125,7.9273223876953125,11.383956909179688,12.778900146484403,10.001510620117188,10.001510620117188,21.294448852539062,33.94033813476565,-0.325958251953125,-0.325958251953125,-0.0380706787109375,1.1432952880859375,-0.6327056884765625,-0.6327056884765625,-0.64715576171875,0.5009002685546875,1453773928.6602721
84,0.0,0.0,0.0,0.0,-199.0,-199.0,-197.0,-197.0,0.0,0.0,0.0,0.0,-97.0,-97.0,-99.0,-98.0,0.0,0.0,0.0,0.0,-225.0,-225.0,-226.0,-226.0,0.0,0.0,0.0,0.0,-71.0,-71.0,-70.0,-69.0,93.0,0.0,0.0,0.0,0.0,-1.0,-1.0,-1.0,-1.0,11.383956909179688,11.383956909179688,12.778900146484403,13.364852905273409,21.294448852539062,21.294448852539062,33.94033813476565,47.08445739746094,-0.0380706787109375,-0.0380706787109375,1.1432952880859375,1.947906494140625,-0.64715576171875,-0.64715576171875,0.5009002685546875,2.402496337890625,1453773928.730971
85,0.0,0.0,0.0,0.0,-197.0,-197.0,-197.0,-198.0,0.0,0.0,0.0,0.0,-99.0,-99.0,-98.0,-98.0,0.0,0.0,0.0,0.0,-226.0,-226.0,-226.0,-224.0,0.0,0.0,0.0,0.0,-70.0,-70.0,-69.0,-72.0,94.0,0.0,0.0,0.0,0.0,-1.0,-1.0,-1.0,-1.0,12.778900146484403,12.778900146484403,13.364852905273409,8.9339599609375,33.94033813476565,33.94033813476565,47.08445739746094,55.70796203613281,1.1432952880859375,1.1432952880859375,1.947906494140625,-3.8635406494140625,0.5009002685546875,0.5009002685546875,2.402496337890625,-1.3345794677734375,1453773928.794451
86,0.0,0.0,0.0,0.0,-197.0,-197.0,-198.0,-199.0,0.0,0.0,0.0,0.0,-98.0,-98.0,-98.0,-101.0,0.0,0.0,0.0,0.0,-226.0,-226.0,-224.0,-226.0,0.0,0.0,0.0,0.0,-69.0,-69.0,-72.0,-74.0,95.0,0.0,0.0,0.0,0.0,-1.0,-1.0,-1.0,-1.0,13.364852905273409,13.364852905273409,8.9339599609375,6.448257446289091,47.08445739746094,47.08445739746094,55.70796203613281,60.8372497558594,1.947906494140625,1.947906494140625,-3.8635406494140625,3.830078125,2.402496337890625,2.402496337890625,-1.3345794677734375,2.6937103271484375,1453773928.862129
87,0.0,0.0,0.0,0.0,-198.0,-198.0,-199.0,0.0,0.0,0.0,0.0,0.0,-98.0,-98.0,-101.0,0.0,0.0,0.0,0.0,0.0,-224.0,-224.0,-226.0,0.0,0.0,0.0,0.0,0.0,-72.0,-72.0,-74.0,0.0,96.0,0.0,0.0,0.0,0.0,-1.0,-1.0,-1.0,0.0,8.9339599609375,8.9339599609375,6.448257446289091,5.625900268554659,55.70796203613281,55.70796203613281,60.8372497558594,58.53582763671875,-3.8635406494140625,-3.8635406494140625,3.830078125,5.9324798583984375,-1.3345794677734375,-1.3345794677734375,2.6937103271484375,8.9521484375,1453773928.928217
88,0.0,0.0,0.0,0.0,-199.0,-199.0,0.0,0.0,0.0,0.0,0.0,0.0,-101.0,-101.0,0.0,0.0,0.0,0.0,0.0,0.0,-226.0,-226.0,0.0,0.0,0.0,0.0,0.0,0.0,-74.0,-74.0,0.0,0.0,97.0,0.0,0.0,0.0,0.0,-1.0,-1.0,0.0,0.0,6.448257446289091,6.448257446289091,5.625900268554659,2.7707672119140625,60.8372497558594,60.8372497558594,58.53582763671875,49.922637939453125,3.830078125,3.830078125,5.9324798583984375,2.6007537841796875,2.6937103271484375,2.6937103271484375,8.9521484375,11.590972900390625,1453773928.996838
89,0.0,0.0,0.0,0.0,0.0,0.0,0.0,0.0,0.0,0.0,0.0,0.0,0.0,0.0,0.0,0.0,0.0,0.0,0.0,0.0,0.0,0.0,0.0,0.0,0.0,0.0,0.0,0.0,0.0,0.0,0.0,0.0,98.0,0.0,0.0,0.0,0.0,0.0,0.0,0.0,0.0,5.625900268554659,5.625900268554659,2.7707672119140625,1.084075927734375,58.53582763671875,58.53582763671875,49.922637939453125,38.2278137207031,5.9324798583984375,5.9324798583984375,2.6007537841796875,0.8426361083984375,8.9521484375,8.9521484375,11.590972900390625,11.290313720703125,1453773929.0640311
90,0.0,0.0,0.0,0.0,0.0,0.0,0.0,0.0,0.0,0.0,0.0,0.0,0.0,0.0,0.0,0.0,0.0,0.0,0.0,0.0,0.0,0.0,0.0,0.0,0.0,0.0,0.0,0.0,0.0,0.0,0.0,0.0,99.0,0.0,0.0,0.0,0.0,0.0,0.0,0.0,0.0,2.7707672119140625,2.7707672119140625,1.084075927734375,0.06991577148440342,49.922637939453125,49.922637939453125,38.2278137207031,24.93287658691409,2.6007537841796875,2.6007537841796875,0.8426361083984375,0.0279693603515625,11.590972900390625,11.590972900390625,11.290313720703125,9.370376586914062,1453773929.131002
91,0.0,0.0,0.0,0.0,0.0,0.0,0.0,0.0,0.0,0.0,0.0,0.0,0.0,0.0,0.0,0.0,0.0,0.0,0.0,0.0,0.0,0.0,0.0,0.0,0.0,0.0,0.0,0.0,0.0,0.0,0.0,0.0,100.0,0.0,0.0,0.0,0.0,0.0,0.0,0.0,0.0,1.084075927734375,1.084075927734375,0.06991577148440342,-0.15786743164068184,38.2278137207031,38.2278137207031,24.93287658691409,15.841049194335909,0.8426361083984375,0.8426361083984375,0.0279693603515625,-0.43109130859375,11.290313720703125,11.290313720703125,9.370376586914062,12.802825927734375,1453773929.1929991
92,0.0,0.0,0.0,0.0,0.0,0.0,0.0,0.0,0.0,0.0,0.0,0.0,0.0,0.0,0.0,0.0,0.0,0.0,0.0,0.0,0.0,0.0,0.0,0.0,0.0,0.0,0.0,0.0,0.0,0.0,0.0,0.0,101.0,0.0,0.0,0.0,0.0,0.0,0.0,0.0,0.0,0.06991577148440342,0.06991577148440342,-0.15786743164068184,-0.03683471679681816,24.93287658691409,24.93287658691409,15.841049194335909,9.35595703125,0.0279693603515625,0.0279693603515625,-0.43109130859375,0.0802459716796875,9.370376586914062,9.370376586914062,12.802825927734375,9.052993774414062,1453773929.2599142
93,0.0,0.0,0.0,0.0,0.0,0.0,0.0,0.0,0.0,0.0,0.0,0.0,0.0,0.0,0.0,0.0,0.0,0.0,0.0,0.0,0.0,0.0,0.0,0.0,0.0,0.0,0.0,0.0,0.0,0.0,0.0,0.0,102.0,0.0,0.0,0.0,0.0,0.0,0.0,0.0,0.0,-0.15786743164068184,-0.15786743164068184,-0.03683471679681816,-0.0037536621094034217,15.841049194335909,15.841049194335909,9.35595703125,3.7263031005859375,-0.43109130859375,-0.43109130859375,0.0802459716796875,0.090057373046875,12.802825927734375,12.802825927734375,9.052993774414062,3.2105712890625,1453773929.3264449
94,0.0,0.0,0.0,0.0,0.0,0.0,0.0,0.0,0.0,0.0,0.0,0.0,0.0,0.0,0.0,0.0,0.0,0.0,0.0,0.0,0.0,0.0,0.0,0.0,0.0,0.0,0.0,0.0,0.0,0.0,0.0,0.0,103.0,0.0,0.0,0.0,0.0,0.0,0.0,0.0,0.0,-0.03683471679681816,-0.03683471679681816,-0.0037536621094034217,-0.6906585693359375,9.35595703125,9.35595703125,3.7263031005859375,0.2648773193359375,0.0802459716796875,0.0802459716796875,0.090057373046875,-1.567596435546875,9.052993774414062,9.052993774414062,3.2105712890625,-0.9577789306640625,1453773929.394744
95,0.0,0.0,0.0,0.0,0.0,0.0,0.0,0.0,0.0,0.0,0.0,0.0,0.0,0.0,0.0,0.0,0.0,0.0,0.0,0.0,0.0,0.0,0.0,0.0,0.0,0.0,0.0,0.0,0.0,0.0,0.0,0.0,104.0,0.0,0.0,0.0,0.0,0.0,0.0,0.0,0.0,-0.0037536621094034217,-0.0037536621094034217,-0.6906585693359375,-3.65057373046875,3.7263031005859375,3.7263031005859375,0.2648773193359375,-4.4697723388671875,0.090057373046875,0.090057373046875,-1.567596435546875,-4.710540771484375,3.2105712890625,3.2105712890625,-0.9577789306640625,-6.510955810546875,1453773929.459723
96,0.0,0.0,0.0,0.0,0.0,0.0,0.0,0.0,0.0,0.0,0.0,0.0,0.0,0.0,0.0,0.0,0.0,0.0,0.0,0.0,0.0,0.0,0.0,0.0,0.0,0.0,0.0,0.0,0.0,0.0,0.0,0.0,105.0,0.0,0.0,0.0,0.0,0.0,0.0,0.0,0.0,-0.6906585693359375,-0.6906585693359375,-3.65057373046875,-9.341552734375,0.2648773193359375,0.2648773193359375,-4.4697723388671875,-13.881240844726591,-1.567596435546875,-1.567596435546875,-4.710540771484375,-5.0242767333984375,-0.9577789306640625,-0.9577789306640625,-6.510955810546875,-11.563201904296875,1453773929.535463
97,0.0,0.0,0.0,0.0,0.0,0.0,0.0,0.0,0.0,0.0,0.0,0.0,0.0,0.0,0.0,0.0,0.0,0.0,0.0,0.0,0.0,0.0,0.0,0.0,0.0,0.0,0.0,0.0,0.0,0.0,0.0,0.0,106.0,0.0,0.0,0.0,0.0,0.0,0.0,0.0,0.0,-3.65057373046875,-3.65057373046875,-9.341552734375,-17.018478393554688,-4.4697723388671875,-4.4697723388671875,-13.881240844726591,-30.741851806640597,-4.710540771484375,-4.710540771484375,-5.0242767333984375,-4.6512298583984375,-6.510955810546875,-6.510955810546875,-11.563201904296875,-15.783340454101562,1453773929.600479
98,0.0,0.0,0.0,0.0,0.0,0.0,0.0,0.0,0.0,0.0,0.0,0.0,0.0,0.0,0.0,0.0,0.0,0.0,0.0,0.0,0.0,0.0,0.0,0.0,0.0,0.0,0.0,0.0,0.0,0.0,0.0,0.0,107.0,0.0,0.0,0.0,0.0,0.0,0.0,0.0,0.0,-9.341552734375,-9.341552734375,-17.018478393554688,-19.3385009765625,-13.881240844726591,-13.881240844726591,-30.741851806640597,-50.04351806640628,-5.0242767333984375,-5.0242767333984375,-4.6512298583984375,-2.3536834716796875,-11.563201904296875,-11.563201904296875,-15.783340454101562,-18.217269897460938,1453773929.6676779
99,0.0,0.0,0.0,0.0,0.0,0.0,0.0,0.0,0.0,0.0,0.0,0.0,0.0,0.0,0.0,0.0,0.0,0.0,0.0,0.0,0.0,0.0,0.0,0.0,0.0,0.0,0.0,0.0,0.0,0.0,0.0,0.0,108.0,0.0,0.0,0.0,0.0,0.0,0.0,0.0,0.0,-17.018478393554688,-17.018478393554688,-19.3385009765625,-14.825164794921875,-30.741851806640597,-30.741851806640597,-50.04351806640628,-64.86492919921875,-4.6512298583984375,-4.6512298583984375,-2.3536834716796875,-1.460968017578125,-15.783340454101562,-15.783340454101562,-18.217269897460938,-19.768295288085938,1453773929.734583
100,0.0,0.0,0.0,210.0,0.0,0.0,0.0,210.0,0.0,0.0,0.0,102.0,0.0,0.0,0.0,102.0,0.0,0.0,0.0,234.0,0.0,0.0,0.0,234.0,0.0,0.0,0.0,78.0,0.0,0.0,0.0,78.0,109.0,0.0,0.0,0.0,1.0,0.0,0.0,0.0,1.0,-19.3385009765625,-19.3385009765625,-14.825164794921875,-8.859298706054688,-50.04351806640628,-50.04351806640628,-64.86492919921875,-73.0335693359375,-2.3536834716796875,-2.3536834716796875,-1.460968017578125,-0.5444183349609375,-18.217269897460938,-18.217269897460938,-19.768295288085938,-18.7451171875,1453773929.803651
101,0.0,0.0,210.0,9.0,0.0,0.0,210.0,219.0,0.0,0.0,102.0,-9.0,0.0,0.0,102.0,93.0,0.0,0.0,234.0,1.0,0.0,0.0,234.0,235.0,0.0,0.0,78.0,-1.0,0.0,0.0,78.0,77.0,110.0,0.0,0.0,1.0,0.0,0.0,0.0,1.0,1.0,-14.825164794921875,-14.825164794921875,-8.859298706054688,7.6552886962890625,-64.86492919921875,-64.86492919921875,-73.0335693359375,-61.72770690917969,-1.460968017578125,-1.460968017578125,-0.5444183349609375,8.963241577148438,-19.768295288085938,-19.768295288085938,-18.7451171875,-5.0713348388671875,1453773929.868769
102,210.0,210.0,9.0,-10.0,210.0,210.0,219.0,209.0,102.0,102.0,-9.0,6.0,102.0,102.0,93.0,99.0,234.0,234.0,1.0,-5.0,234.0,234.0,235.0,230.0,78.0,78.0,-1.0,1.0,78.0,78.0,77.0,78.0,111.0,1.0,1.0,0.0,0.0,1.0,1.0,1.0,1.0,-8.859298706054688,-8.859298706054688,7.6552886962890625,-0.6074676513671875,-73.0335693359375,-73.0335693359375,-61.72770690917969,-52.993621826171875,-0.5444183349609375,-0.5444183349609375,8.963241577148438,0.3079071044921875,-18.7451171875,-18.7451171875,-5.0713348388671875,0.2608489990234375,1453773929.93346
103,9.0,9.0,-10.0,-2.0,219.0,219.0,209.0,207.0,-9.0,-9.0,6.0,0.0,93.0,93.0,99.0,99.0,1.0,1.0,-5.0,-2.0,235.0,235.0,230.0,228.0,-1.0,-1.0,1.0,0.0,77.0,77.0,78.0,78.0,113.0,0.0,0.0,0.0,0.0,1.0,1.0,1.0,1.0,7.6552886962890625,7.6552886962890625,-0.6074676513671875,-0.0322113037109375,-61.72770690917969,-61.72770690917969,-52.993621826171875,-36.007354736328125,8.963241577148438,8.963241577148438,0.3079071044921875,0.2920379638671875,-5.0713348388671875,-5.0713348388671875,0.2608489990234375,5.2041168212890625,1453773930.009113
104,-10.0,-10.0,-2.0,-5.0,209.0,209.0,207.0,202.0,6.0,6.0,0.0,8.0,99.0,99.0,99.0,107.0,-5.0,-5.0,-2.0,-5.0,230.0,230.0,228.0,223.0,1.0,1.0,0.0,8.0,78.0,78.0,78.0,86.0,114.0,0.0,0.0,0.0,0.0,1.0,1.0,1.0,1.0,-0.6074676513671875,-0.6074676513671875,-0.0322113037109375,0.065521240234375,-52.993621826171875,-52.993621826171875,-36.007354736328125,-16.60333251953125,0.3079071044921875,0.3079071044921875,0.2920379638671875,0.0357818603515625,0.2608489990234375,0.2608489990234375,5.2041168212890625,7.5935821533203125,1453773930.160552
105,-2.0,-2.0,-5.0,4.0,207.0,207.0,202.0,206.0,0.0,0.0,8.0,-6.0,99.0,99.0,107.0,101.0,-2.0,-2.0,-5.0,7.0,228.0,228.0,223.0,230.0,0.0,0.0,8.0,-9.0,78.0,78.0,86.0,77.0,115.0,0.0,0.0,0.0,0.0,1.0,1.0,1.0,1.0,-0.0322113037109375,-0.0322113037109375,0.065521240234375,0.1471405029296875,-36.007354736328125,-36.007354736328125,-16.60333251953125,-1.6310272216796875,0.2920379638671875,0.2920379638671875,0.0357818603515625,-0.1515045166015625,5.2041168212890625,5.2041168212890625,7.5935821533203125,8.903045654296875,1453773930.2336981
106,-5.0,-5.0,4.0,2.0,202.0,202.0,206.0,-2.0,8.0,8.0,-6.0,-2.0,107.0,107.0,101.0,-3.0,-5.0,-5.0,7.0,0.0,223.0,223.0,230.0,-4.0,8.0,8.0,-9.0,0.0,86.0,86.0,77.0,-1.0,116.0,0.0,0.0,0.0,0.0,1.0,1.0,1.0,0.0,0.065521240234375,0.065521240234375,0.1471405029296875,0.1210784912109375,-16.60333251953125,-16.60333251953125,-1.6310272216796875,7.3493499755859375,0.0357818603515625,0.0357818603515625,-0.1515045166015625,-0.1375579833984375,7.5935821533203125,7.5935821533203125,8.903045654296875,9.309906005859375,1453773930.312531
107,4.0,4.0,2.0,-2.0,206.0,206.0,-2.0,-13.0,-6.0,-6.0,-2.0,1.0,101.0,101.0,-3.0,7.0,7.0,7.0,0.0,-2.0,230.0,230.0,-4.0,-7.0,-9.0,-9.0,0.0,1.0,77.0,77.0,-1.0,1.0,117.0,0.0,0.0,0.0,0.0,1.0,1.0,0.0,0.0,0.1471405029296875,0.1471405029296875,0.1210784912109375,0.145751953125,-1.6310272216796875,-1.6310272216796875,7.3493499755859375,-0.160186767578125,-0.1515045166015625,-0.1515045166015625,-0.1375579833984375,-0.0186309814453125,8.903045654296875,8.903045654296875,9.309906005859375,0.328033447265625,1453773930.3844368
108,2.0,2.0,-2.0,1.0,-2.0,-2.0,-13.0,-2.0,-2.0,-2.0,1.0,-1.0,-3.0,-3.0,7.0,0.0,0.0,0.0,-2.0,0.0,-4.0,-4.0,-7.0,-2.0,0.0,0.0,1.0,0.0,-1.0,-1.0,1.0,0.0,118.0,0.0,0.0,0.0,0.0,0.0,0.0,0.0,0.0,0.1210784912109375,0.1210784912109375,0.145751953125,0.057647705078125,7.3493499755859375,7.3493499755859375,-0.160186767578125,0.5049285888671875,-0.1375579833984375,-0.1375579833984375,-0.0186309814453125,-0.14617919921875,9.309906005859375,9.309906005859375,0.328033447265625,-0.1260528564453125,1453773930.468528
109,-2.0,-2.0,1.0,0.0,-13.0,-13.0,-2.0,0.0,1.0,1.0,-1.0,0.0,7.0,7.0,0.0,0.0,-2.0,-2.0,0.0,-1.0,-7.0,-7.0,-2.0,-1.0,1.0,1.0,0.0,1.0,1.0,1.0,0.0,1.0,119.0,0.0,0.0,0.0,0.0,0.0,0.0,0.0,0.0,0.145751953125,0.145751953125,0.057647705078125,0.024322509765625,-0.160186767578125,-0.160186767578125,0.5049285888671875,0.56146240234375,-0.0186309814453125,-0.0186309814453125,-0.14617919921875,-0.167388916015625,0.328033447265625,0.328033447265625,-0.1260528564453125,-0.585479736328125,1453773930.542335
110,1.0,1.0,0.0,-1.0,-2.0,-2.0,0.0,4.0,-1.0,-1.0,0.0,0.0,0.0,0.0,0.0,-8.0,0.0,0.0,-1.0,1.0,-2.0,-2.0,-1.0,5.0,0.0,0.0,1.0,-2.0,0.0,0.0,1.0,-9.0,120.0,0.0,0.0,0.0,0.0,0.0,0.0,0.0,0.0,0.057647705078125,0.057647705078125,0.024322509765625,-0.0128173828125,0.5049285888671875,0.5049285888671875,0.56146240234375,0.483123779296875,-0.14617919921875,-0.14617919921875,-0.167388916015625,0.040863037109375,-0.1260528564453125,-0.1260528564453125,-0.585479736328125,-0.5803985595703125,1453773930.6219609
111,0.0,0.0,-1.0,-2.0,0.0,0.0,4.0,-2.0,0.0,0.0,0.0,-2.0,0.0,0.0,-8.0,-4.0,-1.0,-1.0,1.0,-2.0,-1.0,-1.0,5.0,-4.0,1.0,1.0,-2.0,-2.0,1.0,1.0,-9.0,-2.0,121.0,0.0,0.0,0.0,0.0,0.0,0.0,0.0,0.0,0.024322509765625,0.024322509765625,-0.0128173828125,-0.064117431640625,0.56146240234375,0.56146240234375,0.483123779296875,0.2718658447265625,-0.167388916015625,-0.167388916015625,0.040863037109375,0.23175048828125,-0.585479736328125,-0.585479736328125,-0.5803985595703125,-0.1971435546875,1453773930.696314
112,-1.0,-1.0,-2.0,2.0,4.0,4.0,-2.0,-2.0,0.0,0.0,-2.0,0.0,-8.0,-8.0,-4.0,-2.0,1.0,1.0,-2.0,2.0,5.0,5.0,-4.0,-2.0,-2.0,-2.0,-2.0,0.0,-9.0,-9.0,-2.0,-2.0,122.0,0.0,0.0,0.0,0.0,0.0,0.0,0.0,0.0,-0.0128173828125,-0.0128173828125,-0.064117431640625,-0.04180908203125,0.483123779296875,0.483123779296875,0.2718658447265625,0.108978271484375,0.040863037109375,0.040863037109375,0.23175048828125,0.0533447265625,-0.5803985595703125,-0.5803985595703125,-0.1971435546875,-0.0062408447265625,1453773930.769225
113,-2.0,-2.0,2.0,1.0,-2.0,-2.0,-2.0,1.0,-2.0,-2.0,0.0,-2.0,-4.0,-4.0,-2.0,-5.0,-2.0,-2.0,2.0,-1.0,-4.0,-4.0,-2.0,-1.0,-2.0,-2.0,0.0,0.0,-2.0,-2.0,-2.0,-3.0,123.0,0.0,0.0,0.0,0.0,0.0,0.0,0.0,0.0,-0.064117431640625,-0.064117431640625,-0.04180908203125,-0.086212158203125,0.2718658447265625,0.2718658447265625,0.108978271484375,-0.12298583984375,0.23175048828125,0.23175048828125,0.0533447265625,0.143524169921875,-0.1971435546875,-0.1971435546875,-0.0062408447265625,0.155914306640625,1453773930.846673
114,2.0,2.0,1.0,-3.0,-2.0,-2.0,1.0,-3.0,0.0,0.0,-2.0,3.0,-2.0,-2.0,-5.0,-1.0,2.0,2.0,-1.0,-1.0,-2.0,-2.0,-1.0,-2.0,0.0,0.0,0.0,1.0,-2.0,-2.0,-3.0,-2.0,124.0,0.0,0.0,0.0,0.0,0.0,0.0,0.0,0.0,-0.04180908203125,-0.04180908203125,-0.086212158203125,-0.074981689453125,0.108978271484375,0.108978271484375,-0.12298583984375,-0.255615234375,0.0533447265625,0.0533447265625,0.143524169921875,0.0664520263671875,-0.0062408447265625,-0.0062408447265625,0.155914306640625,0.3685455322265625,1453773930.91926
115,1.0,1.0,-3.0,1.0,1.0,1.0,-3.0,-2.0,-2.0,-2.0,3.0,1.0,-5.0,-5.0,-1.0,0.0,-1.0,-1.0,-1.0,0.0,-1.0,-1.0,-2.0,-1.0,0.0,0.0,1.0,2.0,-3.0,-3.0,-2.0,-1.0,125.0,0.0,0.0,0.0,0.0,0.0,0.0,0.0,0.0,-0.086212158203125,-0.086212158203125,-0.074981689453125,-0.028900146484375,-0.12298583984375,-0.12298583984375,-0.255615234375,-0.308837890625,0.143524169921875,0.143524169921875,0.0664520263671875,-0.0887451171875,0.155914306640625,0.155914306640625,0.3685455322265625,0.4471893310546875,1453773930.994492
116,-3.0,-3.0,1.0,-1.0,-3.0,-3.0,-2.0,-2.0,3.0,3.0,1.0,-1.0,-1.0,-1.0,0.0,-1.0,-1.0,-1.0,0.0,0.0,-2.0,-2.0,-1.0,-2.0,1.0,1.0,2.0,-2.0,-2.0,-2.0,-1.0,-1.0,126.0,0.0,0.0,0.0,0.0,0.0,0.0,0.0,0.0,-0.074981689453125,-0.074981689453125,-0.028900146484375,0.202850341796875,-0.255615234375,-0.255615234375,-0.308837890625,-0.093170166015625,0.0664520263671875,0.0664520263671875,-0.0887451171875,0.1773529052734375,0.3685455322265625,0.3685455322265625,0.4471893310546875,0.58367919921875,1453773931.0690029
117,1.0,1.0,-1.0,0.0,-2.0,-2.0,-2.0,0.0,1.0,1.0,-1.0,0.0,0.0,0.0,-1.0,1.0,0.0,0.0,0.0,1.0,-1.0,-1.0,-2.0,1.0,2.0,2.0,-2.0,-1.0,-1.0,-1.0,-1.0,0.0,127.0,0.0,0.0,0.0,0.0,0.0,0.0,0.0,0.0,-0.028900146484375,-0.028900146484375,0.202850341796875,0.1618804931640625,-0.308837890625,-0.308837890625,-0.093170166015625,0.1328277587890625,-0.0887451171875,-0.0887451171875,0.1773529052734375,0.006591796875,0.4471893310546875,0.4471893310546875,0.58367919921875,0.3585205078125,1453773931.1445858
118,-1.0,-1.0,0.0,1.0,-2.0,-2.0,0.0,-1.0,-1.0,-1.0,0.0,0.0,-1.0,-1.0,1.0,1.0,0.0,0.0,1.0,-1.0,-2.0,-2.0,1.0,-2.0,-2.0,-2.0,-1.0,2.0,-1.0,-1.0,0.0,2.0,128.0,0.0,0.0,0.0,0.0,0.0,0.0,0.0,0.0,0.202850341796875,0.202850341796875,0.1618804931640625,0.2313385009765625,-0.093170166015625,-0.093170166015625,0.1328277587890625,0.405975341796875,0.1773529052734375,0.1773529052734375,0.006591796875,-0.0424041748046875,0.58367919921875,0.58367919921875,0.3585205078125,0.2627716064453125,1453773931.220726
119,0.0,0.0,1.0,0.0,0.0,0.0,-1.0,-2.0,0.0,0.0,0.0,0.0,1.0,1.0,1.0,3.0,1.0,1.0,-1.0,0.0,1.0,1.0,-2.0,-1.0,-1.0,-1.0,2.0,0.0,0.0,0.0,2.0,2.0,129.0,0.0,0.0,0.0,0.0,0.0,0.0,0.0,0.0,0.1618804931640625,0.1618804931640625,0.2313385009765625,0.2628936767578125,0.1328277587890625,0.1328277587890625,0.405975341796875,0.7550811767578125,0.006591796875,0.006591796875,-0.0424041748046875,-0.0858154296875,0.3585205078125,0.3585205078125,0.2627716064453125,0.0334320068359375,1453773931.30279
120,1.0,1.0,0.0,0.0,-1.0,-1.0,-2.0,1.0,0.0,0.0,0.0,-1.0,1.0,1.0,3.0,-1.0,-1.0,-1.0,0.0,3.0,-2.0,-2.0,-1.0,3.0,2.0,2.0,0.0,-4.0,2.0,2.0,2.0,-3.0,130.0,0.0,0.0,0.0,0.0,0.0,0.0,0.0,0.0,0.2313385009765625,0.2313385009765625,0.2628936767578125,1.0155792236328125,0.405975341796875,0.405975341796875,0.7550811767578125,1.84564208984375,-0.0424041748046875,-0.0424041748046875,-0.0858154296875,0.0290374755859375,0.2627716064453125,0.2627716064453125,0.0334320068359375,-0.0039825439453125,1453773931.3763
121,0.0,0.0,0.0,0.0,-2.0,-2.0,1.0,0.0,0.0,0.0,-1.0,0.0,3.0,3.0,-1.0,-2.0,0.0,0.0,3.0,2.0,-1.0,-1.0,3.0,5.0,0.0,0.0,-4.0,-2.0,2.0,2.0,-3.0,-7.0,131.0,0.0,0.0,0.0,0.0,0.0,0.0,0.0,0.0,0.2628936767578125,0.2628936767578125,1.0155792236328125,1.4540252685546875,0.7550811767578125,0.7550811767578125,1.84564208984375,3.3285675048828125,-0.0858154296875,-0.0858154296875,0.0290374755859375,0.0902252197265625,0.0334320068359375,0.0334320068359375,-0.0039825439453125,0.17498779296875,1453773931.453394
122,0.0,0.0,0.0,0.0,1.0,1.0,0.0,1.0,-1.0,-1.0,0.0,1.0,-1.0,-1.0,-2.0,0.0,3.0,3.0,2.0,1.0,3.0,3.0,5.0,6.0,-4.0,-4.0,-2.0,0.0,-3.0,-3.0,-7.0,-5.0,132.0,0.0,0.0,0.0,0.0,0.0,0.0,0.0,0.0,1.0155792236328125,1.0155792236328125,1.4540252685546875,0.48248291015625,1.84564208984375,1.84564208984375,3.3285675048828125,3.6082000732421875,0.0290374755859375,0.0290374755859375,0.0902252197265625,-0.06414794921875,-0.0039825439453125,-0.0039825439453125,0.17498779296875,-0.0665130615234375,1453773931.530685
123,0.0,0.0,0.0,2.0,0.0,0.0,1.0,3.0,0.0,0.0,1.0,-4.0,-2.0,-2.0,0.0,-4.0,2.0,2.0,1.0,-1.0,5.0,5.0,6.0,4.0,-2.0,-2.0,0.0,-1.0,-7.0,-7.0,-5.0,-5.0,133.0,0.0,0.0,0.0,0.0,0.0,0.0,0.0,0.0,1.4540252685546875,1.4540252685546875,0.48248291015625,-0.393951416015625,3.3285675048828125,3.3285675048828125,3.6082000732421875,3.0523681640625,0.0902252197265625,0.0902252197265625,-0.06414794921875,-0.01300048828125,0.17498779296875,0.17498779296875,-0.0665130615234375,-0.0861053466796875,1453773931.6025882
124,0.0,0.0,2.0,-2.0,1.0,1.0,3.0,0.0,1.0,1.0,-4.0,6.0,0.0,0.0,-4.0,2.0,1.0,1.0,-1.0,-2.0,6.0,6.0,4.0,3.0,0.0,0.0,-1.0,6.0,-5.0,-5.0,-5.0,-1.0,134.0,0.0,0.0,0.0,0.0,0.0,0.0,0.0,0.0,0.48248291015625,0.48248291015625,-0.393951416015625,-0.2904815673828125,3.6082000732421875,3.6082000732421875,3.0523681640625,2.530548095703125,-0.06414794921875,-0.06414794921875,-0.01300048828125,0.2477264404296875,-0.0665130615234375,-0.0665130615234375,-0.0861053466796875,0.2040252685546875,1453773931.678187
125,2.0,2.0,-2.0,-4.0,3.0,3.0,0.0,-4.0,-4.0,-4.0,6.0,0.0,-4.0,-4.0,2.0,2.0,-1.0,-1.0,-2.0,0.0,4.0,4.0,3.0,3.0,-1.0,-1.0,6.0,-4.0,-5.0,-5.0,-1.0,-5.0,135.0,0.0,0.0,0.0,0.0,0.0,0.0,0.0,0.0,-0.393951416015625,-0.393951416015625,-0.2904815673828125,-0.1090240478515625,3.0523681640625,3.0523681640625,2.530548095703125,2.15863037109375,-0.01300048828125,-0.01300048828125,0.2477264404296875,0.38250732421875,-0.0861053466796875,-0.0861053466796875,0.2040252685546875,0.6723480224609375,1453773931.753109
126,-2.0,-2.0,-4.0,1.0,0.0,0.0,-4.0,-3.0,6.0,6.0,0.0,-2.0,2.0,2.0,2.0,1.0,-2.0,-2.0,0.0,-2.0,3.0,3.0,3.0,-2.0,6.0,6.0,-4.0,1.0,-1.0,-1.0,-5.0,0.0,136.0,0.0,0.0,0.0,0.0,0.0,0.0,0.0,0.0,-0.2904815673828125,-0.2904815673828125,-0.1090240478515625,-0.0326995849609375,2.530548095703125,2.530548095703125,2.15863037109375,1.1103515625,0.2477264404296875,0.2477264404296875,0.38250732421875,0.24322509765625,0.2040252685546875,0.2040252685546875,0.6723480224609375,0.88653564453125,1453773931.828754
127,-4.0,-4.0,1.0,-1.0,-4.0,-4.0,-3.0,-4.0,0.0,0.0,-2.0,3.0,2.0,2.0,1.0,4.0,0.0,0.0,-2.0,2.0,3.0,3.0,-2.0,-2.0,-4.0,-4.0,1.0,0.0,-5.0,-5.0,0.0,2.0,137.0,0.0,0.0,0.0,0.0,0.0,0.0,0.0,0.0,-0.1090240478515625,-0.1090240478515625,-0.0326995849609375,-0.0321502685546875,2.15863037109375,2.15863037109375,1.1103515625,-0.375823974609375,0.38250732421875,0.38250732421875,0.24322509765625,0.0431976318359375,0.6723480224609375,0.6723480224609375,0.88653564453125,0.839508056640625,1453773931.902327
128,1.0,1.0,-1.0,2.0,-3.0,-3.0,-4.0,-2.0,-2.0,-2.0,3.0,-3.0,1.0,1.0,4.0,0.0,-2.0,-2.0,2.0,0.0,-2.0,-2.0,-2.0,-3.0,1.0,1.0,0.0,-1.0,0.0,0.0,2.0,1.0,138.0,0.0,0.0,0.0,0.0,0.0,0.0,0.0,0.0,-0.0326995849609375,-0.0326995849609375,-0.0321502685546875,0.046112060546875,1.1103515625,1.1103515625,-0.375823974609375,-0.81219482421875,0.24322509765625,0.24322509765625,0.0431976318359375,0.13311767578125,0.88653564453125,0.88653564453125,0.839508056640625,1.036773681640625,1453773931.977921
129,-1.0,-1.0,2.0,-6.0,-4.0,-4.0,-2.0,-10.0,3.0,3.0,-3.0,3.0,4.0,4.0,0.0,7.0,2.0,2.0,0.0,-5.0,-2.0,-2.0,-3.0,-7.0,0.0,0.0,-1.0,2.0,2.0,2.0,1.0,4.0,139.0,0.0,0.0,0.0,0.0,0.0,0.0,0.0,0.0,-0.0321502685546875,-0.0321502685546875,0.046112060546875,3.4691925048828125,-0.375823974609375,-0.375823974609375,-0.81219482421875,3.0509490966796875,0.0431976318359375,0.0431976318359375,0.13311767578125,0.0883026123046875,0.839508056640625,0.839508056640625,1.036773681640625,1.1380767822265625,1453773932.058413
130,2.0,2.0,-6.0,-197.0,-2.0,-2.0,-10.0,-205.0,-3.0,-3.0,3.0,-101.0,0.0,0.0,7.0,-100.0,0.0,0.0,-5.0,-224.0,-3.0,-3.0,-7.0,-229.0,-1.0,-1.0,2.0,-74.0,1.0,1.0,4.0,-76.0,140.0,0.0,0.0,0.0,-1.0,0.0,0.0,0.0,-1.0,0.046112060546875,0.046112060546875,3.4691925048828125,8.27032470703125,-0.81219482421875,-0.81219482421875,3.0509490966796875,11.61175537109375,0.13311767578125,0.13311767578125,0.0883026123046875,0.42059326171875,1.036773681640625,1.036773681640625,1.1380767822265625,1.310943603515625,1453773932.134871
131,-6.0,-6.0,-197.0,0.0,-10.0,-10.0,-205.0,-201.0,3.0,3.0,-101.0,0.0,7.0,7.0,-100.0,-100.0,-5.0,-5.0,-224.0,0.0,-7.0,-7.0,-229.0,-229.0,2.0,2.0,-74.0,0.0,4.0,4.0,-76.0,-72.0,141.0,0.0,0.0,-1.0,0.0,0.0,0.0,-1.0,-1.0,3.4691925048828125,3.4691925048828125,8.27032470703125,12.726470947265597,3.0509490966796875,3.0509490966796875,11.61175537109375,24.44725036621091,0.0883026123046875,0.0883026123046875,0.42059326171875,0.4038543701171875,1.1380767822265625,1.1380767822265625,1.310943603515625,1.3322906494140625,1453773932.210189
132,-197.0,-197.0,0.0,0.0,-205.0,-205.0,-201.0,-202.0,-101.0,-101.0,0.0,0.0,-100.0,-100.0,-100.0,-98.0,-224.0,-224.0,0.0,0.0,-229.0,-229.0,-229.0,-227.0,-74.0,-74.0,0.0,0.0,-76.0,-76.0,-72.0,-73.0,142.0,-1.0,-1.0,0.0,0.0,-1.0,-1.0,-1.0,-1.0,8.27032470703125,8.27032470703125,12.726470947265597,7.629150390625057,11.61175537109375,11.61175537109375,24.44725036621091,32.1091003417969,0.42059326171875,0.42059326171875,0.4038543701171875,0.69854736328125,1.310943603515625,1.310943603515625,1.3322906494140625,1.7876129150390625,1453773932.286966
133,0.0,0.0,0.0,0.0,-201.0,-201.0,-202.0,-201.0,0.0,0.0,0.0,0.0,-100.0,-100.0,-98.0,-101.0,0.0,0.0,0.0,0.0,-229.0,-229.0,-227.0,-229.0,0.0,0.0,0.0,0.0,-72.0,-72.0,-73.0,-73.0,143.0,0.0,0.0,0.0,0.0,-1.0,-1.0,-1.0,-1.0,12.726470947265597,12.726470947265597,7.629150390625057,6.316223144531222,24.44725036621091,24.44725036621091,32.1091003417969,38.45747375488281,0.4038543701171875,0.4038543701171875,0.69854736328125,-5.4334564208984375,1.3322906494140625,1.3322906494140625,1.7876129150390625,-3.6890411376953125,1453773932.355943
134,0.0,0.0,0.0,0.0,-202.0,-202.0,-201.0,-203.0,0.0,0.0,0.0,0.0,-98.0,-98.0,-101.0,-98.0,0.0,0.0,0.0,0.0,-227.0,-227.0,-229.0,-229.0,0.0,0.0,0.0,0.0,-73.0,-73.0,-73.0,-72.0,144.0,0.0,0.0,0.0,0.0,-1.0,-1.0,-1.0,-1.0,7.629150390625057,7.629150390625057,6.316223144531222,9.023193359375,32.1091003417969,32.1091003417969,38.45747375488281,47.43455505371094,0.69854736328125,0.69854736328125,-5.4334564208984375,0.6456146240234375,1.7876129150390625,1.7876129150390625,-3.6890411376953125,-3.176544189453125,1453773932.420502
135,0.0,0.0,0.0,0.0,-201.0,-201.0,-203.0,-197.0,0.0,0.0,0.0,0.0,-101.0,-101.0,-98.0,-101.0,0.0,0.0,0.0,0.0,-229.0,-229.0,-229.0,-224.0,0.0,0.0,0.0,0.0,-73.0,-73.0,-72.0,-74.0,145.0,0.0,0.0,0.0,0.0,-1.0,-1.0,-1.0,-1.0,6.316223144531222,6.316223144531222,9.023193359375,5.693115234375,38.45747375488281,38.45747375488281,47.43455505371094,49.658477783203125,-5.4334564208984375,-5.4334564208984375,0.6456146240234375,7.1265411376953125,-3.6890411376953125,-3.6890411376953125,-3.176544189453125,3.8616943359375,1453773932.4864
136,0.0,0.0,0.0,0.0,-203.0,-203.0,-197.0,0.0,0.0,0.0,0.0,0.0,-98.0,-98.0,-101.0,0.0,0.0,0.0,0.0,0.0,-229.0,-229.0,-224.0,0.0,0.0,0.0,0.0,0.0,-72.0,-72.0,-74.0,0.0,146.0,0.0,0.0,0.0,0.0,-1.0,-1.0,-1.0,0.0,9.023193359375,9.023193359375,5.693115234375,3.0799102783203125,47.43455505371094,47.43455505371094,49.658477783203125,44.46806335449219,0.6456146240234375,0.6456146240234375,7.1265411376953125,3.8017578125,-3.176544189453125,-3.176544189453125,3.8616943359375,7.24285888671875,1453773932.5548801
137,0.0,0.0,0.0,0.0,-197.0,-197.0,0.0,0.0,0.0,0.0,0.0,0.0,-101.0,-101.0,0.0,0.0,0.0,0.0,0.0,0.0,-224.0,-224.0,0.0,0.0,0.0,0.0,0.0,0.0,-74.0,-74.0,0.0,0.0,147.0,0.0,0.0,0.0,0.0,-1.0,-1.0,0.0,0.0,5.693115234375,5.693115234375,3.0799102783203125,1.2622680664062216,49.658477783203125,49.658477783203125,44.46806335449219,33.00386047363281,7.1265411376953125,7.1265411376953125,3.8017578125,1.376312255859375,3.8616943359375,3.8616943359375,7.24285888671875,8.215316772460938,1453773932.622557
138,0.0,0.0,0.0,0.0,0.0,0.0,0.0,0.0,0.0,0.0,0.0,0.0,0.0,0.0,0.0,0.0,0.0,0.0,0.0,0.0,0.0,0.0,0.0,0.0,0.0,0.0,0.0,0.0,0.0,0.0,0.0,0.0,148.0,0.0,0.0,0.0,0.0,0.0,0.0,0.0,0.0,3.0799102783203125,3.0799102783203125,1.2622680664062216,-0.03428649902340908,44.46806335449219,44.46806335449219,33.00386047363281,25.340423583984347,3.8017578125,3.8017578125,1.376312255859375,0.1029052734375,7.24285888671875,7.24285888671875,8.215316772460938,7.6196746826171875,1453773932.686139
139,0.0,0.0,0.0,0.0,0.0,0.0,0.0,0.0,0.0,0.0,0.0,0.0,0.0,0.0,0.0,0.0,0.0,0.0,0.0,0.0,0.0,0.0,0.0,0.0,0.0,0.0,0.0,0.0,0.0,0.0,0.0,0.0,149.0,0.0,0.0,0.0,0.0,0.0,0.0,0.0,0.0,1.2622680664062216,1.2622680664062216,-0.03428649902340908,-0.59228515625,33.00386047363281,33.00386047363281,25.340423583984347,18.431915283203125,1.376312255859375,1.376312255859375,0.1029052734375,-0.39105224609375,8.215316772460938,8.215316772460938,7.6196746826171875,12.662078857421875,1453773932.75374
140,0.0,0.0,0.0,0.0,0.0,0.0,0.0,0.0,0.0,0.0,0.0,0.0,0.0,0.0,0.0,0.0,0.0,0.0,0.0,0.0,0.0,0.0,0.0,0.0,0.0,0.0,0.0,0.0,0.0,0.0,0.0,0.0,150.0,0.0,0.0,0.0,0.0,0.0,0.0,0.0,0.0,-0.03428649902340908,-0.03428649902340908,-0.59228515625,0.2303314208984375,25.340423583984347,25.340423583984347,18.431915283203125,9.639053344726562,0.1029052734375,0.1029052734375,-0.39105224609375,-0.0350494384765625,7.6196746826171875,7.6196746826171875,12.662078857421875,11.981414794921875,1453773932.830131
141,0.0,0.0,0.0,0.0,0.0,0.0,0.0,0.0,0.0,0.0,0.0,0.0,0.0,0.0,0.0,0.0,0.0,0.0,0.0,0.0,0.0,0.0,0.0,0.0,0.0,0.0,0.0,0.0,0.0,0.0,0.0,0.0,151.0,0.0,0.0,0.0,0.0,0.0,0.0,0.0,0.0,-0.59228515625,-0.59228515625,0.2303314208984375,0.6898040771484375,18.431915283203125,18.431915283203125,9.639053344726562,4.6357421875,-0.39105224609375,-0.39105224609375,-0.0350494384765625,0.1160125732421875,12.662078857421875,12.662078857421875,11.981414794921875,4.97088623046875,1453773932.892791
142,0.0,0.0,0.0,0.0,0.0,0.0,0.0,0.0,0.0,0.0,0.0,0.0,0.0,0.0,0.0,0.0,0.0,0.0,0.0,0.0,0.0,0.0,0.0,0.0,0.0,0.0,0.0,0.0,0.0,0.0,0.0,0.0,152.0,0.0,0.0,0.0,0.0,0.0,0.0,0.0,0.0,0.2303314208984375,0.2303314208984375,0.6898040771484375,0.51495361328125,9.639053344726562,9.639053344726562,4.6357421875,2.0707855224609375,-0.0350494384765625,-0.0350494384765625,0.1160125732421875,0.105224609375,11.981414794921875,11.981414794921875,4.97088623046875,1.27435302734375,1453773932.961179
143,0.0,0.0,0.0,0.0,0.0,0.0,0.0,0.0,0.0,0.0,0.0,0.0,0.0,0.0,0.0,0.0,0.0,0.0,0.0,0.0,0.0,0.0,0.0,0.0,0.0,0.0,0.0,0.0,0.0,0.0,0.0,0.0,153.0,0.0,0.0,0.0,0.0,0.0,0.0,0.0,0.0,0.6898040771484375,0.6898040771484375,0.51495361328125,0.1505279541015625,4.6357421875,4.6357421875,2.0707855224609375,0.9590454101562784,0.1160125732421875,0.1160125732421875,0.105224609375,-0.03485107421875,4.97088623046875,4.97088623046875,1.27435302734375,-0.136810302734375,1453773933.029353
144,0.0,0.0,0.0,0.0,0.0,0.0,0.0,0.0,0.0,0.0,0.0,0.0,0.0,0.0,0.0,0.0,0.0,0.0,0.0,0.0,0.0,0.0,0.0,0.0,0.0,0.0,0.0,0.0,0.0,0.0,0.0,0.0,154.0,0.0,0.0,0.0,0.0,0.0,0.0,0.0,0.0,0.51495361328125,0.51495361328125,0.1505279541015625,-0.11773681640627842,2.0707855224609375,2.0707855224609375,0.9590454101562784,0.8755950927734091,0.105224609375,0.105224609375,-0.03485107421875,0.079376220703125,1.27435302734375,1.27435302734375,-0.136810302734375,-0.16033935546875,1453773933.094001
145,0.0,0.0,0.0,0.0,0.0,0.0,0.0,0.0,0.0,0.0,0.0,0.0,0.0,0.0,0.0,0.0,0.0,0.0,0.0,0.0,0.0,0.0,0.0,0.0,0.0,0.0,0.0,0.0,0.0,0.0,0.0,0.0,155.0,0.0,0.0,0.0,0.0,0.0,0.0,0.0,0.0,0.1505279541015625,0.1505279541015625,-0.11773681640627842,-0.04046630859372158,0.9590454101562784,0.9590454101562784,0.8755950927734091,1.4274139404296875,-0.03485107421875,-0.03485107421875,0.079376220703125,0.176055908203125,-0.136810302734375,-0.136810302734375,-0.16033935546875,0.406768798828125,1453773933.161397
146,0.0,0.0,0.0,0.0,0.0,0.0,0.0,0.0,0.0,0.0,0.0,0.0,0.0,0.0,0.0,0.0,0.0,0.0,0.0,0.0,0.0,0.0,0.0,0.0,0.0,0.0,0.0,0.0,0.0,0.0,0.0,0.0,156.0,0.0,0.0,0.0,0.0,0.0,0.0,0.0,0.0,-0.11773681640627842,-0.11773681640627842,-0.04046630859372158,-0.6317901611328125,0.8755950927734091,0.8755950927734091,1.4274139404296875,0.5652923583984375,0.079376220703125,0.079376220703125,0.176055908203125,-2.5252685546875,-0.16033935546875,-0.16033935546875,0.406768798828125,-2.0834503173828125,1453773933.228049
147,0.0,0.0,0.0,0.0,0.0,0.0,0.0,0.0,0.0,0.0,0.0,0.0,0.0,0.0,0.0,0.0,0.0,0.0,0.0,0.0,0.0,0.0,0.0,0.0,0.0,0.0,0.0,0.0,0.0,0.0,0.0,0.0,157.0,0.0,0.0,0.0,0.0,0.0,0.0,0.0,0.0,-0.04046630859372158,-0.04046630859372158,-0.6317901611328125,-5.2173309326171875,1.4274139404296875,1.4274139404296875,0.5652923583984375,-5.3418426513671875,0.176055908203125,0.176055908203125,-2.5252685546875,-6.4552459716796875,0.406768798828125,0.406768798828125,-2.0834503173828125,-8.654708862304688,1453773933.301425
148,0.0,0.0,0.0,0.0,0.0,0.0,0.0,0.0,0.0,0.0,0.0,0.0,0.0,0.0,0.0,0.0,0.0,0.0,0.0,0.0,0.0,0.0,0.0,0.0,0.0,0.0,0.0,0.0,0.0,0.0,0.0,0.0,158.0,0.0,0.0,0.0,0.0,0.0,0.0,0.0,0.0,-0.6317901611328125,-0.6317901611328125,-5.2173309326171875,-13.37060546875,0.5652923583984375,0.5652923583984375,-5.3418426513671875,-19.227401733398438,-2.5252685546875,-2.5252685546875,-6.4552459716796875,-6.6019439697265625,-2.0834503173828125,-2.0834503173828125,-8.654708862304688,-15.36187744140625,1453773933.3696911
149,0.0,0.0,0.0,0.0,0.0,0.0,0.0,0.0,0.0,0.0,0.0,0.0,0.0,0.0,0.0,0.0,0.0,0.0,0.0,0.0,0.0,0.0,0.0,0.0,0.0,0.0,0.0,0.0,0.0,0.0,0.0,0.0,159.0,0.0,0.0,0.0,0.0,0.0,0.0,0.0,0.0,-5.2173309326171875,-5.2173309326171875,-13.37060546875,-17.7667236328125,-5.3418426513671875,-5.3418426513671875,-19.227401733398438,-37.1446533203125,-6.4552459716796875,-6.4552459716796875,-6.6019439697265625,2.417999267578125,-8.654708862304688,-8.654708862304688,-15.36187744140625,-12.909027099609375,1453773933.436751
150,0.0,0.0,0.0,0.0,0.0,0.0,0.0,0.0,0.0,0.0,0.0,0.0,0.0,0.0,0.0,0.0,0.0,0.0,0.0,0.0,0.0,0.0,0.0,0.0,0.0,0.0,0.0,0.0,0.0,0.0,0.0,0.0,160.0,0.0,0.0,0.0,0.0,0.0,0.0,0.0,0.0,-13.37060546875,-13.37060546875,-17.7667236328125,-30.240371704101562,-19.227401733398438,-19.227401733398438,-37.1446533203125,-67.26728820800778,-6.6019439697265625,-6.6019439697265625,2.417999267578125,5.5472412109375,-15.36187744140625,-15.36187744140625,-12.909027099609375,-7.441162109375,1453773933.5030868
151,0.0,0.0,0.0,0.0,0.0,0.0,0.0,0.0,0.0,0.0,0.0,0.0,0.0,0.0,0.0,0.0,0.0,0.0,0.0,0.0,0.0,0.0,0.0,0.0,0.0,0.0,0.0,0.0,0.0,0.0,0.0,0.0,161.0,0.0,0.0,0.0,0.0,0.0,0.0,0.0,0.0,-17.7667236328125,-17.7667236328125,-30.240371704101562,-5.612396240234375,-37.1446533203125,-37.1446533203125,-67.26728820800778,-72.83921813964844,2.417999267578125,2.417999267578125,5.5472412109375,-0.0757904052734375,-12.909027099609375,-12.909027099609375,-7.441162109375,-7.6930084228515625,1453773933.565638
152,0.0,0.0,0.0,215.0,0.0,0.0,0.0,215.0,0.0,0.0,0.0,101.0,0.0,0.0,0.0,101.0,0.0,0.0,0.0,217.0,0.0,0.0,0.0,217.0,0.0,0.0,0.0,99.0,0.0,0.0,0.0,99.0,162.0,0.0,0.0,0.0,1.0,0.0,0.0,0.0,1.0,-30.240371704101562,-30.240371704101562,-5.612396240234375,-2.8300323486328125,-67.26728820800778,-67.26728820800778,-72.83921813964844,-75.03746032714844,5.5472412109375,5.5472412109375,-0.0757904052734375,-1.0794525146484375,-7.441162109375,-7.441162109375,-7.6930084228515625,-6.2471923828125,1453773933.6356962
153,0.0,0.0,215.0,-14.0,0.0,0.0,215.0,201.0,0.0,0.0,101.0,-2.0,0.0,0.0,101.0,99.0,0.0,0.0,217.0,5.0,0.0,0.0,217.0,222.0,0.0,0.0,99.0,-21.0,0.0,0.0,99.0,78.0,163.0,0.0,0.0,1.0,0.0,0.0,0.0,1.0,1.0,-5.612396240234375,-5.612396240234375,-2.8300323486328125,9.786758422851562,-72.83921813964844,-72.83921813964844,-75.03746032714844,-60.03337097167969,-0.0757904052734375,-0.0757904052734375,-1.0794525146484375,5.5831756591796875,-7.6930084228515625,-7.6930084228515625,-6.2471923828125,5.791229248046875,1453773933.703555
154,215.0,215.0,-14.0,4.0,215.0,215.0,201.0,205.0,101.0,101.0,-2.0,-6.0,101.0,101.0,99.0,93.0,217.0,217.0,5.0,0.0,217.0,217.0,222.0,222.0,99.0,99.0,-21.0,-2.0,99.0,99.0,78.0,76.0,164.0,1.0,1.0,0.0,0.0,1.0,1.0,1.0,1.0,-2.8300323486328125,-2.8300323486328125,9.786758422851562,-0.121612548828125,-75.03746032714844,-75.03746032714844,-60.03337097167969,-46.78437805175781,-1.0794525146484375,-1.0794525146484375,5.5831756591796875,-0.9084014892578125,-6.2471923828125,-6.2471923828125,5.791229248046875,11.484771728515625,1453773933.768993
155,-14.0,-14.0,4.0,3.0,201.0,201.0,205.0,208.0,-2.0,-2.0,-6.0,-1.0,99.0,99.0,93.0,92.0,5.0,5.0,0.0,-1.0,222.0,222.0,222.0,221.0,-21.0,-21.0,-2.0,3.0,78.0,78.0,76.0,79.0,170.0,0.0,0.0,0.0,0.0,1.0,1.0,1.0,1.0,9.786758422851562,9.786758422851562,-0.121612548828125,0.138397216796875,-60.03337097167969,-60.03337097167969,-46.78437805175781,-28.879257202148438,5.5831756591796875,5.5831756591796875,-0.9084014892578125,0.0,5.791229248046875,5.791229248046875,11.484771728515625,9.0667724609375,1453773933.842802
156,4.0,4.0,3.0,-208.0,205.0,205.0,208.0,0.0,-6.0,-6.0,-1.0,-92.0,93.0,93.0,92.0,0.0,0.0,0.0,-1.0,-221.0,222.0,222.0,221.0,0.0,-2.0,-2.0,3.0,-79.0,76.0,76.0,79.0,0.0,171.0,0.0,0.0,0.0,-1.0,1.0,1.0,1.0,0.0,-0.121612548828125,-0.121612548828125,0.138397216796875,-6.3501129150390625,-46.78437805175781,-46.78437805175781,-28.879257202148438,-4.9889984130859375,-0.9084014892578125,-0.9084014892578125,0.0,9.908401489257812,11.484771728515625,11.484771728515625,9.0667724609375,13.427932739257812,1453773934.212388
157,3.0,3.0,-208.0,204.0,208.0,208.0,0.0,204.0,-1.0,-1.0,-92.0,98.0,92.0,92.0,0.0,98.0,-1.0,-1.0,-221.0,222.0,221.0,221.0,0.0,222.0,3.0,3.0,-79.0,80.0,79.0,79.0,0.0,80.0,172.0,0.0,0.0,-1.0,1.0,1.0,1.0,0.0,1.0,0.138397216796875,0.138397216796875,-6.3501129150390625,0.2502593994140625,-28.879257202148438,-28.879257202148438,-4.9889984130859375,0.8736572265625,0.0,0.0,9.908401489257812,0.17724609375,9.0667724609375,9.0667724609375,13.427932739257812,13.68096923828125,1453773934.289537
158,-208.0,-208.0,204.0,-3.0,0.0,0.0,204.0,-14.0,-92.0,-92.0,98.0,1.0,0.0,0.0,98.0,-2.0,-221.0,-221.0,222.0,-1.0,0.0,0.0,222.0,4.0,-79.0,-79.0,80.0,-1.0,0.0,0.0,80.0,-20.0,174.0,-1.0,-1.0,1.0,0.0,0.0,0.0,1.0,0.0,-6.3501129150390625,-6.3501129150390625,0.2502593994140625,0.3287200927734375,-4.9889984130859375,-4.9889984130859375,0.8736572265625,4.03240966796875,9.908401489257812,9.908401489257812,0.17724609375,0.0689239501953125,13.427932739257812,13.427932739257812,13.68096923828125,14.829345703125,1453773934.368938
159,204.0,204.0,-3.0,4.0,204.0,204.0,-14.0,4.0,98.0,98.0,1.0,-2.0,98.0,98.0,-2.0,-2.0,222.0,222.0,-1.0,2.0,222.0,222.0,4.0,1.0,80.0,80.0,-1.0,0.0,80.0,80.0,-20.0,1.0,175.0,1.0,1.0,0.0,0.0,1.0,1.0,0.0,0.0,0.2502593994140625,0.2502593994140625,0.3287200927734375,0.62054443359375,0.8736572265625,0.8736572265625,4.03240966796875,-5.1338043212890625,0.17724609375,0.17724609375,0.0689239501953125,0.04046630859375,13.68096923828125,13.68096923828125,14.829345703125,9.286636352539062,1453773934.502916
160,-3.0,-3.0,4.0,-4.0,-14.0,-14.0,4.0,-4.0,1.0,1.0,-2.0,2.0,-2.0,-2.0,-2.0,6.0,-1.0,-1.0,2.0,-3.0,4.0,4.0,1.0,-2.0,-1.0,-1.0,0.0,1.0,-20.0,-20.0,1.0,4.0,176.0,0.0,0.0,0.0,0.0,0.0,0.0,0.0,0.0,0.3287200927734375,0.3287200927734375,0.62054443359375,0.209381103515625,4.03240966796875,4.03240966796875,-5.1338043212890625,-4.8028106689453125,0.0689239501953125,0.0689239501953125,0.04046630859375,0.148773193359375,14.829345703125,14.829345703125,9.286636352539062,10.34381103515625,1453773934.577717
161,4.0,4.0,-4.0,-6.0,4.0,4.0,-4.0,-13.0,-2.0,-2.0,2.0,5.0,-2.0,-2.0,6.0,12.0,2.0,2.0,-3.0,0.0,1.0,1.0,-2.0,-1.0,0.0,0.0,1.0,-1.0,1.0,1.0,4.0,0.0,177.0,0.0,0.0,0.0,0.0,0.0,0.0,0.0,0.0,0.62054443359375,0.62054443359375,0.209381103515625,0.2124481201171875,-5.1338043212890625,-5.1338043212890625,-4.8028106689453125,-4.728759765625,0.04046630859375,0.04046630859375,0.148773193359375,0.11212158203125,9.286636352539062,9.286636352539062,10.34381103515625,10.4559326171875,1453773934.653683
162,-4.0,-4.0,-6.0,-1.0,-4.0,-4.0,-13.0,194.0,2.0,2.0,5.0,0.0,6.0,6.0,12.0,104.0,-3.0,-3.0,0.0,0.0,-2.0,-2.0,-1.0,220.0,1.0,1.0,-1.0,-1.0,4.0,4.0,0.0,78.0,178.0,0.0,0.0,0.0,0.0,0.0,0.0,0.0,1.0,0.209381103515625,0.209381103515625,0.2124481201171875,0.2095794677734375,-4.8028106689453125,-4.8028106689453125,-4.728759765625,1.8309326171875,0.148773193359375,0.148773193359375,0.11212158203125,0.1615142822265625,10.34381103515625,10.34381103515625,10.4559326171875,0.70904541015625,1453773934.733409
163,-6.0,-6.0,-1.0,3.0,-13.0,-13.0,194.0,-7.0,5.0,5.0,0.0,-1.0,12.0,12.0,104.0,5.0,0.0,0.0,0.0,-1.0,-1.0,-1.0,220.0,-3.0,-1.0,-1.0,-1.0,3.0,0.0,0.0,78.0,1.0,179.0,0.0,0.0,0.0,0.0,0.0,0.0,1.0,0.0,0.2124481201171875,0.2124481201171875,0.2095794677734375,0.1756439208984375,-4.728759765625,-4.728759765625,1.8309326171875,1.756317138671875,0.11212158203125,0.11212158203125,0.1615142822265625,0.2178192138671875,10.4559326171875,10.4559326171875,0.70904541015625,0.7496185302734375,1453773934.806253
164,-1.0,-1.0,3.0,6.0,194.0,194.0,-7.0,2.0,0.0,0.0,-1.0,-2.0,104.0,104.0,5.0,2.0,0.0,0.0,-1.0,2.0,220.0,220.0,-3.0,0.0,-1.0,-1.0,3.0,2.0,78.0,78.0,1.0,4.0,180.0,0.0,0.0,0.0,0.0,1.0,1.0,0.0,0.0,0.2095794677734375,0.2095794677734375,0.1756439208984375,0.277618408203125,1.8309326171875,1.8309326171875,1.756317138671875,1.7052154541015625,0.1615142822265625,0.1615142822265625,0.2178192138671875,0.248748779296875,0.70904541015625,0.70904541015625,0.7496185302734375,0.929443359375,1453773934.875241
165,3.0,3.0,6.0,-3.0,-7.0,-7.0,2.0,-5.0,-1.0,-1.0,-2.0,0.0,5.0,5.0,2.0,4.0,-1.0,-1.0,2.0,0.0,-3.0,-3.0,0.0,-2.0,3.0,3.0,2.0,-3.0,1.0,1.0,4.0,1.0,181.0,0.0,0.0,0.0,0.0,0.0,0.0,0.0,0.0,0.1756439208984375,0.1756439208984375,0.277618408203125,0.20977783203125,1.756317138671875,1.756317138671875,1.7052154541015625,1.2944488525390625,0.2178192138671875,0.2178192138671875,0.248748779296875,0.099822998046875,0.7496185302734375,0.7496185302734375,0.929443359375,0.988800048828125,1453773934.9401062
166,6.0,6.0,-3.0,2.0,2.0,2.0,-5.0,1.0,-2.0,-2.0,0.0,-1.0,2.0,2.0,4.0,1.0,2.0,2.0,0.0,-2.0,0.0,0.0,-2.0,-1.0,2.0,2.0,-3.0,3.0,4.0,4.0,1.0,3.0,182.0,0.0,0.0,0.0,0.0,0.0,0.0,0.0,0.0,0.277618408203125,0.277618408203125,0.20977783203125,-0.162689208984375,1.7052154541015625,1.7052154541015625,1.2944488525390625,0.9223785400390625,0.248748779296875,0.248748779296875,0.099822998046875,0.4038848876953125,0.929443359375,0.929443359375,0.988800048828125,1.2439117431640625,1453773935.00984
167,-3.0,-3.0,2.0,2.0,-5.0,-5.0,1.0,9.0,0.0,0.0,-1.0,-1.0,4.0,4.0,1.0,-5.0,0.0,0.0,-2.0,1.0,-2.0,-2.0,-1.0,0.0,-3.0,-3.0,3.0,0.0,1.0,1.0,3.0,4.0,183.0,0.0,0.0,0.0,0.0,0.0,0.0,0.0,0.0,0.20977783203125,0.20977783203125,-0.162689208984375,-0.04742431640625,1.2944488525390625,1.2944488525390625,0.9223785400390625,0.662506103515625,0.099822998046875,0.099822998046875,0.4038848876953125,-0.2762908935546875,0.988800048828125,0.988800048828125,1.2439117431640625,0.855499267578125,1453773935.108111
168,2.0,2.0,2.0,-8.0,1.0,1.0,9.0,2.0,-1.0,-1.0,-1.0,2.0,1.0,1.0,-5.0,-3.0,-2.0,-2.0,1.0,-3.0,-1.0,-1.0,0.0,-3.0,3.0,3.0,0.0,-3.0,3.0,3.0,4.0,2.0,184.0,0.0,0.0,0.0,0.0,0.0,0.0,0.0,0.0,-0.162689208984375,-0.162689208984375,-0.04742431640625,-0.15631103515625,0.9223785400390625,0.9223785400390625,0.662506103515625,0.2966156005859375,0.4038848876953125,0.4038848876953125,-0.2762908935546875,-0.075592041015625,1.2439117431640625,1.2439117431640625,0.855499267578125,0.6183929443359375,1453773935.198349
169,2.0,2.0,-8.0,2.0,9.0,9.0,2.0,1.0,-1.0,-1.0,2.0,-3.0,-5.0,-5.0,-3.0,-5.0,1.0,1.0,-3.0,-3.0,0.0,0.0,-3.0,-5.0,0.0,0.0,-3.0,2.0,4.0,4.0,2.0,1.0,185.0,0.0,0.0,0.0,0.0,0.0,0.0,0.0,0.0,-0.04742431640625,-0.04742431640625,-0.15631103515625,-0.13079833984375,0.662506103515625,0.662506103515625,0.2966156005859375,-0.00982666015625,-0.2762908935546875,-0.2762908935546875,-0.075592041015625,0.1432647705078125,0.855499267578125,0.855499267578125,0.6183929443359375,0.5438385009765625,1453773935.2764552
170,-8.0,-8.0,2.0,0.0,2.0,2.0,1.0,-5.0,2.0,2.0,-3.0,2.0,-3.0,-3.0,-5.0,-1.0,-3.0,-3.0,-3.0,2.0,-3.0,-3.0,-5.0,-5.0,-3.0,-3.0,2.0,0.0,2.0,2.0,1.0,-1.0,186.0,0.0,0.0,0.0,0.0,0.0,0.0,0.0,0.0,-0.15631103515625,-0.15631103515625,-0.13079833984375,-0.059661865234375,0.2966156005859375,0.2966156005859375,-0.00982666015625,-0.34710693359375,-0.075592041015625,-0.075592041015625,0.1432647705078125,0.12347412109375,0.6183929443359375,0.6183929443359375,0.5438385009765625,0.4185638427734375,1453773935.363521
171,2.0,2.0,0.0,3.0,1.0,1.0,-5.0,1.0,-3.0,-3.0,2.0,2.0,-5.0,-5.0,-1.0,1.0,-3.0,-3.0,2.0,2.0,-5.0,-5.0,-5.0,-3.0,2.0,2.0,0.0,3.0,1.0,1.0,-1.0,5.0,187.0,0.0,0.0,0.0,0.0,0.0,0.0,0.0,0.0,-0.13079833984375,-0.13079833984375,-0.059661865234375,0.2537994384765625,-0.00982666015625,-0.00982666015625,-0.34710693359375,-0.3030853271484375,0.1432647705078125,0.1432647705078125,0.12347412109375,-0.3267974853515625,0.5438385009765625,0.5438385009765625,0.4185638427734375,-0.008056640625,1453773935.445215
172,0.0,0.0,3.0,-3.0,-5.0,-5.0,1.0,-4.0,2.0,2.0,2.0,0.0,-1.0,-1.0,1.0,2.0,2.0,2.0,2.0,0.0,-5.0,-5.0,-3.0,-1.0,0.0,0.0,3.0,-3.0,-1.0,-1.0,5.0,-1.0,188.0,0.0,0.0,0.0,0.0,0.0,0.0,0.0,0.0,-0.059661865234375,-0.059661865234375,0.2537994384765625,0.3439178466796875,-0.34710693359375,-0.34710693359375,-0.3030853271484375,0.203521728515625,0.12347412109375,0.12347412109375,-0.3267974853515625,-0.105926513671875,0.4185638427734375,0.4185638427734375,-0.008056640625,-0.5178680419921875,1453773935.530517
173,3.0,3.0,-3.0,0.0,1.0,1.0,-4.0,-6.0,2.0,2.0,0.0,0.0,1.0,1.0,2.0,3.0,2.0,2.0,0.0,0.0,-3.0,-3.0,-1.0,-2.0,3.0,3.0,-3.0,0.0,5.0,5.0,-1.0,-1.0,189.0,0.0,0.0,0.0,0.0,0.0,0.0,0.0,0.0,0.2537994384765625,0.2537994384765625,0.3439178466796875,0.5264892578125,-0.3030853271484375,-0.3030853271484375,0.203521728515625,0.777435302734375,-0.3267974853515625,-0.3267974853515625,-0.105926513671875,-0.00738525390625,-0.008056640625,-0.008056640625,-0.5178680419921875,-0.24896240234375,1453773935.610368
174,-3.0,-3.0,0.0,4.0,-4.0,-4.0,-6.0,6.0,0.0,0.0,0.0,1.0,2.0,2.0,3.0,2.0,0.0,0.0,0.0,1.0,-1.0,-1.0,-2.0,2.0,-3.0,-3.0,0.0,4.0,-1.0,-1.0,-1.0,6.0,190.0,0.0,0.0,0.0,0.0,0.0,0.0,0.0,0.0,0.3439178466796875,0.3439178466796875,0.5264892578125,0.075958251953125,0.203521728515625,0.203521728515625,0.777435302734375,1.00970458984375,-0.105926513671875,-0.105926513671875,-0.00738525390625,0.22528076171875,-0.5178680419921875,-0.5178680419921875,-0.24896240234375,0.051910400390625,1453773935.686522
175,0.0,0.0,4.0,0.0,-6.0,-6.0,6.0,4.0,0.0,0.0,1.0,0.0,3.0,3.0,2.0,5.0,0.0,0.0,1.0,0.0,-2.0,-2.0,2.0,5.0,0.0,0.0,4.0,0.0,-1.0,-1.0,6.0,4.0,191.0,0.0,0.0,0.0,0.0,0.0,0.0,0.0,0.0,0.5264892578125,0.5264892578125,0.075958251953125,-0.127838134765625,0.777435302734375,0.777435302734375,1.00970458984375,1.012664794921875,-0.00738525390625,-0.00738525390625,0.22528076171875,-0.0870513916015625,-0.24896240234375,-0.24896240234375,0.051910400390625,-0.17840576171875,1453773935.804482
