,faceBottom,faceLeft,faceRight,faceTop,frameIndex,isFrontFace,noseX,noseY,time,timestamp_x,ax,ay,az,gx,gy,gz,time_diff,timestamp_y,gz_raw,theta
0,-1,-1,-1,-1,129,0,185.399993896,78.8000030518,1454039417.87,1454039424.81,-13612.0,188.0,6904.0,-28.0,23.0,0.270731707317,0.0994338989258,1454039424.79,-10.0,-0.452472148
1,118,142,231,29,130,1,190.894317627,78.2048950195,1454039424.84,1454039424.86,-13644.0,240.0,6980.0,-28.0,16.0,-0.0341463414634,0.105987071991,1454039424.9,-21.0,-0.439934652898
2,117,141,230,28,131,1,191.759750366,78.4327392578,1454039424.89,1454039424.91,-13644.0,240.0,6980.0,-28.0,16.0,-0.0341463414634,0.105987071991,1454039424.9,-21.0,-0.439934652898
3,118,141,230,29,132,1,189.75038147,78.6759643555,1454039424.93,1454039424.95,-13644.0,240.0,6980.0,-28.0,16.0,-0.0341463414634,0.105987071991,1454039424.9,-21.0,-0.439934652898
4,118,140,229,29,133,1,187.843948364,79.0277099609,1454039424.98,1454039425.0,-13584.0,280.0,7012.0,-29.0,17.0,-0.156097560976,0.102087020874,1454039425.0,-16.0,-0.449645369518
5,117,138,227,28,134,1,184.964782715,79.1062316895,1454039425.03,1454039425.05,-13584.0,280.0,7012.0,-29.0,17.0,-0.156097560976,0.102087020874,1454039425.0,-16.0,-0.449645369518
6,121,132,228,25,135,1,183.623580933,79.1987457275,1454039425.08,1454039425.1,-13618.0,180.0,6976.0,-29.0,16.0,-0.0341463414634,0.103344917297,1454039425.11,-18.0,-0.4594757397
7,122,131,228,25,136,1,182.970504761,79.3735961914,1454039425.12,1454039425.14,-13618.0,180.0,6976.0,-29.0,16.0,-0.0341463414634,0.103344917297,1454039425.11,-18.0,-0.4594757397
8,119,134,223,30,137,1,182.417984009,79.435043335,1454039425.16,1454039425.19,-13656.0,112.0,6932.0,-29.0,18.0,0.209756097561,0.101677179337,1454039425.21,-12.0,-0.450547987368
9,-1,-1,-1,-1,138,0,181.682754517,79.700302124,1454039425.21,1454039425.22,-13656.0,112.0,6932.0,-29.0,18.0,0.209756097561,0.101677179337,1454039425.21,-12.0,-0.450547987368
10,123,130,226,27,139,1,181.033065796,79.8669815063,1454039425.24,1454039425.26,-13656.0,112.0,6932.0,-29.0,18.0,0.209756097561,0.101677179337,1454039425.21,-12.0,-0.450547987368
11,121,130,224,27,140,1,180.890899658,79.7656326294,1454039425.28,1454039425.31,-13704.0,256.0,6848.0,-27.0,10.0,0.209756097561,0.103067874908,1454039425.31,-12.0,-0.428928872143
12,121,131,225,27,141,1,181.139007568,79.7499771118,1454039425.33,1454039425.36,-13704.0,256.0,6848.0,-27.0,10.0,0.209756097561,0.103067874908,1454039425.31,-12.0,-0.428928872143
13,119,137,226,30,142,1,186.232513428,78.6961517334,1454039425.38,1454039425.4,-13526.0,122.0,6988.0,-28.0,1.0,2.28292682927,0.1020591259,1454039425.41,30.0,-0.301728351814
14,117,141,230,28,143,1,192.84576416,77.377456665,1454039425.42,1454039425.44,-13526.0,122.0,6988.0,-28.0,1.0,2.28292682927,0.1020591259,1454039425.41,30.0,-0.301728351814
15,-1,-1,-1,-1,144,0,201.244232178,76.178894043,1454039425.46,1454039425.48,-13716.0,116.0,6888.0,-26.0,15.0,2.77073170732,0.102772951126,1454039425.52,22.0,-0.0420386509198
16,-1,-1,-1,-1,145,0,208.685211182,75.1165924072,1454039425.5,1454039425.51,-13716.0,116.0,6888.0,-26.0,15.0,2.77073170732,0.102772951126,1454039425.52,22.0,-0.0420386509198
17,-1,-1,-1,-1,146,0,220.05456543,73.6414489746,1454039425.53,1454039425.54,-13716.0,116.0,6888.0,-26.0,15.0,2.77073170732,0.102772951126,1454039425.52,22.0,-0.0420386509198
18,-1,-1,-1,-1,147,0,224.560058594,74.6360168457,1454039425.56,1454039425.58,-13604.0,326.0,6960.0,-26.0,9.0,6.85609756098,0.103556871414,1454039425.62,97.0,0.456423509412
19,-1,-1,-1,-1,148,0,228.687576294,75.6093826294,1454039425.61,1454039425.63,-13604.0,326.0,6960.0,-26.0,9.0,6.85609756098,0.103556871414,1454039425.62,97.0,0.456423509412
20,-1,-1,-1,-1,149,0,231.961517334,76.7148361206,1454039425.65,1454039425.66,-13604.0,326.0,6960.0,-26.0,9.0,6.85609756098,0.103556871414,1454039425.62,97.0,0.456423509412
21,-1,-1,-1,-1,150,0,234.393310547,77.6757202148,1454039425.68,1454039425.69,-13612.0,780.0,7006.0,-25.0,2.0,6.85609756098,0.104448080063,1454039425.72,104.0,1.17252973638
22,-1,-1,-1,-1,151,0,236.403274536,78.2786636353,1454039425.71,1454039425.73,-13612.0,780.0,7006.0,-25.0,2.0,6.85609756098,0.104448080063,1454039425.72,104.0,1.17252973638
23,-1,-1,-1,-1,152,0,238.085281372,78.7370452881,1454039425.75,1454039425.76,-13612.0,780.0,7006.0,-25.0,2.0,6.85609756098,0.104448080063,1454039425.72,104.0,1.17252973638
24,-1,-1,-1,-1,153,0,240.500518799,79.5632171631,1454039425.78,1454039425.79,-13680.0,734.0,6942.0,-28.0,17.0,-0.0341463414634,0.106614112854,1454039425.83,-28.0,1.53618787498
25,-1,-1,-1,-1,154,0,241.260910034,79.6629257202,1454039425.81,1454039425.83,-13680.0,734.0,6942.0,-28.0,17.0,-0.0341463414634,0.106614112854,1454039425.83,-28.0,1.53618787498
26,-1,-1,-1,-1,155,0,241.832351685,80.0731735229,1454039425.85,1454039425.86,-13680.0,734.0,6942.0,-28.0,17.0,-0.0341463414634,0.106614112854,1454039425.83,-28.0,1.53618787498
27,-1,-1,-1,-1,156,0,242.179122925,80.5144424438,1454039425.88,1454039425.9,-13632.0,692.0,6882.0,-29.0,23.0,-0.0341463414634,0.098287820816,1454039425.93,-16.0,1.53283170549
28,-1,-1,-1,-1,157,0,242.434112549,80.5633087158,1454039425.92,1454039425.94,-13632.0,692.0,6882.0,-29.0,23.0,-0.0341463414634,0.098287820816,1454039425.93,-16.0,1.53283170549
29,-1,-1,-1,-1,158,0,242.553222656,80.5439910889,1454039425.96,1454039425.97,-13632.0,692.0,6882.0,-29.0,23.0,-0.0341463414634,0.098287820816,1454039425.93,-16.0,1.53283170549
30,-1,-1,-1,-1,159,0,242.50869751,80.7407302856,1454039425.99,1454039426.0,-13648.0,576.0,6894.0,-32.0,9.0,-0.0341463414634,0.106758117676,1454039426.03,-13.0,1.52918630635
31,-1,-1,-1,-1,160,0,242.317108154,80.7733306885,1454039426.03,1454039426.04,-13648.0,576.0,6894.0,-32.0,9.0,-0.0341463414634,0.106758117676,1454039426.03,-13.0,1.52918630635
32,-1,-1,-1,-1,161,0,242.036224365,80.4767227173,1454039426.06,1454039426.08,-13648.0,576.0,6894.0,-32.0,9.0,-0.0341463414634,0.106758117676,1454039426.03,-13.0,1.52918630635
33,-1,-1,-1,-1,162,0,241.702194214,80.1346588135,1454039426.1,1454039426.11,-13724.0,672.0,6894.0,-30.0,24.0,-0.0951219512195,0.0984420776367,1454039426.13,-21.0,1.5228235867
34,-1,-1,-1,-1,163,0,241.046554565,79.7541732788,1454039426.13,1454039426.14,-13724.0,672.0,6894.0,-30.0,24.0,-0.0951219512195,0.0984420776367,1454039426.13,-21.0,1.5228235867
35,-1,-1,-1,-1,164,0,239.596511841,78.9271011353,1454039426.16,1454039426.18,-13724.0,672.0,6894.0,-30.0,24.0,-0.0951219512195,0.0984420776367,1454039426.13,-21.0,1.5228235867
36,-1,-1,-1,-1,165,0,236.56362915,78.0725784302,1454039426.2,1454039426.21,-13602.0,658.0,6946.0,-30.0,16.0,-0.0951219512195,0.10657286644,1454039426.24,-17.0,1.51268616769
37,-1,-1,-1,-1,166,0,232.485671997,77.318145752,1454039426.24,1454039426.25,-13602.0,658.0,6946.0,-30.0,16.0,-0.0951219512195,0.10657286644,1454039426.24,-17.0,1.51268616769
38,-1,-1,-1,-1,167,0,226.316482544,77.5063018799,1454039426.27,1454039426.28,-13602.0,658.0,6946.0,-30.0,16.0,-0.0951219512195,0.10657286644,1454039426.24,-17.0,1.51268616769
39,-1,-1,-1,-1,168,0,218.282669067,78.0041503906,1454039426.31,1454039426.32,-13618.0,664.0,6970.0,-31.0,13.0,-0.0951219512195,0.101784944534,1454039426.34,-17.0,1.50300418516
40,-1,-1,-1,-1,169,0,209.396072388,78.1532440186,1454039426.34,1454039426.35,-13618.0,664.0,6970.0,-31.0,13.0,-0.0951219512195,0.101784944534,1454039426.34,-17.0,1.50300418516
41,118,152,241,29,170,1,200.633544922,78.2706604004,1454039426.37,1454039426.4,-13656.0,776.0,6880.0,-31.0,32.0,0.0268292682927,0.103018045425,1454039426.44,-15.0,1.49948649581
42,119,148,237,30,171,1,193.629806519,78.2144241333,1454039426.42,1454039426.44,-13656.0,776.0,6880.0,-31.0,32.0,0.0268292682927,0.103018045425,1454039426.44,-15.0,1.49948649581
43,124,133,235,22,172,1,188.201416016,78.2688980103,1454039426.46,1454039426.48,-13656.0,776.0,6880.0,-31.0,32.0,0.0268292682927,0.103018045425,1454039426.44,-15.0,1.49948649581
44,124,131,228,27,173,1,183.929290771,78.8167037964,1454039426.5,1454039426.53,-13594.0,398.0,6950.0,-31.0,8.0,1.67317073171,0.101830005646,1454039426.55,12.0,1.58604200061
45,127,123,227,23,174,1,174.27645874,81.3467559814,1454039426.55,1454039426.57,-13594.0,398.0,6950.0,-31.0,8.0,1.67317073171,0.101830005646,1454039426.55,12.0,1.58604200061
46,125,126,225,26,175,1,171.663513184,81.4416046143,1454039426.6,1454039426.62,-13660.0,530.0,6924.0,-30.0,16.0,8.56341463415,0.103296995163,1454039426.65,170.0,2.11474625512
47,126,119,221,24,176,1,167.931488037,82.6304168701,1454039426.66,1454039426.68,-13660.0,530.0,6924.0,-30.0,16.0,8.56341463415,0.103296995163,1454039426.65,170.0,2.11474625512
48,127,119,220,26,177,1,166.526885986,82.8131103516,1454039426.7,1454039426.73,-13412.0,1534.0,7074.0,-26.0,12.0,8.56341463415,0.106568098068,1454039426.76,125.0,3.02733306565
49,130,114,220,24,178,1,164.898025513,82.9369049072,1454039426.77,1454039426.79,-13412.0,1534.0,7074.0,-26.0,12.0,8.56341463415,0.106568098068,1454039426.76,125.0,3.02733306565
50,128,114,218,24,179,1,164.660980225,83.1870651245,1454039426.81,1454039426.85,-13558.0,1260.0,6946.0,-29.0,20.0,0.941463414634,0.101855993271,1454039426.86,-18.0,3.51139746294
51,129,113,219,23,180,1,164.580459595,82.9154815674,1454039426.87,1454039426.9,-13558.0,1260.0,6946.0,-29.0,20.0,0.941463414634,0.101855993271,1454039426.86,-18.0,3.51139746294
52,130,112,219,23,181,1,165.085174561,82.8930740356,1454039426.92,1454039426.95,-13556.0,1220.0,6970.0,-29.0,15.0,0.941463414634,0.0991759300232,1454039426.96,0.0,3.60476797267
53,127,117,218,26,182,1,166.35345459,82.8920669556,1454039427.03,1454039427.06,-13590.0,1318.0,6910.0,-28.0,18.0,2.22195121951,0.105190038681,1454039427.06,21.0,3.77114782653
54,128,118,220,26,183,1,167.125640869,82.9808807373,1454039427.12,1454039427.15,-13548.0,1306.0,6980.0,-28.0,21.0,4.6,0.10319685936,1454039427.17,60.0,4.12314979681
55,128,118,220,26,184,1,168.856567383,83.4267196655,1454039427.2,1454039427.24,-13492.0,1510.0,6900.0,-28.0,18.0,6.97804878049,0.101567029953,1454039427.27,99.0,4.71112381045
56,128,120,222,26,185,1,170.481674194,83.5520019531,1454039427.26,1454039427.29,-13492.0,1510.0,6900.0,-28.0,18.0,6.97804878049,0.101567029953,1454039427.27,99.0,4.71112381045
57,131,117,225,23,186,1,171.204589844,83.8851013184,1454039427.31,1454039427.34,-13440.0,1770.0,6944.0,-29.0,12.0,7.6487804878,0.106382131577,1454039427.37,110.0,5.48914044834
58,131,122,226,27,187,1,172.659881592,84.1687545776,1454039427.39,1454039427.41,-13440.0,1770.0,6944.0,-29.0,12.0,7.6487804878,0.106382131577,1454039427.37,110.0,5.48914044834
59,131,123,227,27,188,1,173.187454224,84.311416626,1454039427.43,1454039427.46,-13430.0,1900.0,7090.0,-27.0,15.0,8.92926829268,0.112915039062,1454039427.49,131.0,6.42509596115
60,132,122,226,28,189,1,173.378204346,84.8250198364,1454039427.49,1454039427.51,-13430.0,1900.0,7090.0,-27.0,15.0,8.92926829268,0.112915039062,1454039427.49,131.0,6.42509596115
61,131,123,225,29,190,1,173.309646606,84.8998260498,1454039427.53,1454039427.56,-13400.0,2130.0,7010.0,-27.0,15.0,9.47804878049,0.0922079086304,1454039427.58,140.0,7.27374606656
62,131,124,226,29,191,1,172.845550537,85.3549804688,1454039427.58,1454039427.6,-13400.0,2130.0,7010.0,-27.0,15.0,9.47804878049,0.0922079086304,1454039427.58,140.0,7.27374606656
63,133,122,227,28,192,1,172.312026978,85.4954299927,1454039427.63,1454039427.65,-13396.0,2362.0,6892.0,-29.0,15.0,13.1365853659,0.102257966995,1454039427.68,200.0,8.43000932263
64,133,120,225,28,193,1,172.15411377,85.6765899658,1454039427.68,1454039427.7,-13396.0,2362.0,6892.0,-29.0,15.0,13.1365853659,0.102257966995,1454039427.68,200.0,8.43000932263
65,132,120,224,28,194,1,172.236587524,85.7608032227,1454039427.73,1454039427.75,-13286.0,3220.0,6914.0,-23.0,20.0,15.6975609756,0.102976083755,1454039427.78,242.0,9.91462305697
66,134,119,226,27,195,1,172.470748901,85.8085403442,1454039427.77,1454039427.79,-13286.0,3220.0,6914.0,-23.0,20.0,15.6975609756,0.102976083755,1454039427.78,242.0,9.91462305697
67,133,122,227,28,196,1,172.770492554,85.924369812,1454039427.81,1454039427.84,-13106.0,3100.0,7054.0,-25.0,13.0,16.0634146341,0.105952978134,1454039427.89,248.0,11.5972080341
68,132,123,227,28,197,1,172.869720459,85.8671264648,1454039427.86,1454039427.88,-13106.0,3100.0,7054.0,-25.0,13.0,16.0634146341,0.105952978134,1454039427.89,248.0,11.5972080341
69,131,124,226,29,198,1,173.15788269,85.9873809814,1454039427.9,1454039427.92,-13106.0,3100.0,7054.0,-25.0,13.0,16.0634146341,0.105952978134,1454039427.89,248.0,11.5972080341
70,132,124,228,28,199,1,173.346557617,86.0147323608,1454039427.95,1454039427.97,-13034.0,3560.0,6958.0,-25.0,21.0,20.8804878049,0.10225892067,1454039427.99,327.0,13.4861298285
71,133,123,227,29,200,1,173.531051636,85.9653015137,1454039427.99,1454039428.02,-13034.0,3560.0,6958.0,-25.0,21.0,20.8804878049,0.10225892067,1454039427.99,327.0,13.4861298285
72,134,121,228,27,201,1,173.716552734,85.9163665771,1454039428.04,1454039428.06,-12768.0,4296.0,7034.0,-27.0,17.0,20.8804878049,0.103551149368,1454039428.1,335.0,15.6483283401
73,133,122,227,28,202,1,174.193634033,85.9646759033,1454039428.08,1454039428.12,-12768.0,4296.0,7034.0,-27.0,17.0,20.8804878049,0.103551149368,1454039428.1,335.0,15.6483283401
74,131,126,227,30,203,1,174.374893188,85.9912185669,1454039428.16,1454039428.18,-12856.0,4826.0,6804.0,-29.0,14.0,16.7951219512,0.101337909698,1454039428.2,260.0,17.5573121097
75,130,127,227,30,204,1,174.561645508,86.0651626587,1454039428.2,1454039428.23,-12856.0,4826.0,6804.0,-29.0,14.0,16.7951219512,0.101337909698,1454039428.2,260.0,17.5573121097
76,132,124,228,28,205,1,174.914276123,86.2218856812,1454039428.25,1454039428.28,-12614.0,5378.0,6936.0,-28.0,16.0,13.3804878049,0.103223085403,1454039428.3,204.0,19.1147218812
77,132,125,229,28,206,1,175.080657959,86.3388595581,1454039428.3,1454039428.32,-12614.0,5378.0,6936.0,-28.0,16.0,13.3804878049,0.103223085403,1454039428.3,204.0,19.1147218812
78,132,124,229,27,207,1,175.345108032,86.358215332,1454039428.34,1454039428.37,-12466.0,5440.0,7018.0,-31.0,13.0,9.53902439024,0.101548910141,1454039428.4,120.0,20.2784476234
79,132,124,229,27,208,1,175.502746582,86.697593689,1454039428.4,1454039428.42,-12466.0,5440.0,7018.0,-31.0,13.0,9.53902439024,0.101548910141,1454039428.4,120.0,20.2784476234
80,134,124,230,28,209,1,175.510604858,86.6567459106,1454039428.45,1454039428.48,-12408.0,5506.0,6974.0,-29.0,16.0,9.53902439024,0.112430095673,1454039428.51,141.0,21.3509210482
81,134,122,229,27,210,1,175.567550659,86.8982925415,1454039428.5,1454039428.53,-12408.0,5506.0,6974.0,-29.0,16.0,9.53902439024,0.112430095673,1454039428.51,141.0,21.3509210482
82,135,121,230,26,211,1,175.677459717,86.8968353271,1454039428.55,1454039428.57,-12274.0,5216.0,6872.0,-29.0,8.0,11.7951219512,0.0990178585052,1454039428.61,198.0,22.4071517901
83,135,122,230,27,212,1,175.787567139,86.6292877197,1454039428.6,1454039428.63,-12274.0,5216.0,6872.0,-29.0,8.0,11.7951219512,0.0990178585052,1454039428.61,198.0,22.4071517901
84,136,122,232,26,213,1,176.260528564,86.661026001,1454039428.65,1454039428.67,-12364.0,6888.0,6792.0,-24.0,14.0,11.7951219512,0.101623058319,1454039428.72,178.0,23.605808156
85,136,122,233,25,214,1,176.662414551,86.378288269,1454039428.69,1454039428.72,-12364.0,6888.0,6792.0,-24.0,14.0,11.7951219512,0.101623058319,1454039428.72,178.0,23.605808156
86,133,126,232,27,215,1,176.819702148,86.4506072998,1454039428.74,1454039428.77,-12364.0,6888.0,6792.0,-24.0,14.0,11.7951219512,0.101623058319,1454039428.72,178.0,23.605808156
87,133,126,231,28,216,1,177.044616699,86.5630950928,1454039428.79,1454039428.81,-12028.0,6372.0,7062.0,-27.0,21.0,4.6,0.101054906845,1454039428.82,12.0,24.4342119167
88,135,123,233,25,217,1,177.282180786,86.5669784546,1454039428.83,1454039428.86,-12028.0,6372.0,7062.0,-27.0,21.0,4.6,0.101054906845,1454039428.82,12.0,24.4342119167
89,133,126,232,27,218,1,177.444747925,86.7003326416,1454039428.88,1454039428.9,-12182.0,5994.0,6732.0,-29.0,25.0,4.6,0.105005025864,1454039428.92,60.0,24.9172350357
90,135,124,233,26,219,1,177.677444458,86.5128173828,1454039428.92,1454039428.94,-12182.0,5994.0,6732.0,-29.0,25.0,4.6,0.105005025864,1454039428.92,60.0,24.9172350357
91,134,125,234,25,220,1,177.80557251,86.5144500732,1454039428.97,1454039429.0,-12018.0,6532.0,7024.0,-24.0,17.0,9.6,0.104077100754,1454039429.03,152.0,25.6561824511
92,136,122,233,25,221,1,177.967437744,86.5551452637,1454039429.05,1454039429.09,-11832.0,6938.0,6974.0,-29.0,21.0,10.2097560976,0.106544971466,1454039429.13,142.0,26.7114974002
93,134,125,234,25,222,1,178.135177612,86.4401245117,1454039429.11,1454039429.14,-11832.0,6938.0,6974.0,-29.0,21.0,10.2097560976,0.106544971466,1454039429.13,142.0,26.7114974002
94,137,124,235,26,223,1,178.166763306,86.4928817749,1454039429.17,1454039429.19,-11854.0,6748.0,6792.0,-36.0,5.0,10.2097560976,0.0979840755463,1454039429.23,152.0,27.7118909129
95,135,124,234,25,224,1,178.230010986,86.4549102783,1454039429.21,1454039429.24,-11854.0,6748.0,6792.0,-36.0,5.0,10.2097560976,0.0979840755463,1454039429.23,152.0,27.7118909129
96,134,126,234,26,225,1,178.340072632,86.6379547119,1454039429.26,1454039429.28,-11854.0,6748.0,6792.0,-36.0,5.0,10.2097560976,0.0979840755463,1454039429.23,152.0,27.7118909129
97,136,125,233,28,226,1,178.653610229,86.6565856934,1454039429.31,1454039429.33,-11128.0,7172.0,7246.0,-25.0,13.0,10.2097560976,0.101902008057,1454039429.33,205.0,28.752285561
98,136,125,233,28,227,1,178.716583252,86.791885376,1454039429.35,1454039429.37,-11128.0,7172.0,7246.0,-25.0,13.0,10.2097560976,0.101902008057,1454039429.33,205.0,28.752285561
99,137,123,234,26,228,1,178.547637939,87.3743362427,1454039429.4,1454039429.43,-11322.0,7344.0,7034.0,-40.0,-2.0,6.00243902439,0.103376865387,1454039429.44,83.0,29.5902685174
100,138,123,234,27,229,1,178.363876343,87.6112213135,1454039429.46,1454039429.49,-11322.0,7344.0,7034.0,-40.0,-2.0,6.00243902439,0.103376865387,1454039429.44,83.0,29.5902685174
101,136,127,233,30,230,1,177.848495483,87.8114471436,1454039429.51,1454039429.53,-11248.0,7754.0,7056.0,-12.0,41.0,6.00243902439,0.102793931961,1454039429.54,52.0,30.2072828261
102,136,127,233,30,231,1,177.707855225,88.0577545166,1454039429.59,1454039429.61,-11164.0,7306.0,7056.0,-41.0,2.0,8.68536585366,0.101849079132,1454039429.64,127.0,30.9552525267
103,136,126,232,30,232,1,177.61227417,88.4210357666,1454039429.63,1454039429.65,-11164.0,7306.0,7056.0,-41.0,2.0,8.68536585366,0.101849079132,1454039429.64,127.0,30.9552525267
104,136,126,233,29,233,1,177.586181641,88.4623947144,1454039429.68,1454039429.7,-11072.0,8098.0,6912.0,-21.0,31.0,8.68536585366,0.105579137802,1454039429.75,138.0,31.8722459651
105,137,127,231,33,234,1,177.621002197,88.7298583984,1454039429.73,1454039429.75,-11072.0,8098.0,6912.0,-21.0,31.0,8.68536585366,0.105579137802,1454039429.75,138.0,31.8722459651
106,137,126,232,31,235,1,177.610305786,88.6275405884,1454039429.77,1454039429.79,-11072.0,8098.0,6912.0,-21.0,31.0,8.68536585366,0.105579137802,1454039429.75,138.0,31.8722459651
107,137,126,232,31,236,1,177.874221802,89.0230865479,1454039429.82,1454039429.84,-10920.0,8006.0,7088.0,-31.0,11.0,4.17317073171,0.10319185257,1454039429.85,44.0,32.5356940709
108,136,128,233,31,237,1,178.353103638,89.2937774658,1454039429.86,1454039429.88,-10920.0,8006.0,7088.0,-31.0,11.0,4.17317073171,0.10319185257,1454039429.85,44.0,32.5356940709
109,137,127,232,32,238,1,178.676483154,89.5556182861,1454039429.91,1454039429.93,-11016.0,8096.0,6896.0,-27.0,19.0,4.17317073171,0.10159611702,1454039429.95,53.0,32.9596720129
110,139,126,235,30,239,1,178.906494141,89.912612915,1454039429.96,1454039429.98,-11016.0,8096.0,6896.0,-27.0,19.0,4.17317073171,0.10159611702,1454039429.95,53.0,32.9596720129
111,138,127,234,31,240,1,179.235351562,89.6090927124,1454039430.01,1454039430.03,-10874.0,7958.0,7048.0,-27.0,22.0,5.20975609756,0.103123903275,1454039430.05,70.0,33.4434740322
112,138,127,234,31,241,1,179.397705078,89.8005981445,1454039430.05,1454039430.07,-10874.0,7958.0,7048.0,-27.0,22.0,5.20975609756,0.103123903275,1454039430.05,70.0,33.4434740322
113,137,129,235,31,242,1,179.541137695,89.955947876,1454039430.1,1454039430.13,-10732.0,7952.0,7106.0,-34.0,12.0,7.28292682927,0.108654022217,1454039430.16,104.0,34.1221641564
114,138,128,235,31,243,1,179.641418457,89.848274231,1454039430.15,1454039430.17,-10732.0,7952.0,7106.0,-34.0,12.0,7.28292682927,0.108654022217,1454039430.16,104.0,34.1221641564
115,138,128,235,31,244,1,179.753631592,90.0238876343,1454039430.19,1454039430.22,-10702.0,8584.0,6964.0,-28.0,16.0,11.3073170732,0.101021051407,1454039430.26,170.0,35.0611671488
116,136,130,234,32,245,1,179.915435791,89.9178924561,1454039430.24,1454039430.26,-10702.0,8584.0,6964.0,-28.0,16.0,11.3073170732,0.101021051407,1454039430.26,170.0,35.0611671488
117,136,130,235,31,246,1,180.089660645,89.7381362915,1454039430.29,1454039430.31,-10702.0,8584.0,6964.0,-28.0,16.0,11.3073170732,0.101021051407,1454039430.26,170.0,35.0611671488
118,137,130,235,32,247,1,180.543655396,89.4802246094,1454039430.33,1454039430.35,-10456.0,8706.0,7034.0,-24.0,16.0,11.3073170732,0.101371049881,1454039430.36,210.0,36.2074017519
119,136,131,235,32,248,1,180.791122437,89.414604187,1454039430.38,1454039430.4,-10456.0,8706.0,7034.0,-24.0,16.0,11.3073170732,0.101371049881,1454039430.36,210.0,36.2074017519
120,137,130,234,33,249,1,181.07321167,89.3779296875,1454039430.42,1454039430.45,-10038.0,8870.0,7242.0,-29.0,15.0,10.7585365854,0.102024793625,1454039430.47,161.0,37.3330338347
121,138,129,237,30,250,1,181.756866455,89.5176773071,1454039430.47,1454039430.49,-10038.0,8870.0,7242.0,-29.0,15.0,10.7585365854,0.102024793625,1454039430.47,161.0,37.3330338347
122,139,129,238,30,251,1,182.131942749,89.4133605957,1454039430.51,1454039430.54,-10074.0,9504.0,6966.0,-26.0,14.0,6.61219512195,0.102208137512,1454039430.57,93.0,38.2207489022
123,138,129,238,29,252,1,182.544799805,89.395652771,1454039430.56,1454039430.58,-10074.0,9504.0,6966.0,-26.0,14.0,6.61219512195,0.102208137512,1454039430.57,93.0,38.2207489022
124,137,131,238,30,253,1,183.50970459,89.3728179932,1454039430.6,1454039430.62,-10074.0,9504.0,6966.0,-26.0,14.0,6.61219512195,0.102208137512,1454039430.57,93.0,38.2207489022
125,139,132,240,31,254,1,183.948959351,89.2931518555,1454039430.65,1454039430.67,-10020.0,9150.0,7048.0,-26.0,20.0,-0.0951219512195,0.102459907532,1454039430.67,-17.0,38.5546182595
126,137,134,240,31,255,1,184.766174316,89.1845474243,1454039430.69,1454039430.72,-10020.0,9150.0,7048.0,-26.0,20.0,-0.0951219512195,0.102459907532,1454039430.67,-17.0,38.5546182595
127,136,135,239,32,256,1,185.140533447,89.289642334,1454039430.74,1454039430.76,-10094.0,9124.0,7028.0,-31.0,14.0,-0.0951219512195,0.106537103653,1454039430.78,-17.0,38.5444842423
128,139,132,241,30,257,1,185.468231201,89.2238616943,1454039430.78,1454039430.8,-10094.0,9124.0,7028.0,-31.0,14.0,-0.0951219512195,0.106537103653,1454039430.78,-17.0,38.5444842423
129,139,131,242,28,258,1,185.686706543,89.0794448853,1454039430.82,1454039430.85,-10016.0,9142.0,7012.0,-26.0,21.0,-0.0951219512195,0.102517843246,1454039430.88,-17.0,38.534732545
130,140,131,242,29,259,1,186.020309448,89.291015625,1454039430.87,1454039430.89,-10016.0,9142.0,7012.0,-26.0,21.0,-0.0951219512195,0.102517843246,1454039430.88,-17.0,38.534732545
131,140,132,242,30,260,1,186.101501465,89.2773895264,1454039430.91,1454039430.94,-10012.0,9120.0,7044.0,-25.0,19.0,-0.460975609756,0.102123022079,1454039430.98,-23.0,38.5063373633
132,140,132,243,29,261,1,186.059326172,89.2199249268,1454039430.96,1454039430.99,-10012.0,9120.0,7044.0,-25.0,19.0,-0.460975609756,0.102123022079,1454039430.98,-23.0,38.5063373633
133,140,132,242,30,262,1,186.008209229,89.2627182007,1454039431.01,1454039431.04,-10094.0,9222.0,7048.0,-30.0,14.0,-2.04634146341,0.102651119232,1454039431.08,-67.0,38.3776479113
134,138,132,241,29,263,1,185.931976318,89.019317627,1454039431.07,1454039431.11,-10094.0,9222.0,7048.0,-30.0,14.0,-2.04634146341,0.102651119232,1454039431.08,-67.0,38.3776479113
135,139,131,242,28,264,1,185.775405884,89.2500076294,1454039431.14,1454039431.17,-10136.0,8844.0,7034.0,-25.0,21.0,-2.04634146341,0.102436065674,1454039431.19,-49.0,38.1680287428
136,138,132,241,29,265,1,185.715026855,89.1305923462,1454039431.19,1454039431.21,-10136.0,8844.0,7034.0,-25.0,21.0,-2.04634146341,0.102436065674,1454039431.19,-49.0,38.1680287428
137,138,131,241,28,266,1,185.623306274,88.9670715332,1454039431.23,1454039431.26,-10092.0,9070.0,7120.0,-30.0,16.0,-2.04634146341,0.103819847107,1454039431.29,-31.0,37.9555778849
138,138,133,241,30,267,1,185.492248535,89.0788421631,1454039431.28,1454039431.33,-10092.0,9070.0,7120.0,-30.0,16.0,-2.04634146341,0.103819847107,1454039431.29,-31.0,37.9555778849
139,137,132,240,29,268,1,185.497039795,88.9014053345,1454039431.36,1454039431.38,-10112.0,9014.0,7132.0,-26.0,19.0,-4.54634146341,0.105077981949,1454039431.4,-90.0,37.6092049762
140,138,131,241,28,269,1,185.560821533,88.9086532593,1454039431.41,1454039431.43,-10112.0,9014.0,7132.0,-26.0,19.0,-4.54634146341,0.105077981949,1454039431.4,-90.0,37.6092049762
141,138,132,241,29,270,1,185.641143799,88.9584884644,1454039431.45,1454039431.48,-10314.0,8932.0,6978.0,-28.0,19.0,-7.96097560976,0.102210998535,1454039431.5,-146.0,36.9700122926
142,138,132,241,29,271,1,185.737060547,88.9114990234,1454039431.5,1454039431.52,-10314.0,8932.0,6978.0,-28.0,19.0,-7.96097560976,0.102210998535,1454039431.5,-146.0,36.9700122926
143,138,131,241,28,272,1,185.986557007,89.0443572998,1454039431.54,1454039431.57,-10498.0,8986.0,6850.0,-26.0,19.0,-7.96097560976,0.10543012619,1454039431.6,-158.0,36.1306856295
144,138,132,241,29,273,1,186.029983521,89.0747528076,1454039431.59,1454039431.61,-10498.0,8986.0,6850.0,-26.0,19.0,-7.96097560976,0.10543012619,1454039431.6,-158.0,36.1306856295
145,139,131,242,28,274,1,186.097366333,89.2782669067,1454039431.64,1454039431.66,-10550.0,8578.0,6910.0,-30.0,14.0,-6.31463414634,0.0992748737335,1454039431.7,-119.0,35.4220809515
146,141,131,242,30,275,1,186.13734436,89.2806549072,1454039431.68,1454039431.71,-10550.0,8578.0,6910.0,-30.0,14.0,-6.31463414634,0.0992748737335,1454039431.7,-119.0,35.4220809515
147,142,131,243,30,276,1,186.189102173,89.4609680176,1454039431.73,1454039431.75,-10550.0,8578.0,6910.0,-30.0,14.0,-6.31463414634,0.0992748737335,1454039431.7,-119.0,35.4220809515
148,140,131,241,30,277,1,186.062896729,89.5662994385,1454039431.78,1454039431.8,-10666.0,8382.0,7030.0,-29.0,16.0,-3.93658536585,0.103363990784,1454039431.81,-80.0,34.8922774719
149,139,131,242,28,278,1,185.947509766,89.7343444824,1454039431.82,1454039431.84,-10666.0,8382.0,7030.0,-29.0,16.0,-3.93658536585,0.103363990784,1454039431.81,-80.0,34.8922774719
150,138,133,240,31,279,1,185.841751099,89.8136291504,1454039431.86,1454039431.89,-10706.0,8492.0,6988.0,-29.0,14.0,-3.93658536585,0.101874113083,1454039431.91,-63.0,34.4912413292
151,139,132,241,30,280,1,185.670532227,89.9027252197,1454039431.92,1454039431.94,-10706.0,8492.0,6988.0,-29.0,14.0,-3.93658536585,0.101874113083,1454039431.91,-63.0,34.4912413292
152,140,130,241,29,281,1,185.636108398,89.9507522583,1454039431.96,1454039431.99,-10744.0,8332.0,7046.0,-30.0,16.0,-4.54634146341,0.106055021286,1454039432.01,-93.0,34.0414128365
153,140,130,241,29,282,1,185.576812744,89.9178009033,1454039432.01,1454039432.04,-10744.0,8332.0,7046.0,-30.0,16.0,-4.54634146341,0.106055021286,1454039432.01,-93.0,34.0414128365
154,141,130,242,29,283,1,185.53012085,89.918182373,1454039432.06,1454039432.09,-10818.0,8142.0,6990.0,-28.0,15.0,-4.72926829268,0.103121042252,1454039432.12,-90.0,33.5631575637
155,138,132,240,30,284,1,185.556365967,89.8070907593,1454039432.11,1454039432.13,-10818.0,8142.0,6990.0,-28.0,15.0,-4.72926829268,0.103121042252,1454039432.12,-90.0,33.5631575637
156,139,133,241,31,285,1,185.583557129,89.6715011597,1454039432.16,1454039432.18,-10882.0,8518.0,7018.0,-32.0,9.0,-11.3146341463,0.102602958679,1454039432.22,-201.0,32.7400816342
157,139,132,241,30,286,1,185.557678223,89.8121337891,1454039432.2,1454039432.23,-10882.0,8518.0,7018.0,-32.0,9.0,-11.3146341463,0.102602958679,1454039432.22,-201.0,32.7400816342
158,139,131,242,28,287,1,185.578460693,89.7161254883,1454039432.25,1454039432.27,-10882.0,8518.0,7018.0,-32.0,9.0,-11.3146341463,0.102602958679,1454039432.22,-201.0,32.7400816342
159,139,133,241,31,288,1,185.598876953,89.8424987793,1454039432.3,1454039432.32,-11100.0,7954.0,7134.0,-36.0,11.0,-27.3512195122,0.101660966873,1454039432.32,-464.0,30.7746776002
160,139,132,241,30,289,1,185.487487793,89.6712341309,1454039432.34,1454039432.37,-11100.0,7954.0,7134.0,-36.0,11.0,-27.3512195122,0.101660966873,1454039432.32,-464.0,30.7746776002
161,138,132,240,30,290,1,185.376312256,89.6957778931,1454039432.39,1454039432.42,-11594.0,7564.0,6932.0,-17.0,35.0,-32.9609756098,0.106682062149,1454039432.43,-556.0,27.557562926
162,138,132,240,30,291,1,185.319854736,89.8130874634,1454039432.48,1454039432.52,-11834.0,7028.0,6970.0,-30.0,15.0,-32.9609756098,0.1021900177,1454039432.53,-589.0,24.1892802451
163,137,133,241,29,292,1,185.122131348,89.7484817505,1454039432.54,1454039432.56,-11834.0,7028.0,6970.0,-30.0,15.0,-32.9609756098,0.1021900177,1454039432.53,-589.0,24.1892802451
164,138,132,240,30,293,1,185.001037598,89.9225997925,1454039432.58,1454039432.61,-12324.0,5200.0,7124.0,-40.0,6.0,-29.6073170732,0.102991819382,1454039432.63,-501.0,20.9672690956
165,139,132,242,29,294,1,184.67628479,89.9349136353,1454039432.63,1454039432.66,-12324.0,5200.0,7124.0,-40.0,6.0,-29.6073170732,0.102991819382,1454039432.63,-501.0,20.9672690956
166,140,131,241,30,295,1,184.41267395,89.9853210449,1454039432.68,1454039432.71,-12536.0,4768.0,6926.0,-35.0,10.0,-24.3024390244,0.101560115814,1454039432.74,-414.0,18.2297285592
167,141,129,241,29,296,1,183.637359619,89.9216995239,1454039432.73,1454039432.75,-12536.0,4768.0,6926.0,-35.0,10.0,-24.3024390244,0.101560115814,1454039432.74,-414.0,18.2297285592
168,140,129,239,30,297,1,183.438613892,89.990020752,1454039432.77,1454039432.8,-13014.0,5032.0,6728.0,-31.0,15.0,-22.0463414634,0.112721920013,1454039432.85,-352.0,15.6174667957
169,141,128,240,29,298,1,183.11831665,89.9198150635,1454039432.82,1454039432.85,-13014.0,5032.0,6728.0,-31.0,15.0,-22.0463414634,0.112721920013,1454039432.85,-352.0,15.6174667957
170,140,127,239,28,299,1,182.952957153,89.9419021606,1454039432.87,1454039432.9,-13022.0,3828.0,6912.0,-21.0,33.0,-21.2536585366,0.0964350700378,1454039432.94,-377.0,13.5296475294
171,141,127,239,29,300,1,182.554443359,89.8951416016,1454039432.93,1454039432.95,-13022.0,3828.0,6912.0,-21.0,33.0,-21.2536585366,0.0964350700378,1454039432.94,-377.0,13.5296475294
172,139,128,237,30,301,1,182.32069397,89.8572845459,1454039432.97,1454039433.0,-13206.0,3518.0,6958.0,-31.0,1.0,-22.0463414634,0.100466966629,1454039433.04,-364.0,11.3545377019
173,137,129,235,31,302,1,182.128143311,89.856628418,1454039433.02,1454039433.04,-13206.0,3518.0,6958.0,-31.0,1.0,-22.0463414634,0.100466966629,1454039433.04,-364.0,11.3545377019
174,138,129,236,31,303,1,181.575561523,89.5855560303,1454039433.06,1454039433.08,-13206.0,3518.0,6958.0,-31.0,1.0,-22.0463414634,0.100466966629,1454039433.04,-364.0,11.3545377019
175,139,127,236,30,304,1,181.374816895,89.6339111328,1454039433.11,1454039433.13,-13166.0,2762.0,7062.0,-28.0,29.0,-23.4487804878,0.104171991348,1454039433.15,-439.0,8.98487897675
176,139,125,235,29,305,1,180.798278809,89.477973938,1454039433.16,1454039433.18,-13166.0,2762.0,7062.0,-28.0,29.0,-23.4487804878,0.104171991348,1454039433.15,-439.0,8.98487897675
177,139,125,236,28,306,1,180.444580078,89.6375961304,1454039433.21,1454039433.23,-13448.0,1750.0,6966.0,-36.0,24.0,-23.4487804878,0.102943897247,1454039433.25,-400.0,6.57097012764
178,138,126,235,29,307,1,179.775283813,89.512298584,1454039433.25,1454039433.28,-13448.0,1750.0,6966.0,-36.0,24.0,-23.4487804878,0.102943897247,1454039433.25,-400.0,6.57097012764
179,138,127,234,31,308,1,179.496582031,89.6031265259,1454039433.3,1454039433.32,-13588.0,1360.0,6872.0,-30.0,12.0,-19.7902439024,0.103000164032,1454039433.35,-329.0,4.34415682525
180,138,125,233,30,309,1,179.276428223,89.8167190552,1454039433.35,1454039433.37,-13588.0,1360.0,6872.0,-30.0,12.0,-19.7902439024,0.103000164032,1454039433.35,-329.0,4.34415682525
181,137,126,232,31,310,1,178.626235962,89.4851913452,1454039433.4,1454039433.42,-13588.0,890.0,6970.0,-32.0,21.0,-19.7902439024,0.102535963058,1454039433.46,-340.0,2.31494510755
182,138,125,234,29,311,1,178.44442749,89.6913299561,1454039433.44,1454039433.47,-13588.0,890.0,6970.0,-32.0,21.0,-19.7902439024,0.102535963058,1454039433.46,-340.0,2.31494510755
183,138,126,234,30,312,1,178.049362183,89.5252380371,1454039433.49,1454039433.52,-13412.0,306.0,7012.0,-29.0,8.0,-19.7902439024,0.10254406929,1454039433.56,-395.0,0.285572965552
184,137,126,232,31,313,1,177.919525146,89.3961334229,1454039433.54,1454039433.56,-13412.0,306.0,7012.0,-29.0,8.0,-19.7902439024,0.10254406929,1454039433.56,-395.0,0.285572965552
185,138,125,234,29,314,1,177.852218628,89.5743942261,1454039433.58,1454039433.61,-13412.0,306.0,7012.0,-29.0,8.0,-19.7902439024,0.10254406929,1454039433.56,-395.0,0.285572965552
186,138,126,233,31,315,1,177.709960938,89.2460784912,1454039433.63,1454039433.66,-13268.0,-128.0,7216.0,-32.0,5.0,-19.3634146341,0.105451822281,1454039433.67,-333.0,-1.77883935527
187,137,126,233,30,316,1,177.554229736,89.15625,1454039433.68,1454039433.7,-13268.0,-128.0,7216.0,-32.0,5.0,-19.3634146341,0.105451822281,1454039433.67,-333.0,-1.77883935527
188,136,126,232,30,317,1,177.329223633,89.0589675903,1454039433.73,1454039433.76,-13562.0,-466.0,6824.0,-29.0,14.0,-16.4975609756,0.102495193481,1454039433.77,-286.0,-3.61662817205
189,136,126,233,29,318,1,177.199005127,88.9120330811,1454039433.78,1454039433.8,-13562.0,-466.0,6824.0,-29.0,14.0,-16.4975609756,0.102495193481,1454039433.77,-286.0,-3.61662817205
190,137,123,232,28,319,1,177.064758301,88.8155136108,1454039433.82,1454039433.85,-13618.0,-834.0,6998.0,-30.0,15.0,-16.4975609756,0.101835012436,1454039433.87,-276.0,-5.29665749916
191,136,126,232,30,320,1,176.658859253,88.6230392456,1454039433.92,1454039433.95,-13578.0,-1206.0,6956.0,-32.0,13.0,-16.3756097561,0.106600999832,1454039433.98,-322.0,-7.04881393299
192,138,124,233,29,321,1,176.55166626,88.4614562988,1454039433.98,1454039434.0,-13578.0,-1206.0,6956.0,-32.0,13.0,-16.3756097561,0.106600999832,1454039433.98,-322.0,-7.04881393299
193,138,123,232,29,322,1,176.07208252,88.4895706177,1454039434.03,1454039434.05,-13452.0,-1686.0,6916.0,-32.0,11.0,-16.3756097561,0.103379964828,1454039434.08,-284.0,-8.74172389362
194,136,124,230,30,323,1,175.891403198,88.3481292725,1454039434.07,1454039434.1,-13452.0,-1686.0,6916.0,-32.0,11.0,-16.3756097561,0.103379964828,1454039434.08,-284.0,-8.74172389362
195,134,124,228,30,324,1,175.518753052,88.1962432861,1454039434.12,1454039434.14,-13548.0,-2556.0,6902.0,-32.0,19.0,-13.8146341463,0.104146957397,1454039434.18,-242.0,-10.3138349164
196,134,125,227,32,325,1,174.852294922,88.1082687378,1454039434.16,1454039434.19,-13548.0,-2556.0,6902.0,-32.0,19.0,-13.8146341463,0.104146957397,1454039434.18,-242.0,-10.3138349164
197,137,122,230,29,326,1,174.734298706,88.2114868164,1454039434.21,1454039434.23,-13548.0,-2556.0,6902.0,-32.0,19.0,-13.8146341463,0.104146957397,1454039434.18,-242.0,-10.3138349164
198,135,122,228,29,327,1,174.461700439,88.1353912354,1454039434.25,1454039434.28,-13372.0,-2646.0,6902.0,-28.0,14.0,-12.9,0.0997500419617,1454039434.28,-227.0,-11.6462278549
199,134,124,228,30,328,1,174.423095703,87.9971237183,1454039434.3,1454039434.33,-13372.0,-2646.0,6902.0,-28.0,14.0,-12.9,0.0997500419617,1454039434.28,-227.0,-11.6462278549
200,134,123,228,29,329,1,174.435333252,88.0456008911,1454039434.35,1454039434.37,-13336.0,-2994.0,7014.0,-30.0,11.0,-11.0097560976,0.102485895157,1454039434.39,-196.0,-12.8714342332
201,133,125,228,30,330,1,174.485336304,87.9245376587,1454039434.39,1454039434.41,-13336.0,-2994.0,7014.0,-30.0,11.0,-11.0097560976,0.102485895157,1454039434.39,-196.0,-12.8714342332
202,134,123,228,29,331,1,174.537185669,87.8517074585,1454039434.43,1454039434.46,-13390.0,-3336.0,6868.0,-29.0,18.0,-10.156097561,0.111634016037,1454039434.5,-182.0,-14.0528488566
203,134,123,228,29,332,1,174.576004028,87.962890625,1454039434.48,1454039434.52,-13390.0,-3336.0,6868.0,-29.0,18.0,-10.156097561,0.111634016037,1454039434.5,-182.0,-14.0528488566
204,134,123,228,29,333,1,174.539428711,87.7786712646,1454039434.55,1454039434.58,-13302.0,-3536.0,6930.0,-27.0,7.0,-9.97317073171,0.0942010879517,1454039434.59,-172.0,-15.000948343
205,134,123,228,29,334,1,174.623855591,87.772102356,1454039434.6,1454039434.62,-13302.0,-3536.0,6930.0,-27.0,7.0,-9.97317073171,0.0942010879517,1454039434.59,-172.0,-15.000948343
206,136,122,229,29,335,1,174.624389648,87.8870391846,1454039434.64,1454039434.67,-13236.0,-3602.0,6848.0,-28.0,16.0,-9.97317073171,0.105231046677,1454039434.7,-179.0,-16.0504355378
207,134,124,228,30,336,1,174.666290283,87.8178405762,1454039434.7,1454039434.72,-13236.0,-3602.0,6848.0,-28.0,16.0,-9.97317073171,0.105231046677,1454039434.7,-179.0,-16.0504355378
208,135,123,229,29,337,1,174.54107666,87.8986740112,1454039434.74,1454039434.76,-12860.0,-3944.0,6990.0,-29.0,7.0,-10.8268292683,0.103173971176,1454039434.8,-194.0,-17.1234448381
209,135,122,228,29,338,1,174.492095947,87.8646011353,1454039434.78,1454039434.81,-12860.0,-3944.0,6990.0,-29.0,7.0,-10.8268292683,0.103173971176,1454039434.8,-194.0,-17.1234448381
210,134,123,227,30,339,1,174.400665283,87.7880172729,1454039434.83,1454039434.85,-12860.0,-3944.0,6990.0,-29.0,7.0,-10.8268292683,0.103173971176,1454039434.8,-194.0,-17.1234448381
211,134,123,227,30,340,1,174.42489624,87.7864532471,1454039434.88,1454039434.91,-13004.0,-4518.0,7082.0,-31.0,15.0,-10.8268292683,0.101553916931,1454039434.9,-193.0,-18.2229517582
212,134,123,227,30,341,1,174.514129639,87.8140335083,1454039434.96,1454039434.98,-13048.0,-4570.0,6958.0,-32.0,19.0,-6.43658536585,0.1038210392,1454039435.01,-121.0,-19.1191045819
213,132,124,226,30,342,1,174.645095825,87.7485580444,1454039435.02,1454039435.04,-13048.0,-4570.0,6958.0,-32.0,19.0,-6.43658536585,0.1038210392,1454039435.01,-121.0,-19.1191045819
214,135,124,228,31,343,1,174.73727417,87.8842010498,1454039435.07,1454039435.1,-12966.0,-4702.0,6818.0,-30.0,11.0,-3.26585365854,0.102220058441,1454039435.11,-69.0,-19.614996524
215,134,125,227,32,344,1,174.965332031,87.914680481,1454039435.13,1454039435.15,-12966.0,-4702.0,6818.0,-30.0,11.0,-3.26585365854,0.102220058441,1454039435.11,-69.0,-19.614996524
216,135,123,228,30,345,1,175.071746826,87.8750305176,1454039435.18,1454039435.21,-12878.0,-4474.0,6974.0,-27.0,10.0,-3.26585365854,0.105393886566,1454039435.21,-63.0,-19.959197534
217,136,122,229,29,346,1,175.183258057,87.9354248047,1454039435.23,1454039435.25,-12878.0,-4474.0,6974.0,-27.0,10.0,-3.26585365854,0.105393886566,1454039435.21,-63.0,-19.959197534
218,136,122,229,29,347,1,175.287139893,87.8022155762,1454039435.27,1454039435.3,-12858.0,-4546.0,7004.0,-30.0,11.0,-6.19268292683,0.102454900742,1454039435.32,-117.0,-20.4437342475
219,137,121,230,28,348,1,175.433654785,87.8715362549,1454039435.32,1454039435.35,-12858.0,-4546.0,7004.0,-30.0,11.0,-6.19268292683,0.102454900742,1454039435.32,-117.0,-20.4437342475
220,136,122,230,28,349,1,175.508590698,87.7361602783,1454039435.37,1454039435.4,-12924.0,-4964.0,6880.0,-33.0,22.0,-6.19268292683,0.102391004562,1454039435.42,-126.0,-21.0778092733
221,137,122,230,29,350,1,175.795501709,87.7477493286,1454039435.42,1454039435.45,-12924.0,-4964.0,6880.0,-33.0,22.0,-6.19268292683,0.102391004562,1454039435.42,-126.0,-21.0778092733
222,135,124,229,30,351,1,175.836029053,87.7557525635,1454039435.47,1454039435.5,-12712.0,-5100.0,7132.0,-25.0,8.0,-3.81463414634,0.104948043823,1454039435.52,-78.0,-21.6029334487
223,137,123,231,29,352,1,176.108078003,87.9369354248,1454039435.53,1454039435.55,-12712.0,-5100.0,7132.0,-25.0,8.0,-3.81463414634,0.104948043823,1454039435.52,-78.0,-21.6029334487
224,134,125,230,29,357,1,189.25,92.75,1454039435.57,1454039435.79,-12748.0,-5426.0,6920.0,-31.0,16.0,-4.11951219512,0.1069419384,1454039435.83,-83.0,-22.833009844
225,138,120,233,25,358,1,189.318481445,92.3111343384,1454039435.81,1454039435.84,-12748.0,-5426.0,6920.0,-31.0,16.0,-4.11951219512,0.1069419384,1454039435.83,-83.0,-22.833009844
226,136,122,231,27,359,1,189.368515015,92.1267242432,1454039435.86,1454039435.88,-12626.0,-5424.0,7054.0,-26.0,8.0,-4.11951219512,0.0986778736115,1454039435.93,-46.0,-23.2395145477
227,135,122,231,26,360,1,189.438980103,91.8868103027,1454039435.9,1454039435.93,-12626.0,-5424.0,7054.0,-26.0,8.0,-4.11951219512,0.0986778736115,1454039435.93,-46.0,-23.2395145477
228,135,124,233,26,361,1,189.466812134,91.7751464844,1454039435.95,1454039435.97,-12626.0,-5424.0,7054.0,-26.0,8.0,-4.11951219512,0.0986778736115,1454039435.93,-46.0,-23.2395145477
229,131,126,231,26,364,1,184.666671753,88.3333358765,1454039436.0,1454039436.12,-12612.0,-5686.0,7018.0,-28.0,14.0,-2.65609756098,0.101251840591,1454039436.14,-59.0,-23.8687292538
230,132,126,229,29,365,1,184.512252808,88.0998153687,1454039436.16,1454039436.2,-12588.0,-5598.0,7062.0,-30.0,23.0,-0.217073170732,0.105406045914,1454039436.24,-14.0,-24.0201540368
231,130,127,228,29,366,1,184.354019165,87.7283554077,1454039436.24,1454039436.28,-12588.0,-5598.0,7062.0,-30.0,23.0,-0.217073170732,0.105406045914,1454039436.24,-14.0,-24.0201540368
232,130,126,228,28,367,1,184.388870239,87.5279769897,1454039436.3,1454039436.32,-12598.0,-5626.0,6940.0,-24.0,9.0,0.0878048780488,0.0992579460144,1454039436.34,-19.0,-24.0265694894
233,131,126,229,28,368,1,184.493453979,87.3477172852,1454039436.34,1454039436.37,-12598.0,-5626.0,6940.0,-24.0,9.0,0.0878048780488,0.0992579460144,1454039436.34,-19.0,-24.0265694894
234,130,125,228,27,369,1,184.797103882,87.2624511719,1454039436.39,1454039436.41,-12540.0,-5570.0,7116.0,-31.0,27.0,0.453658536585,0.10512804985,1454039436.45,-8.0,-23.998107993
235,132,125,231,26,370,1,185.14805603,87.1454544067,1454039436.43,1454039436.46,-12540.0,-5570.0,7116.0,-31.0,27.0,0.453658536585,0.10512804985,1454039436.45,-8.0,-23.998107993
236,133,123,230,26,371,1,185.236373901,86.9559402466,1454039436.48,1454039436.5,-12540.0,-5570.0,7116.0,-31.0,27.0,0.453658536585,0.10512804985,1454039436.45,-8.0,-23.998107993
237,131,125,230,26,372,1,185.257873535,86.6601791382,1454039436.52,1454039436.55,-13172.0,-7720.0,5898.0,-39.0,48.0,13.5634146341,0.103402137756,1454039436.55,207.0,-23.2734103276
238,130,127,231,26,373,1,185.579788208,86.3197555542,1454039436.57,1454039436.6,-13172.0,-7720.0,5898.0,-39.0,48.0,13.5634146341,0.103402137756,1454039436.55,207.0,-23.2734103276
239,130,127,232,25,374,1,185.81010437,86.2377853394,1454039436.62,1454039436.65,-12974.0,-5066.0,6960.0,-26.0,31.0,27.0390243902,0.102937936783,1454039436.66,428.0,-21.1836446768
240,130,126,232,24,375,1,186.020858765,86.0730895996,1454039436.67,1454039436.69,-12974.0,-5066.0,6960.0,-26.0,31.0,27.0390243902,0.102937936783,1454039436.66,428.0,-21.1836446768
241,130,127,232,25,376,1,186.309509277,86.115234375,1454039436.71,1454039436.74,-13178.0,-4516.0,6430.0,-25.0,32.0,48.0146341463,0.10192489624,1454039436.76,772.0,-17.3587264974
242,130,127,232,25,377,1,186.313766479,86.1153335571,1454039436.76,1454039436.79,-13178.0,-4516.0,6430.0,-25.0,32.0,48.0146341463,0.10192489624,1454039436.76,772.0,-17.3587264974
243,130,127,232,25,378,1,186.282394409,86.1624526978,1454039436.81,1454039436.84,-13204.0,-1032.0,6914.0,-23.0,20.0,48.0146341463,0.102352142334,1454039436.86,916.0,-12.4443258291
244,130,127,233,24,379,1,186.206954956,86.3238220215,1454039436.86,1454039436.88,-13204.0,-1032.0,6914.0,-23.0,20.0,48.0146341463,0.102352142334,1454039436.86,916.0,-12.4443258291
245,129,127,231,25,380,1,186.156692505,86.3528823853,1454039436.9,1454039436.93,-13404.0,-858.0,7116.0,-27.0,24.0,20.8195121951,0.102735996246,1454039436.96,326.0,-8.90845352906
246,129,127,230,26,381,1,185.863647461,86.5131530762,1454039436.95,1454039436.98,-13404.0,-858.0,7116.0,-27.0,24.0,20.8195121951,0.102735996246,1454039436.96,326.0,-8.90845352906
247,129,127,231,25,382,1,185.727905273,86.4891357422,1454039437.0,1454039437.02,-13648.0,-922.0,6856.0,-25.0,10.0,3.01463414634,0.102364063263,1454039437.06,34.0,-7.6885734971
248,130,127,231,26,383,1,185.862548828,86.6910705566,1454039437.04,1454039437.07,-13648.0,-922.0,6856.0,-25.0,10.0,3.01463414634,0.102364063263,1454039437.06,34.0,-7.6885734971
249,131,127,232,26,384,1,186.104568481,86.7764282227,1454039437.09,1454039437.11,-13648.0,-922.0,6856.0,-25.0,10.0,3.01463414634,0.102364063263,1454039437.06,34.0,-7.6885734971
250,130,127,231,26,385,1,186.403686523,86.7457885742,1454039437.14,1454039437.17,-13558.0,-1028.0,6704.0,-25.0,19.0,0.148780487805,0.106733798981,1454039437.17,-13.0,-7.51975186627
251,132,127,233,26,386,1,186.929443359,86.9811401367,1454039437.19,1454039437.21,-13558.0,-1028.0,6704.0,-25.0,19.0,0.148780487805,0.106733798981,1454039437.17,-13.0,-7.51975186627
252,131,127,232,26,387,1,187.029006958,87.0598373413,1454039437.23,1454039437.27,-13454.0,-1370.0,7000.0,-29.0,20.0,0.148780487805,0.102365016937,1454039437.27,-14.0,-7.50452194912
253,131,127,232,26,388,1,186.970901489,86.9988479614,1454039437.3,1454039437.32,-13454.0,-1370.0,7000.0,-29.0,20.0,0.148780487805,0.102365016937,1454039437.27,-14.0,-7.50452194912
254,132,127,232,27,389,1,186.714767456,87.1584854126,1454039437.34,1454039437.37,-13668.0,-1208.0,6530.0,-33.0,7.0,4.17317073171,0.102274179459,1454039437.38,53.0,-7.2835099418
255,132,126,231,27,390,1,186.580062866,87.1934204102,1454039437.39,1454039437.41,-13668.0,-1208.0,6530.0,-33.0,7.0,4.17317073171,0.102274179459,1454039437.38,53.0,-7.2835099418
256,132,126,232,26,391,1,186.507400513,87.2393188477,1454039437.44,1454039437.47,-13630.0,-970.0,6952.0,-26.0,26.0,5.75853658537,0.102840900421,1454039437.48,177.0,-6.7728170802
257,132,125,231,26,392,1,186.498657227,87.2577896118,1454039437.49,1454039437.51,-13630.0,-970.0,6952.0,-26.0,26.0,5.75853658537,0.102840900421,1454039437.48,177.0,-6.7728170802
258,132,125,231,26,393,1,186.496826172,87.3023452759,1454039437.53,1454039437.56,-13662.0,-476.0,6938.0,-27.0,16.0,5.75853658537,0.10294508934,1454039437.58,79.0,-6.18000401695
259,132,126,231,27,394,1,186.436325073,87.2437820435,1454039437.59,1454039437.61,-13662.0,-476.0,6938.0,-27.0,16.0,5.75853658537,0.10294508934,1454039437.58,79.0,-6.18000401695
260,132,126,231,27,395,1,186.190490723,87.2745285034,1454039437.63,1454039437.66,-13620.0,-844.0,6900.0,-29.0,9.0,-0.948780487805,0.103462934494,1454039437.69,-31.0,-5.93118827692
261,132,126,231,27,396,1,186.08001709,87.3434066772,1454039437.68,1454039437.7,-13620.0,-844.0,6900.0,-29.0,9.0,-0.948780487805,0.103462934494,1454039437.69,-31.0,-5.93118827692
262,133,123,229,27,397,1,185.830245972,87.3531417847,1454039437.72,1454039437.75,-13666.0,-398.0,6928.0,-26.0,23.0,-7.71707317073,0.104263067245,1454039437.79,-142.0,-6.38295251829
263,132,126,230,28,398,1,185.781326294,87.5082778931,1454039437.79,1454039437.84,-13666.0,-398.0,6928.0,-26.0,23.0,-7.71707317073,0.104263067245,1454039437.79,-142.0,-6.38295251829
264,133,125,230,28,399,1,185.788131714,87.5368652344,1454039437.86,1454039437.9,-13612.0,-1298.0,6992.0,-30.0,28.0,-7.71707317073,0.104745864868,1454039437.89,-146.0,-7.19128402181
265,133,125,230,28,400,1,185.775802612,87.5822143555,1454039437.92,1454039437.94,-13612.0,-1298.0,6992.0,-30.0,28.0,-7.71707317073,0.104745864868,1454039437.89,-146.0,-7.19128402181
266,132,127,231,28,401,1,185.74546814,87.7511367798,1454039437.96,1454039437.99,-13596.0,-1428.0,7014.0,-28.0,17.0,-3.26585365854,0.100057125092,1454039437.99,-69.0,-7.74074406362
267,133,126,230,29,402,1,185.66998291,87.6998291016,1454039438.01,1454039438.04,-13596.0,-1428.0,7014.0,-28.0,17.0,-3.26585365854,0.100057125092,1454039437.99,-69.0,-7.74074406362
268,135,124,232,27,403,1,185.550613403,87.8207626343,1454039438.06,1454039438.08,-13562.0,-1280.0,6918.0,-27.0,13.0,-0.217073170732,0.102445840836,1454039438.1,-18.0,-7.91914974742
269,135,123,231,27,404,1,185.436019897,87.8084487915,1454039438.1,1454039438.13,-13562.0,-1280.0,6918.0,-27.0,13.0,-0.217073170732,0.102445840836,1454039438.1,-18.0,-7.91914974742
270,133,124,230,27,405,1,185.302688599,87.8999252319,1454039438.16,1454039438.18,-13600.0,-1236.0,6998.0,-29.0,22.0,-0.156097560976,0.107982158661,1454039438.2,-19.0,-7.939297638
271,132,125,229,28,406,1,185.118667603,87.7292175293,1454039438.21,1454039438.23,-13600.0,-1236.0,6998.0,-29.0,22.0,-0.156097560976,0.107982158661,1454039438.2,-19.0,-7.939297638
272,131,125,229,27,407,1,185.059753418,87.6836471558,1454039438.25,1454039438.28,-13578.0,-1330.0,6970.0,-28.0,15.0,-0.156097560976,0.101701974869,1454039438.31,-18.0,-7.95517306822
273,132,125,230,27,408,1,184.924514771,87.7943344116,1454039438.3,1454039438.32,-13578.0,-1330.0,6970.0,-28.0,15.0,-0.156097560976,0.101701974869,1454039438.31,-18.0,-7.95517306822
274,132,124,229,27,409,1,184.862991333,87.6010360718,1454039438.34,1454039438.37,-13584.0,-1302.0,6946.0,-29.0,18.0,-0.0951219512195,0.104281902313,1454039438.41,-16.0,-7.96827189254
275,130,125,228,27,410,1,184.784133911,87.7204208374,1454039438.47,1454039438.49,-13668.0,-1282.0,6926.0,-30.0,19.0,-0.0341463414634,0.105890989304,1454039438.52,-17.0,-7.97511606623
276,131,126,229,28,411,1,184.740112305,87.6484375,1454039438.52,1454039438.54,-13668.0,-1282.0,6926.0,-30.0,19.0,-0.0341463414634,0.105890989304,1454039438.52,-17.0,-7.97511606623
277,131,124,228,27,412,1,184.597793579,87.508354187,1454039438.56,1454039438.6,-13572.0,-1220.0,6952.0,-31.0,22.0,-0.0341463414634,0.0966229438782,1454039438.61,-16.0,-7.97841538627
278,130,125,228,27,413,1,184.457199097,87.6049499512,1454039438.62,1454039438.65,-13572.0,-1220.0,6952.0,-31.0,22.0,-0.0341463414634,0.0966229438782,1454039438.61,-16.0,-7.97841538627
279,130,123,227,26,414,1,184.196411133,87.5486679077,1454039438.67,1454039438.69,-13480.0,-1182.0,7102.0,-25.0,1.0,0.331707317073,0.101635217667,1454039438.71,-10.0,-7.96329404901
280,131,120,226,25,415,1,180.043502808,87.6103286743,1454039438.72,1454039438.74,-13480.0,-1182.0,7102.0,-25.0,1.0,0.331707317073,0.101635217667,1454039438.71,-10.0,-7.96329404901
281,133,116,223,26,416,1,176.208358765,87.781211853,1454039438.77,1454039438.79,-13632.0,-1246.0,6870.0,-30.0,36.0,0.331707317073,0.106654882431,1454039438.82,-10.0,-7.9279158441
282,-1,-1,-1,-1,417,0,161.849014282,88.9475631714,1454039438.81,1454039438.83,-13632.0,-1246.0,6870.0,-30.0,36.0,0.331707317073,0.106654882431,1454039438.82,-10.0,-7.9279158441
283,-1,-1,-1,-1,418,0,152.653076172,88.8205947876,1454039438.85,1454039438.86,-13632.0,-1246.0,6870.0,-30.0,36.0,0.331707317073,0.106654882431,1454039438.82,-10.0,-7.9279158441
284,-1,-1,-1,-1,419,0,159.520812988,95.8536605835,1454039438.88,1454039438.9,-13708.0,-612.0,6880.0,-30.0,2.0,2.6487804878,0.0983290672302,1454039438.92,77.0,-7.78138155123
285,-1,-1,-1,-1,420,0,152.214172363,50.8012237549,1454039438.92,1454039438.93,-13708.0,-612.0,6880.0,-30.0,2.0,2.6487804878,0.0983290672302,1454039438.92,77.0,-7.78138155123
286,-1,-1,-1,-1,421,0,151.703140259,52.4621162415,1454039438.95,1454039438.96,-13708.0,-612.0,6880.0,-30.0,2.0,2.6487804878,0.0983290672302,1454039438.92,77.0,-7.78138155123
287,-1,-1,-1,-1,422,0,149.148803711,53.0366325378,1454039438.99,1454039439.0,-13614.0,-692.0,6878.0,-26.0,21.0,2.6487804878,0.104110956192,1454039439.02,28.0,-7.5056144819
288,-1,-1,-1,-1,423,0,146.433395386,53.3540840149,1454039439.02,1454039439.03,-13614.0,-692.0,6878.0,-26.0,21.0,2.6487804878,0.104110956192,1454039439.02,28.0,-7.5056144819
289,-1,-1,-1,-1,424,0,144.97833252,53.6900596619,1454039439.06,1454039439.06,-13614.0,-692.0,6878.0,-26.0,21.0,2.6487804878,0.104110956192,1454039439.02,28.0,-7.5056144819
290,-1,-1,-1,-1,425,0,143.621170044,54.1368141174,1454039439.09,1454039439.1,-13580.0,-1018.0,6930.0,-28.0,17.0,0.270731707317,0.104924917221,1454039439.13,-16.0,-7.3524496942
291,-1,-1,-1,-1,426,0,138.07019043,16.8778877258,1454039439.12,1454039439.13,-13580.0,-1018.0,6930.0,-28.0,17.0,0.270731707317,0.104924917221,1454039439.13,-16.0,-7.3524496942
292,-1,-1,-1,-1,453,0,175.399993896,99.0,1454039439.15,1454039440.05,-13520.0,-1198.0,6942.0,-36.0,16.0,-7.22926829268,0.106106996536,1454039440.06,-134.0,-7.73700223347
293,127,114,216,25,454,1,176.809921265,98.6874008179,1454039440.08,1454039440.1,-13520.0,-1198.0,6942.0,-36.0,16.0,-7.22926829268,0.106106996536,1454039440.06,-134.0,-7.73700223347
294,130,113,219,24,455,1,177.868804932,98.7424468994,1454039440.13,1454039440.16,-13636.0,-1238.0,6838.0,-33.0,20.0,-17.0463414634,0.102521896362,1454039440.16,-310.0,-8.98139300724
295,130,114,218,26,456,1,178.811538696,99.0935592651,1454039440.18,1454039440.2,-13636.0,-1238.0,6838.0,-33.0,20.0,-17.0463414634,0.102521896362,1454039440.16,-310.0,-8.98139300724
296,130,115,220,25,457,1,179.654571533,99.0497589111,1454039440.23,1454039440.25,-13494.0,-2010.0,6996.0,-34.0,17.0,-17.9609756098,0.102122068405,1454039440.26,-295.0,-10.7689028217
297,129,118,221,26,458,1,181.03616333,98.8971862793,1454039440.28,1454039440.31,-13494.0,-2010.0,6996.0,-34.0,17.0,-17.9609756098,0.102122068405,1454039440.26,-295.0,-10.7689028217
298,129,119,221,27,459,1,181.534988403,99.0970458984,1454039440.33,1454039440.37,-13428.0,-2344.0,6916.0,-35.0,23.0,-17.0463414634,0.102297067642,1454039440.37,-324.0,-12.559475763
299,128,118,222,24,460,1,182.165008545,98.6436843872,1454039440.4,1454039440.42,-13428.0,-2344.0,6916.0,-35.0,23.0,-17.0463414634,0.102297067642,1454039440.37,-324.0,-12.559475763
300,129,118,223,24,461,1,182.250061035,98.8650741577,1454039440.45,1454039440.48,-13432.0,-3002.0,6980.0,-32.0,19.0,-15.2780487805,0.115392923355,1454039440.48,-266.0,-14.4244787059
301,127,119,221,25,462,1,182.228607178,98.8865966797,1454039440.5,1454039440.52,-13432.0,-3002.0,6980.0,-32.0,19.0,-15.2780487805,0.115392923355,1454039440.48,-266.0,-14.4244787059
302,128,117,222,23,463,1,182.507476807,98.8311157227,1454039440.55,1454039440.57,-13276.0,-3492.0,6944.0,-30.0,12.0,-7.9,0.0932769775391,1454039440.57,-145.0,-15.5054678737
303,130,118,223,25,464,1,182.830718994,98.815574646,1454039440.59,1454039440.62,-13276.0,-3492.0,6944.0,-30.0,12.0,-7.9,0.0932769775391,1454039440.57,-145.0,-15.5054678737
304,131,117,223,25,465,1,183.046218872,98.8200531006,1454039440.64,1454039440.67,-13374.0,-3304.0,6868.0,-29.0,15.0,-1.3756097561,0.10255408287,1454039440.68,-34.0,-15.9810936995
305,130,117,223,24,466,1,183.457473755,99.0868148804,1454039440.71,1454039440.73,-13374.0,-3304.0,6868.0,-29.0,15.0,-1.3756097561,0.10255408287,1454039440.68,-34.0,-15.9810936995
306,128,119,222,25,467,1,183.639602661,99.2202606201,1454039440.76,1454039440.78,-13362.0,-3098.0,6928.0,-27.0,15.0,-1.3756097561,0.102170944214,1454039440.78,-38.0,-16.1216410471
307,129,120,223,26,468,1,183.742095947,99.6418457031,1454039440.8,1454039440.82,-13362.0,-3098.0,6928.0,-27.0,15.0,-1.3756097561,0.102170944214,1454039440.78,-38.0,-16.1216410471
308,127,120,222,25,469,1,183.877883911,99.6396255493,1454039440.85,1454039440.88,-13252.0,-3228.0,7086.0,-26.0,11.0,-5.64390243902,0.102634906769,1454039440.88,-109.0,-16.481864537
309,130,118,223,25,470,1,184.054779053,100.214134216,1454039440.9,1454039440.93,-13252.0,-3228.0,7086.0,-26.0,11.0,-5.64390243902,0.102634906769,1454039440.88,-109.0,-16.481864537
310,129,119,223,25,471,1,184.323486328,100.251174927,1454039440.95,1454039440.98,-13278.0,-3424.0,6952.0,-32.0,7.0,-5.70487804878,0.103243112564,1454039440.99,-108.0,-17.0677062477
311,130,118,223,25,472,1,184.438262939,100.59866333,1454039441.0,1454039441.02,-13278.0,-3424.0,6952.0,-32.0,7.0,-5.70487804878,0.103243112564,1454039440.99,-108.0,-17.0677062477
312,130,119,223,26,473,1,184.43913269,100.629852295,1454039441.05,1454039441.08,-13136.0,-3708.0,7080.0,-28.0,9.0,-11.8024390244,0.10187792778,1454039441.09,-209.0,-17.9595108399
313,130,118,223,25,474,1,184.421524048,100.607078552,1454039441.1,1454039441.12,-13136.0,-3708.0,7080.0,-28.0,9.0,-11.8024390244,0.10187792778,1454039441.09,-209.0,-17.9595108399
314,130,118,223,25,475,1,184.368362427,100.951843262,1454039441.15,1454039441.17,-13104.0,-3942.0,6990.0,-24.0,4.0,-11.8024390244,0.106367111206,1454039441.19,-253.0,-19.2149021841
315,130,118,223,25,476,1,185.226791382,97.2350387573,1454039441.2,1454039441.22,-13104.0,-3942.0,6990.0,-24.0,4.0,-11.8024390244,0.106367111206,1454039441.19,-253.0,-19.2149021841
316,131,118,224,25,477,1,185.159011841,97.5702438354,1454039441.25,1454039441.27,-13092.0,-4446.0,6920.0,-28.0,7.0,-10.2170731707,0.102236032486,1454039441.3,-183.0,-20.3404959661
317,131,118,223,26,478,1,184.989700317,97.7419662476,1454039441.29,1454039441.32,-13092.0,-4446.0,6920.0,-28.0,7.0,-10.2170731707,0.102236032486,1454039441.3,-183.0,-20.3404959661
318,130,119,222,27,479,1,184.912597656,97.7832107544,1454039441.34,1454039441.37,-12846.0,-4770.0,6654.0,-32.0,25.0,-10.2170731707,0.102200984955,1454039441.4,-168.0,-21.3846909075
319,130,119,222,27,480,1,184.732177734,97.9867019653,1454039441.39,1454039441.43,-12846.0,-4770.0,6654.0,-32.0,25.0,-10.2170731707,0.102200984955,1454039441.4,-168.0,-21.3846909075
320,130,118,223,25,481,1,184.601257324,97.9052963257,1454039441.46,1454039441.49,-12976.0,-4706.0,7128.0,-25.0,12.0,-10.2780487805,0.102856874466,1454039441.5,-184.0,-22.4387230004
321,131,120,223,28,482,1,184.460205078,98.1310195923,1454039441.52,1454039441.54,-12976.0,-4706.0,7128.0,-25.0,12.0,-10.2780487805,0.102856874466,1454039441.5,-184.0,-22.4387230004
322,131,119,223,27,483,1,184.326538086,98.1626358032,1454039441.56,1454039441.59,-12884.0,-5076.0,8026.0,-17.0,13.0,-13.8756097561,0.107262134552,1454039441.61,-243.0,-23.7341094863
323,132,119,224,27,484,1,184.293563843,98.1720275879,1454039441.62,1454039441.64,-12884.0,-5076.0,8026.0,-17.0,13.0,-13.8756097561,0.107262134552,1454039441.61,-243.0,-23.7341094863
324,131,120,223,28,485,1,184.289733887,98.272277832,1454039441.67,1454039441.7,-12704.0,-5454.0,6718.0,-30.0,12.0,-13.8756097561,0.101266860962,1454039441.71,-245.0,-25.1392489302
325,131,120,223,28,486,1,184.320388794,98.2871322632,1454039441.73,1454039441.75,-12704.0,-5454.0,6718.0,-30.0,12.0,-13.8756097561,0.101266860962,1454039441.71,-245.0,-25.1392489302
326,131,120,222,29,487,1,184.242660522,98.2652511597,1454039441.77,1454039441.8,-12144.0,-5798.0,6168.0,-24.0,13.0,-13.2048780488,0.102526187897,1454039441.81,-232.0,-26.5274785208
327,132,118,222,28,488,1,184.236618042,98.3482131958,1454039441.82,1454039441.87,-12702.0,-6458.0,7126.0,-41.0,7.0,-7.29024390244,0.102110862732,1454039441.91,-135.0,-27.5738658129
328,131,119,222,28,489,1,184.156188965,98.2307510376,1454039441.91,1454039441.94,-12702.0,-6458.0,7126.0,-41.0,7.0,-7.29024390244,0.102110862732,1454039441.91,-135.0,-27.5738658129
329,131,119,222,28,490,1,184.077331543,98.3422317505,1454039441.97,1454039441.99,-12342.0,-6204.0,7004.0,-30.0,15.0,-0.887804878049,0.110103130341,1454039442.02,-30.0,-28.0240801983
330,134,117,223,28,491,1,183.918411255,98.4257202148,1454039442.01,1454039442.04,-12342.0,-6204.0,7004.0,-30.0,15.0,-0.887804878049,0.110103130341,1454039442.02,-30.0,-28.0240801983
331,132,118,221,29,492,1,183.821762085,98.4146652222,1454039442.06,1454039442.08,-12460.0,-6012.0,6812.0,-28.0,13.0,-0.887804878049,0.0950617790222,1454039442.12,-21.0,-28.1084765094
332,132,118,222,28,493,1,183.560668945,98.6566467285,1454039442.11,1454039442.13,-12460.0,-6012.0,6812.0,-28.0,13.0,-0.887804878049,0.0950617790222,1454039442.12,-21.0,-28.1084765094
333,132,120,221,31,494,1,183.335128784,98.8357543945,1454039442.16,1454039442.18,-12406.0,-6074.0,7018.0,-30.0,15.0,-0.948780487805,0.102121114731,1454039442.22,-31.0,-28.2022535818
334,132,119,221,30,495,1,183.327835083,98.8255691528,1454039442.22,1454039442.24,-12406.0,-6074.0,7018.0,-30.0,15.0,-0.948780487805,0.102121114731,1454039442.22,-31.0,-28.2022535818
335,133,117,223,27,496,1,183.527175903,98.7347412109,1454039442.26,1454039442.29,-12356.0,-6100.0,7014.0,-30.0,16.0,-0.948780487805,0.10697388649,1454039442.33,-38.0,-28.303748318
336,132,117,222,27,497,1,183.620605469,98.8107833862,1454039442.32,1454039442.34,-12356.0,-6100.0,7014.0,-30.0,16.0,-0.948780487805,0.10697388649,1454039442.33,-38.0,-28.303748318
337,133,117,223,27,498,1,183.751159668,98.689414978,1454039442.36,1454039442.39,-12294.0,-6098.0,6960.0,-30.0,20.0,0.0878048780488,0.102768182755,1454039442.43,-13.0,-28.3479887674
338,133,117,223,27,499,1,183.832275391,98.6860733032,1454039442.41,1454039442.44,-12294.0,-6098.0,6960.0,-30.0,20.0,0.0878048780488,0.102768182755,1454039442.43,-13.0,-28.3479887674
339,132,118,222,28,500,1,183.898147583,98.689781189,1454039442.46,1454039442.48,-12294.0,-6098.0,6960.0,-30.0,20.0,0.0878048780488,0.102768182755,1454039442.43,-13.0,-28.3479887674
340,133,118,224,27,501,1,183.930236816,98.6990737915,1454039442.5,1454039442.53,-12422.0,-6158.0,6948.0,-33.0,22.0,0.148780487805,0.101527929306,1454039442.53,-14.0,-28.3359787563
341,132,118,222,28,502,1,184.007095337,98.6913375854,1454039442.55,1454039442.58,-12422.0,-6158.0,6948.0,-33.0,22.0,0.148780487805,0.101527929306,1454039442.53,-14.0,-28.3359787563
342,134,117,224,27,503,1,184.185974121,98.7355651855,1454039442.6,1454039442.62,-12408.0,-6078.0,6952.0,-29.0,21.0,0.392682926829,0.102684020996,1454039442.63,-9.0,-28.308178936
343,132,118,222,28,504,1,184.268997192,98.7063598633,1454039442.64,1454039442.67,-12408.0,-6078.0,6952.0,-29.0,21.0,0.392682926829,0.102684020996,1454039442.63,-9.0,-28.308178936
344,134,118,224,28,505,1,184.44128418,98.8181991577,1454039442.69,1454039442.72,-12458.0,-5962.0,6786.0,-24.0,19.0,1.00243902439,0.103960990906,1454039442.74,1.0,-28.2356598057
345,132,119,223,28,506,1,184.480285645,98.809425354,1454039442.74,1454039442.77,-12458.0,-5962.0,6786.0,-24.0,19.0,1.00243902439,0.103960990906,1454039442.74,1.0,-28.2356598057
346,133,118,224,27,507,1,184.47064209,98.7477493286,1454039442.79,1454039442.82,-12568.0,-6172.0,6910.0,-31.0,15.0,5.27073170732,0.100539922714,1454039442.84,71.0,-27.9203077555
347,132,119,223,28,508,1,184.42956543,98.8464279175,1454039442.85,1454039442.87,-12568.0,-6172.0,6910.0,-31.0,15.0,5.27073170732,0.100539922714,1454039442.84,71.0,-27.9203077555
348,133,118,223,28,509,1,184.368408203,98.8201675415,1454039442.89,1454039442.92,-12454.0,-5858.0,6932.0,-31.0,17.0,9.29512195122,0.108345031738,1454039442.95,137.0,-27.131238817
349,132,120,223,29,510,1,184.332595825,98.7932662964,1454039442.94,1454039442.97,-12454.0,-5858.0,6932.0,-31.0,17.0,9.29512195122,0.108345031738,1454039442.95,137.0,-27.131238817
350,132,120,223,29,511,1,184.367904663,98.8653945923,1454039442.99,1454039443.02,-12620.0,-5606.0,6954.0,-26.0,14.0,12.4658536585,0.100942134857,1454039443.05,190.0,-26.0329391497
351,132,119,223,28,512,1,184.415542603,98.7515487671,1454039443.04,1454039443.06,-12620.0,-5606.0,6954.0,-26.0,14.0,12.4658536585,0.100942134857,1454039443.05,190.0,-26.0329391497
352,132,120,223,29,513,1,184.420516968,98.7723617554,1454039443.09,1454039443.11,-12686.0,-5200.0,6994.0,-27.0,18.0,12.5268292683,0.10195183754,1454039443.15,189.0,-24.758914175
353,132,121,223,30,518,1,180.0,103.666664124,1454039443.14,1454039443.36,-12868.0,-4438.0,6758.0,-30.0,7.0,17.2219512195,0.102169036865,1454039443.36,267.0,-21.9487570585
354,132,117,223,26,519,1,180.178344727,103.520233154,1454039443.38,1454039443.41,-12902.0,-3532.0,7022.0,-31.0,9.0,17.2219512195,0.102365016937,1454039443.46,281.0,-20.1858317302
355,131,119,223,27,520,1,180.271484375,103.737419128,1454039443.43,1454039443.46,-12902.0,-3532.0,7022.0,-31.0,9.0,17.2219512195,0.102365016937,1454039443.46,281.0,-20.1858317302
356,132,118,222,28,521,1,180.386489868,103.859367371,1454039443.49,1454039443.51,-12902.0,-3532.0,7022.0,-31.0,9.0,17.2219512195,0.102365016937,1454039443.46,281.0,-20.1858317302
357,133,118,225,26,522,1,180.527175903,103.555480957,1454039443.54,1454039443.56,-13146.0,-3788.0,6938.0,-25.0,14.0,12.7707317073,0.106603860855,1454039443.56,194.0,-18.5871638315
358,135,119,226,28,523,1,181.278213501,103.826530457,1454039443.64,1454039443.67,-12926.0,-3698.0,7016.0,-19.0,7.0,11.0634146341,0.102250099182,1454039443.67,145.0,-17.3686419179
359,133,119,225,27,524,1,181.476074219,103.469154358,1454039443.69,1454039443.71,-12926.0,-3698.0,7016.0,-19.0,7.0,11.0634146341,0.102250099182,1454039443.67,145.0,-17.3686419179
360,133,120,226,27,525,1,181.965408325,103.811767578,1454039443.74,1454039443.77,-13220.0,-3456.0,7018.0,-20.0,3.0,11.0634146341,0.1028008461,1454039443.77,166.0,-16.2313135327
361,133,121,226,28,526,1,182.138717651,103.745689392,1454039443.79,1454039443.81,-13220.0,-3456.0,7018.0,-20.0,3.0,11.0634146341,0.1028008461,1454039443.77,166.0,-16.2313135327
362,133,121,226,28,527,1,182.450149536,103.703575134,1454039443.84,1454039443.86,-13180.0,-3110.0,7202.0,-27.0,14.0,14.6,0.102889060974,1454039443.87,224.0,-14.9110712162
363,134,121,227,28,528,1,182.773605347,103.783752441,1454039443.89,1454039443.91,-13180.0,-3110.0,7202.0,-27.0,14.0,14.6,0.102889060974,1454039443.87,224.0,-14.9110712162
364,134,120,228,26,529,1,182.818191528,103.884895325,1454039443.93,1454039443.96,-13250.0,-2652.0,7122.0,-26.0,21.0,19.2341463415,0.105293989182,1454039443.98,300.0,-13.1298050968
365,134,122,228,28,530,1,183.099533081,103.926643372,1454039444.0,1454039444.03,-13250.0,-2652.0,7122.0,-26.0,21.0,19.2341463415,0.105293989182,1454039443.98,300.0,-13.1298050968
366,133,124,228,29,531,1,183.191879272,103.99521637,1454039444.05,1454039444.08,-13468.0,-2236.0,7066.0,-28.0,21.0,19.2341463415,0.103584051132,1454039444.08,303.0,-11.1374542986
367,134,122,228,28,532,1,183.42137146,103.879302979,1454039444.11,1454039444.13,-13606.0,-1384.0,6854.0,-29.0,22.0,10.2097560976,0.101913928986,1454039444.18,152.0,-9.63708240753
368,133,124,228,29,533,1,183.554611206,104.07447052,1454039444.15,1454039444.18,-13606.0,-1384.0,6854.0,-29.0,22.0,10.2097560976,0.101913928986,1454039444.18,152.0,-9.63708240753
369,134,123,228,29,534,1,183.863357544,104.076507568,1454039444.2,1454039444.23,-13606.0,-1384.0,6854.0,-29.0,22.0,10.2097560976,0.101913928986,1454039444.18,152.0,-9.63708240753
370,135,123,229,29,535,1,184.270812988,104.304962158,1454039444.25,1454039444.28,-13538.0,-1518.0,6964.0,-27.0,9.0,9.84390243902,0.100636959076,1454039444.28,94.0,-8.6280128008
371,133,125,228,30,536,1,184.457214355,104.421844482,1454039444.3,1454039444.33,-13538.0,-1518.0,6964.0,-27.0,9.0,9.84390243902,0.100636959076,1454039444.28,94.0,-8.6280128008
372,133,124,229,28,537,1,184.91418457,104.264778137,1454039444.35,1454039444.38,-13516.0,-1260.0,7168.0,-28.0,16.0,9.84390243902,0.104401111603,1454039444.39,146.0,-7.60029844365
373,132,126,228,30,538,1,185.049072266,104.588340759,1454039444.4,1454039444.42,-13516.0,-1260.0,7168.0,-28.0,16.0,9.84390243902,0.104401111603,1454039444.39,146.0,-7.60029844365
374,132,126,228,30,539,1,185.365478516,104.4114151,1454039444.45,1454039444.48,-13536.0,-858.0,6996.0,-28.0,19.0,12.2829268293,0.102346897125,1454039444.49,186.0,-6.46799228424
375,134,125,229,30,540,1,185.63899231,104.526023865,1454039444.5,1454039444.53,-13536.0,-858.0,6996.0,-28.0,19.0,12.2829268293,0.102346897125,1454039444.49,186.0,-6.46799228424
376,135,124,231,28,541,1,186.05090332,104.775024414,1454039444.55,1454039444.58,-13480.0,-438.0,6970.0,-29.0,16.0,12.2829268293,0.102122068405,1454039444.59,186.0,-5.21363439037
377,135,125,231,29,542,1,186.297805786,104.632072449,1454039444.6,1454039444.62,-13480.0,-438.0,6970.0,-29.0,16.0,12.2829268293,0.102122068405,1454039444.59,186.0,-5.21363439037
378,135,125,231,29,543,1,186.523788452,105.082855225,1454039444.64,1454039444.68,-13550.0,-460.0,7028.0,-34.0,13.0,12.2829268293,0.102560997009,1454039444.7,173.0,-3.95388516856
379,135,125,231,29,544,1,186.610488892,105.008781433,1454039444.71,1454039444.75,-13550.0,-460.0,7028.0,-34.0,13.0,12.2829268293,0.102560997009,1454039444.7,173.0,-3.95388516856
380,136,124,232,28,545,1,186.805252075,105.095214844,1454039444.77,1454039444.8,-13546.0,-408.0,7014.0,-31.0,22.0,22.0390243902,0.107630968094,1454039444.8,346.0,-2.10683275025
381,135,125,231,29,546,1,186.794555664,105.204856873,1454039444.82,1454039444.85,-13546.0,-408.0,7014.0,-31.0,22.0,22.0390243902,0.107630968094,1454039444.8,346.0,-2.10683275025
382,135,125,231,29,547,1,186.958084106,105.140869141,1454039444.87,1454039444.89,-13330.0,1992.0,6986.0,-28.0,17.0,23.6853658537,0.101243019104,1454039444.9,440.0,0.20780490724
383,135,125,231,29,548,1,187.040405273,105.278961182,1454039444.92,1454039444.94,-13330.0,1992.0,6986.0,-28.0,17.0,23.6853658537,0.101243019104,1454039444.9,440.0,0.20780490724
384,136,128,233,31,561,1,192.75,106.75,1454039444.96,1454039445.6,-12388.0,5412.0,7190.0,-25.0,18.0,26.5512195122,0.101566076279,1454039445.62,422.0,20.0696436699
385,137,128,234,31,562,1,192.893264771,106.891235352,1454039445.63,1454039445.65,-12388.0,5412.0,7190.0,-25.0,18.0,26.5512195122,0.101566076279,1454039445.62,422.0,20.0696436699
386,137,127,234,30,563,1,192.886047363,106.870506287,1454039445.67,1454039445.7,-12066.0,6432.0,7112.0,-26.0,18.0,17.9536585366,0.103259086609,1454039445.73,279.0,22.3674101984
387,137,127,235,29,564,1,192.756561279,106.9974823,1454039445.72,1454039445.74,-12066.0,6432.0,7112.0,-26.0,18.0,17.9536585366,0.103259086609,1454039445.73,279.0,22.3674101984
388,135,124,233,26,566,1,192.75,107.0,1454039445.76,1454039445.84,-12032.0,6374.0,6950.0,-28.0,24.0,8.6243902439,0.102227926254,1454039445.83,105.0,23.7259196037
389,137,127,234,30,567,1,192.697341919,107.111557007,1454039445.87,1454039445.9,-11886.0,6580.0,7010.0,-28.0,23.0,8.6243902439,0.105330944061,1454039445.94,126.0,24.6343347701
390,135,129,235,29,575,1,194.0,87.0,1454039445.92,1454039446.29,-11542.0,6902.0,7166.0,-28.0,12.0,-0.521951219512,0.109251022339,1454039446.25,-24.0,26.5349061978
391,137,127,235,29,576,1,193.694732666,87.037979126,1454039446.32,1454039446.34,-11780.0,7844.0,6824.0,-30.0,9.0,-7.83902439024,0.0966989994049,1454039446.35,-180.0,26.13065721
392,138,127,235,30,577,1,193.420028687,87.2384033203,1454039446.37,1454039446.4,-11854.0,6470.0,7064.0,-26.0,21.0,-7.83902439024,0.106068134308,1454039446.45,-144.0,25.2991865181
393,138,127,235,30,578,1,193.219528198,87.1673278809,1454039446.43,1454039446.46,-11854.0,6470.0,7064.0,-26.0,21.0,-7.83902439024,0.106068134308,1454039446.45,-144.0,25.2991865181
394,136,126,232,30,579,1,192.665771484,87.2371063232,1454039446.48,1454039446.5,-11854.0,6470.0,7064.0,-26.0,21.0,-7.83902439024,0.106068134308,1454039446.45,-144.0,25.2991865181
395,136,126,232,30,580,1,191.972320557,87.1306533813,1454039446.53,1454039446.55,-11862.0,6362.0,7054.0,-30.0,19.0,-3.81463414634,0.103096961975,1454039446.56,-78.0,24.6984581226
396,136,125,231,30,581,1,191.378387451,87.2946166992,1454039446.58,1454039446.6,-11862.0,6362.0,7054.0,-30.0,19.0,-3.81463414634,0.103096961975,1454039446.56,-78.0,24.6984581226
397,136,125,232,29,582,1,190.969802856,87.0374450684,1454039446.62,1454039446.65,-11930.0,6550.0,6944.0,-29.0,14.0,-1.61951219512,0.10146689415,1454039446.66,-17.0,24.4227651468
398,134,130,229,35,587,1,190.0,107.25,1454039446.67,1454039446.88,-12014.0,6678.0,7054.0,-29.0,19.0,-8.75365853659,0.103181123734,1454039446.86,-159.0,23.7227183746
399,136,125,232,29,588,1,189.982955933,107.283721924,1454039446.9,1454039446.93,-12084.0,6426.0,6990.0,-37.0,1.0,-18.6317073171,0.102343797684,1454039446.96,-321.0,22.3213572034
400,134,128,229,33,592,1,192.0,105.333335876,1454039446.95,1454039447.11,-12324.0,6076.0,7024.0,-31.0,13.0,-23.9975609756,0.10672712326,1454039447.07,-409.0,20.0465076176
401,141,122,238,25,605,1,183.666671753,87.6666641235,1454039447.14,1454039447.79,-13400.0,2412.0,6880.0,-20.0,24.0,2.34390243902,0.0984630584717,1454039447.79,23.0,7.54883446461
402,139,123,231,31,606,1,184.140808105,88.234375,1454039447.81,1454039447.83,-13400.0,2412.0,6880.0,-20.0,24.0,2.34390243902,0.0984630584717,1454039447.79,23.0,7.54883446461
403,138,124,230,32,607,1,184.252197266,88.2947769165,1454039447.86,1454039447.88,-13390.0,2870.0,6850.0,-33.0,13.0,2.34390243902,0.102510929108,1454039447.89,27.0,7.78911008137
404,138,124,230,32,608,1,184.497070312,88.3795089722,1454039447.93,1454039447.96,-13378.0,2704.0,6976.0,-31.0,10.0,0.331707317073,0.102188110352,1454039448.0,-30.0,7.92581783388
405,138,124,231,31,609,1,184.629684448,88.3651733398,1454039447.98,1454039448.04,-13378.0,2704.0,6976.0,-31.0,10.0,0.331707317073,0.102188110352,1454039448.0,-30.0,7.92581783388
406,138,125,231,32,610,1,185.070556641,88.5177307129,1454039448.06,1454039448.09,-13256.0,2656.0,7054.0,-27.0,29.0,0.331707317073,0.102824926376,1454039448.1,-10.0,7.95992561433
407,137,126,230,33,611,1,185.203063965,88.4506835938,1454039448.11,1454039448.13,-13256.0,2656.0,7054.0,-27.0,29.0,0.331707317073,0.102824926376,1454039448.1,-10.0,7.95992561433
408,137,127,231,33,612,1,185.345947266,88.649055481,1454039448.16,1454039448.18,-13294.0,2768.0,6946.0,-29.0,12.0,0.453658536585,0.102144956589,1454039448.2,-8.0,8.00003619485
409,138,126,232,32,613,1,185.408157349,88.705657959,1454039448.2,1454039448.23,-13294.0,2768.0,6946.0,-29.0,12.0,0.453658536585,0.102144956589,1454039448.2,-8.0,8.00003619485
410,138,127,238,27,617,1,192.0,84.5,1454039448.25,1454039448.44,-13322.0,2868.0,6878.0,-27.0,15.0,1.5512195122,0.103926897049,1454039448.41,10.0,8.26639054403
411,136,127,230,33,618,1,191.554870605,84.1399612427,1454039448.47,1454039448.5,-13210.0,2782.0,7046.0,-32.0,12.0,1.5512195122,0.102508068085,1454039448.51,-18.0,8.4254030594
412,137,125,230,32,619,1,191.403106689,84.1947937012,1454039448.52,1454039448.55,-13210.0,2782.0,7046.0,-32.0,12.0,1.5512195122,0.102508068085,1454039448.51,-18.0,8.4254030594
413,138,125,231,32,620,1,191.327178955,84.296043396,1454039448.57,1454039448.6,-13326.0,2670.0,6854.0,-31.0,22.0,2.6487804878,0.105480909348,1454039448.62,28.0,8.64691296903
414,138,125,231,32,621,1,186.739761353,86.7460708618,1454039448.68,1454039448.7,-13260.0,3030.0,6952.0,-30.0,13.0,2.6487804878,0.0990290641785,1454039448.72,40.0,8.90921922195
415,138,125,231,32,622,1,186.757675171,86.830406189,1454039448.72,1454039448.75,-13260.0,3030.0,6952.0,-30.0,13.0,2.6487804878,0.0990290641785,1454039448.72,40.0,8.90921922195
416,132,129,230,31,627,1,187.333328247,111.0,1454039448.77,1454039449.03,-13328.0,2974.0,6894.0,-29.0,20.0,-0.0951219512195,0.102680921555,1454039449.03,-17.0,9.03897912793
417,138,125,230,33,628,1,187.297195435,111.016418457,1454039449.06,1454039449.08,-13328.0,2974.0,6894.0,-29.0,20.0,-0.0951219512195,0.102680921555,1454039449.03,-17.0,9.03897912793
418,138,125,230,33,629,1,187.251159668,110.997688293,1454039449.1,1454039449.13,-13280.0,3162.0,6900.0,-29.0,7.0,-0.887804878049,0.102801084518,1454039449.13,-30.0,8.9884561559
419,138,124,230,32,630,1,187.306015015,111.084022522,1454039449.15,1454039449.17,-13280.0,3162.0,6900.0,-29.0,7.0,-0.887804878049,0.102801084518,1454039449.13,-30.0,8.9884561559
420,138,124,230,32,631,1,187.388137817,110.949645996,1454039449.19,1454039449.23,-12950.0,3908.0,7194.0,-27.0,17.0,-6.61951219512,0.102579116821,1454039449.23,-155.0,8.60340917837
421,138,124,230,32,632,1,187.129043579,111.070457458,1454039449.27,1454039449.3,-13362.0,2488.0,6868.0,-23.0,22.0,-6.61951219512,0.112638950348,1454039449.35,-124.0,7.8577942729
422,138,125,230,33,633,1,187.136657715,111.098876953,1454039449.33,1454039449.35,-13362.0,2488.0,6868.0,-23.0,22.0,-6.61951219512,0.112638950348,1454039449.35,-124.0,7.8577942729
423,137,127,231,33,638,1,185.666671753,96.0,1454039449.38,1454039449.65,-13426.0,1900.0,6826.0,-25.0,22.0,-8.4487804878,0.102425813675,1454039449.65,-166.0,5.58948464597
424,139,124,231,32,639,1,185.656616211,95.7975158691,1454039449.67,1454039449.7,-13426.0,1900.0,6826.0,-25.0,22.0,-8.4487804878,0.102425813675,1454039449.65,-166.0,5.58948464597
425,139,124,230,33,640,1,185.603683472,95.8820571899,1454039449.72,1454039449.74,-13500.0,1640.0,6924.0,-29.0,19.0,-7.22926829268,0.103446006775,1454039449.75,-134.0,4.77856887579
426,138,124,230,32,641,1,185.573104858,95.7892456055,1454039449.77,1454039449.79,-13500.0,1640.0,6924.0,-29.0,19.0,-7.22926829268,0.103446006775,1454039449.75,-134.0,4.77856887579
427,138,125,230,33,642,1,185.538375854,95.9123535156,1454039449.82,1454039449.84,-13490.0,1630.0,6900.0,-29.0,16.0,-0.156097560976,0.10161113739,1454039449.85,-17.0,4.40335116357
428,138,125,230,33,643,1,185.413757324,95.7572860718,1454039449.87,1454039449.89,-13490.0,1630.0,6900.0,-29.0,16.0,-0.156097560976,0.10161113739,1454039449.85,-17.0,4.40335116357
429,138,125,229,34,644,1,185.192855835,95.8478469849,1454039449.91,1454039449.94,-13482.0,1708.0,6988.0,-28.0,13.0,-0.0951219512195,0.10611987114,1454039449.96,-18.0,4.39002147244
430,136,125,228,33,645,1,185.099975586,95.7425765991,1454039449.96,1454039449.99,-13482.0,1708.0,6988.0,-28.0,13.0,-0.0951219512195,0.10611987114,1454039449.96,-18.0,4.39002147244
431,138,124,229,33,646,1,184.757629395,95.8331604004,1454039450.01,1454039450.03,-13548.0,1736.0,6918.0,-29.0,9.0,-0.0951219512195,0.0988681316376,1454039450.06,-14.0,4.38061694285
432,137,124,227,34,647,1,184.607711792,95.7182006836,1454039450.06,1454039450.09,-13548.0,1736.0,6918.0,-29.0,9.0,-0.0951219512195,0.0988681316376,1454039450.06,-14.0,4.38061694285
433,136,126,228,34,652,1,185.600006104,87.0,1454039450.11,1454039450.32,-13336.0,1740.0,7172.0,-35.0,-23.0,-0.0951219512195,0.101756095886,1454039450.27,-17.0,4.36072828014
434,137,123,227,33,653,1,185.491668701,87.9371185303,1454039450.35,1454039450.37,-14664.0,1782.0,5828.0,-21.0,48.0,-0.0951219512195,0.102123975754,1454039450.37,-13.0,4.3510140483
435,134,115,228,21,658,1,175.5,102.75,1454039450.4,1454039450.72,-13664.0,1698.0,6832.0,-24.0,28.0,-0.278048780488,0.102435827255,1454039450.68,-20.0,4.31889316774
436,133,117,223,27,659,1,175.278411865,102.465209961,1454039450.74,1454039450.77,-13628.0,1844.0,7060.0,-29.0,-3.0,-0.278048780488,0.106883049011,1454039450.79,-30.0,4.28917446631
437,133,116,223,26,660,1,175.148208618,102.55166626,1454039450.8,1454039450.83,-13628.0,1844.0,7060.0,-29.0,-3.0,-0.278048780488,0.106883049011,1454039450.79,-30.0,4.28917446631
438,130,120,222,28,663,1,174.5,103.0,1454039450.86,1454039451.03,-13152.0,1680.0,7450.0,-30.0,19.0,0.0878048780488,0.101181983948,1454039450.99,-22.0,4.23956452899
439,134,116,222,28,664,1,174.750228882,103.108520508,1454039451.05,1454039451.08,-13734.0,1914.0,6712.0,-31.0,20.0,0.0268292682927,0.102380037308,1454039451.09,-14.0,4.24543265308
440,134,116,222,28,665,1,175.030227661,103.066352844,1454039451.1,1454039451.13,-13734.0,1914.0,6712.0,-31.0,20.0,0.0268292682927,0.102380037308,1454039451.09,-14.0,4.24543265308
441,133,116,222,27,666,1,175.150726318,103.11428833,1454039451.15,1454039451.18,-13374.0,1640.0,7290.0,-30.0,21.0,0.0268292682927,0.106353998184,1454039451.2,-15.0,4.24828605303
442,133,116,222,27,667,1,175.164764404,103.202705383,1454039451.2,1454039451.22,-13374.0,1640.0,7290.0,-30.0,21.0,0.0268292682927,0.106353998184,1454039451.2,-15.0,4.24828605303
443,133,117,222,28,668,1,174.867172241,102.68221283,1454039451.25,1454039451.27,-13352.0,1700.0,7134.0,-29.0,16.0,0.0,0.101996898651,1454039451.3,-19.0,4.24965430411
